{"timestamp":"2026-08-18T21:15:37.715590Z","level":"info","event":"Filling up the DagBag from /opt/airflow/dags/stocks_etl_dag.py","logger":"airflow.dag_processing.dagbag.BundleDagBag","filename":"dagbag.py","lineno":460}
{"timestamp":"2026-08-18T21:15:40.302617Z","level":"info","event":"Pyspark imported, version: 3.5.2","logger":"unusual_prefix_377e48747e3957bb035dd88b74b86ec1d0ec8c25_stocks_etl_dag","filename":"stocks_etl_dag.py","lineno":24}
{"timestamp":"2026-08-18T21:16:07.766221Z","level":"error","event":"Process timed out, PID: 34","logger":"airflow.dag_processing.importers.python_importer","filename":"python_importer.py","lineno":62}
{"timestamp":"2026-08-18T21:16:07.766986Z","level":"error","event":"Failed to import: /opt/airflow/dags/stocks_etl_dag.py","logger":"airflow.dag_processing.importers.python_importer","filename":"python_importer.py","lineno":244,"error_detail":[{"exc_type":"AirflowTaskTimeout","exc_value":"DagBag import timeout for /opt/airflow/dags/stocks_etl_dag.py after 30.0s.\nPlease take a look at these docs to improve your DAG import time:\n* https://airflow.apache.org/docs/apache-airflow/3.3.0/best-practices.html#top-level-python-code\n* https://airflow.apache.org/docs/apache-airflow/3.3.0/best-practices.html#reducing-dag-complexity, PID: 34","exc_notes":[],"syntax_error":null,"is_cause":false,"frames":[{"filename":"/home/airflow/.local/lib/python3.13/site-packages/airflow/dag_processing/importers/python_importer.py","lineno":238,"name":"parse"},{"filename":"<frozen importlib._bootstrap_external>","lineno":1023,"name":"exec_module"},{"filename":"<frozen importlib._bootstrap>","lineno":488,"name":"_call_with_frames_removed"},{"filename":"/opt/airflow/dags/stocks_etl_dag.py","lineno":31,"name":"<module>"},{"filename":"/opt/airflow/scripts/stock_etl.py","lineno":8,"name":"<module>"},{"filename":"/home/airflow/.local/lib/python3.13/site-packages/yfinance/__init__.py","lineno":26,"name":"<module>"},{"filename":"/home/airflow/.local/lib/python3.13/site-packages/yfinance/calendars.py","lineno":6,"name":"<module>"},{"filename":"/home/airflow/.local/lib/python3.13/site-packages/requests/__init__.py","lineno":50,"name":"<module>"},{"filename":"/home/airflow/.local/lib/python3.13/site-packages/charset_normalizer/__init__.py","lineno":26,"name":"<module>"},{"filename":"/home/airflow/.local/lib/python3.13/site-packages/charset_normalizer/api.py","lineno":7,"name":"<module>"},{"filename":"/opt/airflow/src/charset_normalizer/cd.py","lineno":18,"name":"<module>"},{"filename":"/opt/airflow/src/charset_normalizer/md.py","lineno":33,"name":"<module>"},{"filename":"/home/airflow/.local/lib/python3.13/site-packages/charset_normalizer/utils.py","lineno":13,"name":"<module>"},{"filename":"/home/airflow/.local/lib/python3.13/site-packages/airflow/dag_processing/importers/python_importer.py","lineno":65,"name":"handle_timeout"}],"is_group":false,"exceptions":[]}]}
{"timestamp":"2026-08-18T21:16:07.771494Z","level":"error","event":"Error loading DAG from stocks_etl_dag.py: DagBag import timeout for /opt/airflow/dags/stocks_etl_dag.py after 30.0s.\nPlease take a look at these docs to improve your DAG import time:\n* https://airflow.apache.org/docs/apache-airflow/3.3.0/best-practices.html#top-level-python-code\n* https://airflow.apache.org/docs/apache-airflow/3.3.0/best-practices.html#reducing-dag-complexity, PID: 34","logger":"airflow.dag_processing.dagbag.BundleDagBag","filename":"dagbag.py","lineno":319}
{"timestamp":"2026-08-18T21:16:38.304492Z","level":"info","event":"Filling up the DagBag from /opt/airflow/dags/stocks_etl_dag.py","logger":"airflow.dag_processing.dagbag.BundleDagBag","filename":"dagbag.py","lineno":460}
{"timestamp":"2026-08-18T21:16:41.520848Z","level":"info","event":"Pyspark imported, version: 3.5.2","logger":"unusual_prefix_377e48747e3957bb035dd88b74b86ec1d0ec8c25_stocks_etl_dag","filename":"stocks_etl_dag.py","lineno":24}
{"timestamp":"2026-08-18T21:16:49.485781Z","level":"info","event":"ETL function imported succesfully!","logger":"unusual_prefix_377e48747e3957bb035dd88b74b86ec1d0ec8c25_stocks_etl_dag","filename":"stocks_etl_dag.py","lineno":32}
{"timestamp":"2026-08-18T21:16:49.494721Z","level":"info","event":"DAG loaded sucessfully!","logger":"unusual_prefix_377e48747e3957bb035dd88b74b86ec1d0ec8c25_stocks_etl_dag","filename":"stocks_etl_dag.py","lineno":103}
{"timestamp":"2026-08-18T21:17:20.323865Z","level":"info","event":"Filling up the DagBag from /opt/airflow/dags/stocks_etl_dag.py","logger":"airflow.dag_processing.dagbag.BundleDagBag","filename":"dagbag.py","lineno":460}
{"timestamp":"2026-08-18T21:17:20.836231Z","level":"info","event":"Pyspark imported, version: 3.5.2","logger":"unusual_prefix_377e48747e3957bb035dd88b74b86ec1d0ec8c25_stocks_etl_dag","filename":"stocks_etl_dag.py","lineno":24}
{"timestamp":"2026-08-18T21:17:35.537565Z","level":"info","event":"ETL function imported succesfully!","logger":"unusual_prefix_377e48747e3957bb035dd88b74b86ec1d0ec8c25_stocks_etl_dag","filename":"stocks_etl_dag.py","lineno":32}
{"timestamp":"2026-08-18T21:17:35.548211Z","level":"info","event":"DAG loaded sucessfully!","logger":"unusual_prefix_377e48747e3957bb035dd88b74b86ec1d0ec8c25_stocks_etl_dag","filename":"stocks_etl_dag.py","lineno":103}
{"timestamp":"2026-08-18T21:18:06.273039Z","level":"info","event":"Filling up the DagBag from /opt/airflow/dags/stocks_etl_dag.py","logger":"airflow.dag_processing.dagbag.BundleDagBag","filename":"dagbag.py","lineno":460}
{"timestamp":"2026-08-18T21:18:06.596410Z","level":"info","event":"Pyspark imported, version: 3.5.2","logger":"unusual_prefix_377e48747e3957bb035dd88b74b86ec1d0ec8c25_stocks_etl_dag","filename":"stocks_etl_dag.py","lineno":24}
{"timestamp":"2026-08-18T21:18:07.750375Z","level":"info","event":"ETL function imported succesfully!","logger":"unusual_prefix_377e48747e3957bb035dd88b74b86ec1d0ec8c25_stocks_etl_dag","filename":"stocks_etl_dag.py","lineno":32}
{"timestamp":"2026-08-18T21:18:07.755219Z","level":"info","event":"DAG loaded sucessfully!","logger":"unusual_prefix_377e48747e3957bb035dd88b74b86ec1d0ec8c25_stocks_etl_dag","filename":"stocks_etl_dag.py","lineno":103}
{"timestamp":"2026-08-18T21:18:38.472717Z","level":"info","event":"Filling up the DagBag from /opt/airflow/dags/stocks_etl_dag.py","logger":"airflow.dag_processing.dagbag.BundleDagBag","filename":"dagbag.py","lineno":460}
{"timestamp":"2026-08-18T21:18:38.909716Z","level":"info","event":"Pyspark imported, version: 3.5.2","logger":"unusual_prefix_377e48747e3957bb035dd88b74b86ec1d0ec8c25_stocks_etl_dag","filename":"stocks_etl_dag.py","lineno":24}
{"timestamp":"2026-08-18T21:18:41.225384Z","level":"info","event":"ETL function imported succesfully!","logger":"unusual_prefix_377e48747e3957bb035dd88b74b86ec1d0ec8c25_stocks_etl_dag","filename":"stocks_etl_dag.py","lineno":32}
{"timestamp":"2026-08-18T21:18:41.234729Z","level":"info","event":"DAG loaded sucessfully!","logger":"unusual_prefix_377e48747e3957bb035dd88b74b86ec1d0ec8c25_stocks_etl_dag","filename":"stocks_etl_dag.py","lineno":103}
{"timestamp":"2026-08-18T21:19:13.417097Z","level":"info","event":"Filling up the DagBag from /opt/airflow/dags/stocks_etl_dag.py","logger":"airflow.dag_processing.dagbag.BundleDagBag","filename":"dagbag.py","lineno":460}
{"timestamp":"2026-08-18T21:19:18.434800Z","level":"info","event":"Pyspark imported, version: 3.5.2","logger":"unusual_prefix_377e48747e3957bb035dd88b74b86ec1d0ec8c25_stocks_etl_dag","filename":"stocks_etl_dag.py","lineno":24}
{"timestamp":"2026-08-18T21:19:30.101603Z","level":"info","event":"ETL function imported succesfully!","logger":"unusual_prefix_377e48747e3957bb035dd88b74b86ec1d0ec8c25_stocks_etl_dag","filename":"stocks_etl_dag.py","lineno":32}
{"timestamp":"2026-08-18T21:19:30.289127Z","level":"info","event":"DAG loaded sucessfully!","logger":"unusual_prefix_377e48747e3957bb035dd88b74b86ec1d0ec8c25_stocks_etl_dag","filename":"stocks_etl_dag.py","lineno":103}
{"timestamp":"2026-08-18T21:20:01.836032Z","level":"info","event":"Filling up the DagBag from /opt/airflow/dags/stocks_etl_dag.py","logger":"airflow.dag_processing.dagbag.BundleDagBag","filename":"dagbag.py","lineno":460}
{"timestamp":"2026-08-18T21:20:02.949002Z","level":"info","event":"Pyspark imported, version: 3.5.2","logger":"unusual_prefix_377e48747e3957bb035dd88b74b86ec1d0ec8c25_stocks_etl_dag","filename":"stocks_etl_dag.py","lineno":24}
{"timestamp":"2026-08-18T21:20:06.268388Z","level":"info","event":"ETL function imported succesfully!","logger":"unusual_prefix_377e48747e3957bb035dd88b74b86ec1d0ec8c25_stocks_etl_dag","filename":"stocks_etl_dag.py","lineno":32}
{"timestamp":"2026-08-18T21:20:06.284689Z","level":"info","event":"DAG loaded sucessfully!","logger":"unusual_prefix_377e48747e3957bb035dd88b74b86ec1d0ec8c25_stocks_etl_dag","filename":"stocks_etl_dag.py","lineno":103}
{"timestamp":"2026-08-18T21:20:37.618384Z","level":"info","event":"Filling up the DagBag from /opt/airflow/dags/stocks_etl_dag.py","logger":"airflow.dag_processing.dagbag.BundleDagBag","filename":"dagbag.py","lineno":460}
{"timestamp":"2026-08-18T21:20:38.733810Z","level":"info","event":"Pyspark imported, version: 3.5.2","logger":"unusual_prefix_377e48747e3957bb035dd88b74b86ec1d0ec8c25_stocks_etl_dag","filename":"stocks_etl_dag.py","lineno":24}
{"timestamp":"2026-08-18T21:20:40.716737Z","level":"info","event":"ETL function imported succesfully!","logger":"unusual_prefix_377e48747e3957bb035dd88b74b86ec1d0ec8c25_stocks_etl_dag","filename":"stocks_etl_dag.py","lineno":32}
{"timestamp":"2026-08-18T21:20:40.906757Z","level":"info","event":"DAG loaded sucessfully!","logger":"unusual_prefix_377e48747e3957bb035dd88b74b86ec1d0ec8c25_stocks_etl_dag","filename":"stocks_etl_dag.py","lineno":103}
{"timestamp":"2026-08-18T21:21:11.562529Z","level":"info","event":"Filling up the DagBag from /opt/airflow/dags/stocks_etl_dag.py","logger":"airflow.dag_processing.dagbag.BundleDagBag","filename":"dagbag.py","lineno":460}
{"timestamp":"2026-08-18T21:21:11.952393Z","level":"info","event":"Pyspark imported, version: 3.5.2","logger":"unusual_prefix_377e48747e3957bb035dd88b74b86ec1d0ec8c25_stocks_etl_dag","filename":"stocks_etl_dag.py","lineno":24}
{"timestamp":"2026-08-18T21:21:13.859841Z","level":"info","event":"ETL function imported succesfully!","logger":"unusual_prefix_377e48747e3957bb035dd88b74b86ec1d0ec8c25_stocks_etl_dag","filename":"stocks_etl_dag.py","lineno":32}
{"timestamp":"2026-08-18T21:21:13.870822Z","level":"info","event":"DAG loaded sucessfully!","logger":"unusual_prefix_377e48747e3957bb035dd88b74b86ec1d0ec8c25_stocks_etl_dag","filename":"stocks_etl_dag.py","lineno":103}
{"timestamp":"2026-08-18T21:21:44.148302Z","level":"info","event":"Filling up the DagBag from /opt/airflow/dags/stocks_etl_dag.py","logger":"airflow.dag_processing.dagbag.BundleDagBag","filename":"dagbag.py","lineno":460}
{"timestamp":"2026-08-18T21:21:44.859373Z","level":"info","event":"Pyspark imported, version: 3.5.2","logger":"unusual_prefix_377e48747e3957bb035dd88b74b86ec1d0ec8c25_stocks_etl_dag","filename":"stocks_etl_dag.py","lineno":24}
{"timestamp":"2026-08-18T21:21:47.021282Z","level":"info","event":"ETL function imported succesfully!","logger":"unusual_prefix_377e48747e3957bb035dd88b74b86ec1d0ec8c25_stocks_etl_dag","filename":"stocks_etl_dag.py","lineno":32}
{"timestamp":"2026-08-18T21:21:47.031368Z","level":"info","event":"DAG loaded sucessfully!","logger":"unusual_prefix_377e48747e3957bb035dd88b74b86ec1d0ec8c25_stocks_etl_dag","filename":"stocks_etl_dag.py","lineno":103}
{"timestamp":"2026-08-18T21:22:17.351205Z","level":"info","event":"Filling up the DagBag from /opt/airflow/dags/stocks_etl_dag.py","logger":"airflow.dag_processing.dagbag.BundleDagBag","filename":"dagbag.py","lineno":460}
{"timestamp":"2026-08-18T21:22:17.844688Z","level":"info","event":"Pyspark imported, version: 3.5.2","logger":"unusual_prefix_377e48747e3957bb035dd88b74b86ec1d0ec8c25_stocks_etl_dag","filename":"stocks_etl_dag.py","lineno":24}
{"timestamp":"2026-08-18T21:22:19.778264Z","level":"info","event":"ETL function imported succesfully!","logger":"unusual_prefix_377e48747e3957bb035dd88b74b86ec1d0ec8c25_stocks_etl_dag","filename":"stocks_etl_dag.py","lineno":32}
{"timestamp":"2026-08-18T21:22:20.052707Z","level":"info","event":"DAG loaded sucessfully!","logger":"unusual_prefix_377e48747e3957bb035dd88b74b86ec1d0ec8c25_stocks_etl_dag","filename":"stocks_etl_dag.py","lineno":103}
{"timestamp":"2026-08-18T21:22:51.420961Z","level":"info","event":"Filling up the DagBag from /opt/airflow/dags/stocks_etl_dag.py","logger":"airflow.dag_processing.dagbag.BundleDagBag","filename":"dagbag.py","lineno":460}
{"timestamp":"2026-08-18T21:22:52.837657Z","level":"info","event":"Pyspark imported, version: 3.5.2","logger":"unusual_prefix_377e48747e3957bb035dd88b74b86ec1d0ec8c25_stocks_etl_dag","filename":"stocks_etl_dag.py","lineno":24}
{"timestamp":"2026-08-18T21:22:56.270899Z","level":"info","event":"ETL function imported succesfully!","logger":"unusual_prefix_377e48747e3957bb035dd88b74b86ec1d0ec8c25_stocks_etl_dag","filename":"stocks_etl_dag.py","lineno":32}
{"timestamp":"2026-08-18T21:22:56.327312Z","level":"info","event":"DAG loaded sucessfully!","logger":"unusual_prefix_377e48747e3957bb035dd88b74b86ec1d0ec8c25_stocks_etl_dag","filename":"stocks_etl_dag.py","lineno":103}
{"timestamp":"2026-08-18T21:23:27.780256Z","level":"info","event":"Filling up the DagBag from /opt/airflow/dags/stocks_etl_dag.py","logger":"airflow.dag_processing.dagbag.BundleDagBag","filename":"dagbag.py","lineno":460}
{"timestamp":"2026-08-18T21:23:28.283792Z","level":"info","event":"Pyspark imported, version: 3.5.2","logger":"unusual_prefix_377e48747e3957bb035dd88b74b86ec1d0ec8c25_stocks_etl_dag","filename":"stocks_etl_dag.py","lineno":24}
{"timestamp":"2026-08-18T21:23:29.900392Z","level":"info","event":"ETL function imported succesfully!","logger":"unusual_prefix_377e48747e3957bb035dd88b74b86ec1d0ec8c25_stocks_etl_dag","filename":"stocks_etl_dag.py","lineno":32}
{"timestamp":"2026-08-18T21:23:29.917622Z","level":"info","event":"DAG loaded sucessfully!","logger":"unusual_prefix_377e48747e3957bb035dd88b74b86ec1d0ec8c25_stocks_etl_dag","filename":"stocks_etl_dag.py","lineno":103}
{"timestamp":"2026-08-18T21:24:00.273089Z","level":"info","event":"Filling up the DagBag from /opt/airflow/dags/stocks_etl_dag.py","logger":"airflow.dag_processing.dagbag.BundleDagBag","filename":"dagbag.py","lineno":460}
{"timestamp":"2026-08-18T21:24:00.695896Z","level":"info","event":"Pyspark imported, version: 3.5.2","logger":"unusual_prefix_377e48747e3957bb035dd88b74b86ec1d0ec8c25_stocks_etl_dag","filename":"stocks_etl_dag.py","lineno":24}
{"timestamp":"2026-08-18T21:24:02.213249Z","level":"info","event":"ETL function imported succesfully!","logger":"unusual_prefix_377e48747e3957bb035dd88b74b86ec1d0ec8c25_stocks_etl_dag","filename":"stocks_etl_dag.py","lineno":32}
{"timestamp":"2026-08-18T21:24:02.224478Z","level":"info","event":"DAG loaded sucessfully!","logger":"unusual_prefix_377e48747e3957bb035dd88b74b86ec1d0ec8c25_stocks_etl_dag","filename":"stocks_etl_dag.py","lineno":103}
{"timestamp":"2026-08-18T21:24:33.070075Z","level":"info","event":"Filling up the DagBag from /opt/airflow/dags/stocks_etl_dag.py","logger":"airflow.dag_processing.dagbag.BundleDagBag","filename":"dagbag.py","lineno":460}
{"timestamp":"2026-08-18T21:24:33.236317Z","level":"info","event":"Pyspark imported, version: 3.5.2","logger":"unusual_prefix_377e48747e3957bb035dd88b74b86ec1d0ec8c25_stocks_etl_dag","filename":"stocks_etl_dag.py","lineno":24}
{"timestamp":"2026-08-18T21:24:33.982676Z","level":"info","event":"ETL function imported succesfully!","logger":"unusual_prefix_377e48747e3957bb035dd88b74b86ec1d0ec8c25_stocks_etl_dag","filename":"stocks_etl_dag.py","lineno":32}
{"timestamp":"2026-08-18T21:24:33.986743Z","level":"info","event":"DAG loaded sucessfully!","logger":"unusual_prefix_377e48747e3957bb035dd88b74b86ec1d0ec8c25_stocks_etl_dag","filename":"stocks_etl_dag.py","lineno":103}
{"timestamp":"2026-08-18T21:25:04.236135Z","level":"info","event":"Filling up the DagBag from /opt/airflow/dags/stocks_etl_dag.py","logger":"airflow.dag_processing.dagbag.BundleDagBag","filename":"dagbag.py","lineno":460}
{"timestamp":"2026-08-18T21:25:04.800343Z","level":"info","event":"Pyspark imported, version: 3.5.2","logger":"unusual_prefix_377e48747e3957bb035dd88b74b86ec1d0ec8c25_stocks_etl_dag","filename":"stocks_etl_dag.py","lineno":24}
{"timestamp":"2026-08-18T21:25:06.289418Z","level":"info","event":"ETL function imported succesfully!","logger":"unusual_prefix_377e48747e3957bb035dd88b74b86ec1d0ec8c25_stocks_etl_dag","filename":"stocks_etl_dag.py","lineno":32}
{"timestamp":"2026-08-18T21:25:06.297757Z","level":"info","event":"DAG loaded sucessfully!","logger":"unusual_prefix_377e48747e3957bb035dd88b74b86ec1d0ec8c25_stocks_etl_dag","filename":"stocks_etl_dag.py","lineno":103}
{"timestamp":"2026-08-18T21:25:36.912328Z","level":"info","event":"Filling up the DagBag from /opt/airflow/dags/stocks_etl_dag.py","logger":"airflow.dag_processing.dagbag.BundleDagBag","filename":"dagbag.py","lineno":460}
{"timestamp":"2026-08-18T21:25:37.177477Z","level":"info","event":"Pyspark imported, version: 3.5.2","logger":"unusual_prefix_377e48747e3957bb035dd88b74b86ec1d0ec8c25_stocks_etl_dag","filename":"stocks_etl_dag.py","lineno":24}
{"timestamp":"2026-08-18T21:25:38.404632Z","level":"info","event":"ETL function imported succesfully!","logger":"unusual_prefix_377e48747e3957bb035dd88b74b86ec1d0ec8c25_stocks_etl_dag","filename":"stocks_etl_dag.py","lineno":32}
{"timestamp":"2026-08-18T21:25:38.411063Z","level":"info","event":"DAG loaded sucessfully!","logger":"unusual_prefix_377e48747e3957bb035dd88b74b86ec1d0ec8c25_stocks_etl_dag","filename":"stocks_etl_dag.py","lineno":103}
{"timestamp":"2026-08-18T21:26:08.807708Z","level":"info","event":"Filling up the DagBag from /opt/airflow/dags/stocks_etl_dag.py","logger":"airflow.dag_processing.dagbag.BundleDagBag","filename":"dagbag.py","lineno":460}
{"timestamp":"2026-08-18T21:26:09.490509Z","level":"info","event":"Pyspark imported, version: 3.5.2","logger":"unusual_prefix_377e48747e3957bb035dd88b74b86ec1d0ec8c25_stocks_etl_dag","filename":"stocks_etl_dag.py","lineno":24}
{"timestamp":"2026-08-18T21:26:11.560782Z","level":"info","event":"ETL function imported succesfully!","logger":"unusual_prefix_377e48747e3957bb035dd88b74b86ec1d0ec8c25_stocks_etl_dag","filename":"stocks_etl_dag.py","lineno":32}
{"timestamp":"2026-08-18T21:26:11.570222Z","level":"info","event":"DAG loaded sucessfully!","logger":"unusual_prefix_377e48747e3957bb035dd88b74b86ec1d0ec8c25_stocks_etl_dag","filename":"stocks_etl_dag.py","lineno":103}
{"timestamp":"2026-08-18T21:26:41.776286Z","level":"info","event":"Filling up the DagBag from /opt/airflow/dags/stocks_etl_dag.py","logger":"airflow.dag_processing.dagbag.BundleDagBag","filename":"dagbag.py","lineno":460}
{"timestamp":"2026-08-18T21:26:42.159529Z","level":"info","event":"Pyspark imported, version: 3.5.2","logger":"unusual_prefix_377e48747e3957bb035dd88b74b86ec1d0ec8c25_stocks_etl_dag","filename":"stocks_etl_dag.py","lineno":24}
{"timestamp":"2026-08-18T21:26:43.843860Z","level":"info","event":"ETL function imported succesfully!","logger":"unusual_prefix_377e48747e3957bb035dd88b74b86ec1d0ec8c25_stocks_etl_dag","filename":"stocks_etl_dag.py","lineno":32}
{"timestamp":"2026-08-18T21:26:43.855783Z","level":"info","event":"DAG loaded sucessfully!","logger":"unusual_prefix_377e48747e3957bb035dd88b74b86ec1d0ec8c25_stocks_etl_dag","filename":"stocks_etl_dag.py","lineno":103}
{"timestamp":"2026-08-18T21:27:14.757600Z","level":"info","event":"Filling up the DagBag from /opt/airflow/dags/stocks_etl_dag.py","logger":"airflow.dag_processing.dagbag.BundleDagBag","filename":"dagbag.py","lineno":460}
{"timestamp":"2026-08-18T21:27:15.149856Z","level":"info","event":"Pyspark imported, version: 3.5.2","logger":"unusual_prefix_377e48747e3957bb035dd88b74b86ec1d0ec8c25_stocks_etl_dag","filename":"stocks_etl_dag.py","lineno":24}
{"timestamp":"2026-08-18T21:27:16.795591Z","level":"info","event":"ETL function imported succesfully!","logger":"unusual_prefix_377e48747e3957bb035dd88b74b86ec1d0ec8c25_stocks_etl_dag","filename":"stocks_etl_dag.py","lineno":32}
{"timestamp":"2026-08-18T21:27:16.807554Z","level":"info","event":"DAG loaded sucessfully!","logger":"unusual_prefix_377e48747e3957bb035dd88b74b86ec1d0ec8c25_stocks_etl_dag","filename":"stocks_etl_dag.py","lineno":103}
{"timestamp":"2026-08-18T21:27:47.372901Z","level":"info","event":"Filling up the DagBag from /opt/airflow/dags/stocks_etl_dag.py","logger":"airflow.dag_processing.dagbag.BundleDagBag","filename":"dagbag.py","lineno":460}
{"timestamp":"2026-08-18T21:27:47.800988Z","level":"info","event":"Pyspark imported, version: 3.5.2","logger":"unusual_prefix_377e48747e3957bb035dd88b74b86ec1d0ec8c25_stocks_etl_dag","filename":"stocks_etl_dag.py","lineno":24}
{"timestamp":"2026-08-18T21:27:49.406210Z","level":"info","event":"ETL function imported succesfully!","logger":"unusual_prefix_377e48747e3957bb035dd88b74b86ec1d0ec8c25_stocks_etl_dag","filename":"stocks_etl_dag.py","lineno":32}
{"timestamp":"2026-08-18T21:27:49.413557Z","level":"info","event":"DAG loaded sucessfully!","logger":"unusual_prefix_377e48747e3957bb035dd88b74b86ec1d0ec8c25_stocks_etl_dag","filename":"stocks_etl_dag.py","lineno":103}
{"timestamp":"2026-08-18T21:28:20.195971Z","level":"info","event":"Filling up the DagBag from /opt/airflow/dags/stocks_etl_dag.py","logger":"airflow.dag_processing.dagbag.BundleDagBag","filename":"dagbag.py","lineno":460}
{"timestamp":"2026-08-18T21:28:21.196180Z","level":"info","event":"Pyspark imported, version: 3.5.2","logger":"unusual_prefix_377e48747e3957bb035dd88b74b86ec1d0ec8c25_stocks_etl_dag","filename":"stocks_etl_dag.py","lineno":24}
{"timestamp":"2026-08-18T21:28:26.165141Z","level":"info","event":"ETL function imported succesfully!","logger":"unusual_prefix_377e48747e3957bb035dd88b74b86ec1d0ec8c25_stocks_etl_dag","filename":"stocks_etl_dag.py","lineno":32}
{"timestamp":"2026-08-18T21:28:26.197378Z","level":"info","event":"DAG loaded sucessfully!","logger":"unusual_prefix_377e48747e3957bb035dd88b74b86ec1d0ec8c25_stocks_etl_dag","filename":"stocks_etl_dag.py","lineno":103}
{"timestamp":"2026-08-18T21:28:57.453460Z","level":"info","event":"Filling up the DagBag from /opt/airflow/dags/stocks_etl_dag.py","logger":"airflow.dag_processing.dagbag.BundleDagBag","filename":"dagbag.py","lineno":460}
{"timestamp":"2026-08-18T21:28:57.663695Z","level":"info","event":"Pyspark imported, version: 3.5.2","logger":"unusual_prefix_377e48747e3957bb035dd88b74b86ec1d0ec8c25_stocks_etl_dag","filename":"stocks_etl_dag.py","lineno":24}
{"timestamp":"2026-08-18T21:28:58.975095Z","level":"info","event":"ETL function imported succesfully!","logger":"unusual_prefix_377e48747e3957bb035dd88b74b86ec1d0ec8c25_stocks_etl_dag","filename":"stocks_etl_dag.py","lineno":32}
{"timestamp":"2026-08-18T21:28:58.983548Z","level":"info","event":"DAG loaded sucessfully!","logger":"unusual_prefix_377e48747e3957bb035dd88b74b86ec1d0ec8c25_stocks_etl_dag","filename":"stocks_etl_dag.py","lineno":103}
{"timestamp":"2026-08-18T21:29:29.539400Z","level":"info","event":"Filling up the DagBag from /opt/airflow/dags/stocks_etl_dag.py","logger":"airflow.dag_processing.dagbag.BundleDagBag","filename":"dagbag.py","lineno":460}
{"timestamp":"2026-08-18T21:29:30.349482Z","level":"info","event":"Pyspark imported, version: 3.5.2","logger":"unusual_prefix_377e48747e3957bb035dd88b74b86ec1d0ec8c25_stocks_etl_dag","filename":"stocks_etl_dag.py","lineno":24}
{"timestamp":"2026-08-18T21:29:33.395579Z","level":"info","event":"ETL function imported succesfully!","logger":"unusual_prefix_377e48747e3957bb035dd88b74b86ec1d0ec8c25_stocks_etl_dag","filename":"stocks_etl_dag.py","lineno":32}
{"timestamp":"2026-08-18T21:29:33.415199Z","level":"info","event":"DAG loaded sucessfully!","logger":"unusual_prefix_377e48747e3957bb035dd88b74b86ec1d0ec8c25_stocks_etl_dag","filename":"stocks_etl_dag.py","lineno":103}
{"timestamp":"2026-08-18T21:30:04.026917Z","level":"info","event":"Filling up the DagBag from /opt/airflow/dags/stocks_etl_dag.py","logger":"airflow.dag_processing.dagbag.BundleDagBag","filename":"dagbag.py","lineno":460}
{"timestamp":"2026-08-18T21:30:04.595688Z","level":"info","event":"Pyspark imported, version: 3.5.2","logger":"unusual_prefix_377e48747e3957bb035dd88b74b86ec1d0ec8c25_stocks_etl_dag","filename":"stocks_etl_dag.py","lineno":24}
{"timestamp":"2026-08-18T21:30:06.653372Z","level":"info","event":"ETL function imported succesfully!","logger":"unusual_prefix_377e48747e3957bb035dd88b74b86ec1d0ec8c25_stocks_etl_dag","filename":"stocks_etl_dag.py","lineno":32}
{"timestamp":"2026-08-18T21:30:06.665880Z","level":"info","event":"DAG loaded sucessfully!","logger":"unusual_prefix_377e48747e3957bb035dd88b74b86ec1d0ec8c25_stocks_etl_dag","filename":"stocks_etl_dag.py","lineno":103}
{"timestamp":"2026-08-18T21:30:37.595254Z","level":"info","event":"Filling up the DagBag from /opt/airflow/dags/stocks_etl_dag.py","logger":"airflow.dag_processing.dagbag.BundleDagBag","filename":"dagbag.py","lineno":460}
{"timestamp":"2026-08-18T21:30:38.053538Z","level":"info","event":"Pyspark imported, version: 3.5.2","logger":"unusual_prefix_377e48747e3957bb035dd88b74b86ec1d0ec8c25_stocks_etl_dag","filename":"stocks_etl_dag.py","lineno":24}
{"timestamp":"2026-08-18T21:30:39.788813Z","level":"info","event":"ETL function imported succesfully!","logger":"unusual_prefix_377e48747e3957bb035dd88b74b86ec1d0ec8c25_stocks_etl_dag","filename":"stocks_etl_dag.py","lineno":32}
{"timestamp":"2026-08-18T21:30:39.802270Z","level":"info","event":"DAG loaded sucessfully!","logger":"unusual_prefix_377e48747e3957bb035dd88b74b86ec1d0ec8c25_stocks_etl_dag","filename":"stocks_etl_dag.py","lineno":103}
{"timestamp":"2026-08-18T21:31:10.033685Z","level":"info","event":"Filling up the DagBag from /opt/airflow/dags/stocks_etl_dag.py","logger":"airflow.dag_processing.dagbag.BundleDagBag","filename":"dagbag.py","lineno":460}
{"timestamp":"2026-08-18T21:31:10.205504Z","level":"info","event":"Pyspark imported, version: 3.5.2","logger":"unusual_prefix_377e48747e3957bb035dd88b74b86ec1d0ec8c25_stocks_etl_dag","filename":"stocks_etl_dag.py","lineno":24}
{"timestamp":"2026-08-18T21:31:11.082465Z","level":"info","event":"ETL function imported succesfully!","logger":"unusual_prefix_377e48747e3957bb035dd88b74b86ec1d0ec8c25_stocks_etl_dag","filename":"stocks_etl_dag.py","lineno":32}
{"timestamp":"2026-08-18T21:31:11.092102Z","level":"info","event":"DAG loaded sucessfully!","logger":"unusual_prefix_377e48747e3957bb035dd88b74b86ec1d0ec8c25_stocks_etl_dag","filename":"stocks_etl_dag.py","lineno":103}
{"timestamp":"2026-08-18T21:31:41.667873Z","level":"info","event":"Filling up the DagBag from /opt/airflow/dags/stocks_etl_dag.py","logger":"airflow.dag_processing.dagbag.BundleDagBag","filename":"dagbag.py","lineno":460}
{"timestamp":"2026-08-18T21:31:42.144486Z","level":"info","event":"Pyspark imported, version: 3.5.2","logger":"unusual_prefix_377e48747e3957bb035dd88b74b86ec1d0ec8c25_stocks_etl_dag","filename":"stocks_etl_dag.py","lineno":24}
{"timestamp":"2026-08-18T21:31:43.905781Z","level":"info","event":"ETL function imported succesfully!","logger":"unusual_prefix_377e48747e3957bb035dd88b74b86ec1d0ec8c25_stocks_etl_dag","filename":"stocks_etl_dag.py","lineno":32}
{"timestamp":"2026-08-18T21:31:43.928642Z","level":"info","event":"DAG loaded sucessfully!","logger":"unusual_prefix_377e48747e3957bb035dd88b74b86ec1d0ec8c25_stocks_etl_dag","filename":"stocks_etl_dag.py","lineno":103}
{"timestamp":"2026-08-18T21:32:14.512251Z","level":"info","event":"Filling up the DagBag from /opt/airflow/dags/stocks_etl_dag.py","logger":"airflow.dag_processing.dagbag.BundleDagBag","filename":"dagbag.py","lineno":460}
{"timestamp":"2026-08-18T21:32:14.895409Z","level":"info","event":"Pyspark imported, version: 3.5.2","logger":"unusual_prefix_377e48747e3957bb035dd88b74b86ec1d0ec8c25_stocks_etl_dag","filename":"stocks_etl_dag.py","lineno":24}
{"timestamp":"2026-08-18T21:32:16.753003Z","level":"info","event":"ETL function imported succesfully!","logger":"unusual_prefix_377e48747e3957bb035dd88b74b86ec1d0ec8c25_stocks_etl_dag","filename":"stocks_etl_dag.py","lineno":32}
{"timestamp":"2026-08-18T21:32:16.763529Z","level":"info","event":"DAG loaded sucessfully!","logger":"unusual_prefix_377e48747e3957bb035dd88b74b86ec1d0ec8c25_stocks_etl_dag","filename":"stocks_etl_dag.py","lineno":103}
{"timestamp":"2026-08-18T21:32:47.279786Z","level":"info","event":"Filling up the DagBag from /opt/airflow/dags/stocks_etl_dag.py","logger":"airflow.dag_processing.dagbag.BundleDagBag","filename":"dagbag.py","lineno":460}
{"timestamp":"2026-08-18T21:32:47.491877Z","level":"info","event":"Pyspark imported, version: 3.5.2","logger":"unusual_prefix_377e48747e3957bb035dd88b74b86ec1d0ec8c25_stocks_etl_dag","filename":"stocks_etl_dag.py","lineno":24}
{"timestamp":"2026-08-18T21:32:48.638451Z","level":"info","event":"ETL function imported succesfully!","logger":"unusual_prefix_377e48747e3957bb035dd88b74b86ec1d0ec8c25_stocks_etl_dag","filename":"stocks_etl_dag.py","lineno":32}
{"timestamp":"2026-08-18T21:32:48.646539Z","level":"info","event":"DAG loaded sucessfully!","logger":"unusual_prefix_377e48747e3957bb035dd88b74b86ec1d0ec8c25_stocks_etl_dag","filename":"stocks_etl_dag.py","lineno":103}
{"timestamp":"2026-08-18T21:33:19.149158Z","level":"info","event":"Filling up the DagBag from /opt/airflow/dags/stocks_etl_dag.py","logger":"airflow.dag_processing.dagbag.BundleDagBag","filename":"dagbag.py","lineno":460}
{"timestamp":"2026-08-18T21:33:19.406076Z","level":"info","event":"Pyspark imported, version: 3.5.2","logger":"unusual_prefix_377e48747e3957bb035dd88b74b86ec1d0ec8c25_stocks_etl_dag","filename":"stocks_etl_dag.py","lineno":24}
{"timestamp":"2026-08-18T21:33:20.557599Z","level":"info","event":"ETL function imported succesfully!","logger":"unusual_prefix_377e48747e3957bb035dd88b74b86ec1d0ec8c25_stocks_etl_dag","filename":"stocks_etl_dag.py","lineno":32}
{"timestamp":"2026-08-18T21:33:20.564287Z","level":"info","event":"DAG loaded sucessfully!","logger":"unusual_prefix_377e48747e3957bb035dd88b74b86ec1d0ec8c25_stocks_etl_dag","filename":"stocks_etl_dag.py","lineno":103}
{"timestamp":"2026-08-18T21:33:51.179105Z","level":"info","event":"Filling up the DagBag from /opt/airflow/dags/stocks_etl_dag.py","logger":"airflow.dag_processing.dagbag.BundleDagBag","filename":"dagbag.py","lineno":460}
{"timestamp":"2026-08-18T21:33:51.522498Z","level":"info","event":"Pyspark imported, version: 3.5.2","logger":"unusual_prefix_377e48747e3957bb035dd88b74b86ec1d0ec8c25_stocks_etl_dag","filename":"stocks_etl_dag.py","lineno":24}
{"timestamp":"2026-08-18T21:33:52.891966Z","level":"info","event":"ETL function imported succesfully!","logger":"unusual_prefix_377e48747e3957bb035dd88b74b86ec1d0ec8c25_stocks_etl_dag","filename":"stocks_etl_dag.py","lineno":32}
{"timestamp":"2026-08-18T21:33:52.902758Z","level":"info","event":"DAG loaded sucessfully!","logger":"unusual_prefix_377e48747e3957bb035dd88b74b86ec1d0ec8c25_stocks_etl_dag","filename":"stocks_etl_dag.py","lineno":103}
{"timestamp":"2026-08-18T21:34:23.480674Z","level":"info","event":"Filling up the DagBag from /opt/airflow/dags/stocks_etl_dag.py","logger":"airflow.dag_processing.dagbag.BundleDagBag","filename":"dagbag.py","lineno":460}
{"timestamp":"2026-08-18T21:34:23.699566Z","level":"info","event":"Pyspark imported, version: 3.5.2","logger":"unusual_prefix_377e48747e3957bb035dd88b74b86ec1d0ec8c25_stocks_etl_dag","filename":"stocks_etl_dag.py","lineno":24}
{"timestamp":"2026-08-18T21:34:24.974971Z","level":"info","event":"ETL function imported succesfully!","logger":"unusual_prefix_377e48747e3957bb035dd88b74b86ec1d0ec8c25_stocks_etl_dag","filename":"stocks_etl_dag.py","lineno":32}
{"timestamp":"2026-08-18T21:34:24.993949Z","level":"info","event":"DAG loaded sucessfully!","logger":"unusual_prefix_377e48747e3957bb035dd88b74b86ec1d0ec8c25_stocks_etl_dag","filename":"stocks_etl_dag.py","lineno":103}
{"timestamp":"2026-08-18T21:34:55.309079Z","level":"info","event":"Filling up the DagBag from /opt/airflow/dags/stocks_etl_dag.py","logger":"airflow.dag_processing.dagbag.BundleDagBag","filename":"dagbag.py","lineno":460}
{"timestamp":"2026-08-18T21:34:55.714759Z","level":"info","event":"Pyspark imported, version: 3.5.2","logger":"unusual_prefix_377e48747e3957bb035dd88b74b86ec1d0ec8c25_stocks_etl_dag","filename":"stocks_etl_dag.py","lineno":24}
{"timestamp":"2026-08-18T21:34:56.989716Z","level":"info","event":"ETL function imported succesfully!","logger":"unusual_prefix_377e48747e3957bb035dd88b74b86ec1d0ec8c25_stocks_etl_dag","filename":"stocks_etl_dag.py","lineno":32}
{"timestamp":"2026-08-18T21:34:57.000564Z","level":"info","event":"DAG loaded sucessfully!","logger":"unusual_prefix_377e48747e3957bb035dd88b74b86ec1d0ec8c25_stocks_etl_dag","filename":"stocks_etl_dag.py","lineno":103}
{"timestamp":"2026-08-18T21:35:27.195110Z","level":"info","event":"Filling up the DagBag from /opt/airflow/dags/stocks_etl_dag.py","logger":"airflow.dag_processing.dagbag.BundleDagBag","filename":"dagbag.py","lineno":460}
{"timestamp":"2026-08-18T21:35:27.615521Z","level":"info","event":"Pyspark imported, version: 3.5.2","logger":"unusual_prefix_377e48747e3957bb035dd88b74b86ec1d0ec8c25_stocks_etl_dag","filename":"stocks_etl_dag.py","lineno":24}
{"timestamp":"2026-08-18T21:35:29.797115Z","level":"info","event":"ETL function imported succesfully!","logger":"unusual_prefix_377e48747e3957bb035dd88b74b86ec1d0ec8c25_stocks_etl_dag","filename":"stocks_etl_dag.py","lineno":32}
{"timestamp":"2026-08-18T21:35:29.809563Z","level":"info","event":"DAG loaded sucessfully!","logger":"unusual_prefix_377e48747e3957bb035dd88b74b86ec1d0ec8c25_stocks_etl_dag","filename":"stocks_etl_dag.py","lineno":103}
{"timestamp":"2026-08-18T21:36:00.413632Z","level":"info","event":"Filling up the DagBag from /opt/airflow/dags/stocks_etl_dag.py","logger":"airflow.dag_processing.dagbag.BundleDagBag","filename":"dagbag.py","lineno":460}
{"timestamp":"2026-08-18T21:36:00.978016Z","level":"info","event":"Pyspark imported, version: 3.5.2","logger":"unusual_prefix_377e48747e3957bb035dd88b74b86ec1d0ec8c25_stocks_etl_dag","filename":"stocks_etl_dag.py","lineno":24}
{"timestamp":"2026-08-18T21:36:03.400794Z","level":"info","event":"ETL function imported succesfully!","logger":"unusual_prefix_377e48747e3957bb035dd88b74b86ec1d0ec8c25_stocks_etl_dag","filename":"stocks_etl_dag.py","lineno":32}
{"timestamp":"2026-08-18T21:36:03.412750Z","level":"info","event":"DAG loaded sucessfully!","logger":"unusual_prefix_377e48747e3957bb035dd88b74b86ec1d0ec8c25_stocks_etl_dag","filename":"stocks_etl_dag.py","lineno":103}
{"timestamp":"2026-08-18T21:36:33.557025Z","level":"info","event":"Filling up the DagBag from /opt/airflow/dags/stocks_etl_dag.py","logger":"airflow.dag_processing.dagbag.BundleDagBag","filename":"dagbag.py","lineno":460}
{"timestamp":"2026-08-18T21:36:33.806065Z","level":"info","event":"Pyspark imported, version: 3.5.2","logger":"unusual_prefix_377e48747e3957bb035dd88b74b86ec1d0ec8c25_stocks_etl_dag","filename":"stocks_etl_dag.py","lineno":24}
{"timestamp":"2026-08-18T21:36:34.462374Z","level":"info","event":"ETL function imported succesfully!","logger":"unusual_prefix_377e48747e3957bb035dd88b74b86ec1d0ec8c25_stocks_etl_dag","filename":"stocks_etl_dag.py","lineno":32}
{"timestamp":"2026-08-18T21:36:34.468163Z","level":"info","event":"DAG loaded sucessfully!","logger":"unusual_prefix_377e48747e3957bb035dd88b74b86ec1d0ec8c25_stocks_etl_dag","filename":"stocks_etl_dag.py","lineno":103}
{"timestamp":"2026-08-18T21:37:04.978705Z","level":"info","event":"Filling up the DagBag from /opt/airflow/dags/stocks_etl_dag.py","logger":"airflow.dag_processing.dagbag.BundleDagBag","filename":"dagbag.py","lineno":460}
{"timestamp":"2026-08-18T21:37:05.454606Z","level":"info","event":"Pyspark imported, version: 3.5.2","logger":"unusual_prefix_377e48747e3957bb035dd88b74b86ec1d0ec8c25_stocks_etl_dag","filename":"stocks_etl_dag.py","lineno":24}
{"timestamp":"2026-08-18T21:37:06.507565Z","level":"info","event":"ETL function imported succesfully!","logger":"unusual_prefix_377e48747e3957bb035dd88b74b86ec1d0ec8c25_stocks_etl_dag","filename":"stocks_etl_dag.py","lineno":32}
{"timestamp":"2026-08-18T21:37:06.513904Z","level":"info","event":"DAG loaded sucessfully!","logger":"unusual_prefix_377e48747e3957bb035dd88b74b86ec1d0ec8c25_stocks_etl_dag","filename":"stocks_etl_dag.py","lineno":103}
{"timestamp":"2026-08-18T21:37:36.684347Z","level":"info","event":"Filling up the DagBag from /opt/airflow/dags/stocks_etl_dag.py","logger":"airflow.dag_processing.dagbag.BundleDagBag","filename":"dagbag.py","lineno":460}
{"timestamp":"2026-08-18T21:37:36.921010Z","level":"info","event":"Pyspark imported, version: 3.5.2","logger":"unusual_prefix_377e48747e3957bb035dd88b74b86ec1d0ec8c25_stocks_etl_dag","filename":"stocks_etl_dag.py","lineno":24}
{"timestamp":"2026-08-18T21:37:37.680962Z","level":"info","event":"ETL function imported succesfully!","logger":"unusual_prefix_377e48747e3957bb035dd88b74b86ec1d0ec8c25_stocks_etl_dag","filename":"stocks_etl_dag.py","lineno":32}
{"timestamp":"2026-08-18T21:37:37.686540Z","level":"info","event":"DAG loaded sucessfully!","logger":"unusual_prefix_377e48747e3957bb035dd88b74b86ec1d0ec8c25_stocks_etl_dag","filename":"stocks_etl_dag.py","lineno":103}
{"timestamp":"2026-08-18T21:38:08.231707Z","level":"info","event":"Filling up the DagBag from /opt/airflow/dags/stocks_etl_dag.py","logger":"airflow.dag_processing.dagbag.BundleDagBag","filename":"dagbag.py","lineno":460}
{"timestamp":"2026-08-18T21:38:08.622205Z","level":"info","event":"Pyspark imported, version: 3.5.2","logger":"unusual_prefix_377e48747e3957bb035dd88b74b86ec1d0ec8c25_stocks_etl_dag","filename":"stocks_etl_dag.py","lineno":24}
{"timestamp":"2026-08-18T21:38:09.875562Z","level":"info","event":"ETL function imported succesfully!","logger":"unusual_prefix_377e48747e3957bb035dd88b74b86ec1d0ec8c25_stocks_etl_dag","filename":"stocks_etl_dag.py","lineno":32}
{"timestamp":"2026-08-18T21:38:09.883507Z","level":"info","event":"DAG loaded sucessfully!","logger":"unusual_prefix_377e48747e3957bb035dd88b74b86ec1d0ec8c25_stocks_etl_dag","filename":"stocks_etl_dag.py","lineno":103}
{"timestamp":"2026-08-18T21:38:40.620430Z","level":"info","event":"Filling up the DagBag from /opt/airflow/dags/stocks_etl_dag.py","logger":"airflow.dag_processing.dagbag.BundleDagBag","filename":"dagbag.py","lineno":460}
{"timestamp":"2026-08-18T21:38:41.086100Z","level":"info","event":"Pyspark imported, version: 3.5.2","logger":"unusual_prefix_377e48747e3957bb035dd88b74b86ec1d0ec8c25_stocks_etl_dag","filename":"stocks_etl_dag.py","lineno":24}
{"timestamp":"2026-08-18T21:38:42.199785Z","level":"info","event":"ETL function imported succesfully!","logger":"unusual_prefix_377e48747e3957bb035dd88b74b86ec1d0ec8c25_stocks_etl_dag","filename":"stocks_etl_dag.py","lineno":32}
{"timestamp":"2026-08-18T21:38:42.209666Z","level":"info","event":"DAG loaded sucessfully!","logger":"unusual_prefix_377e48747e3957bb035dd88b74b86ec1d0ec8c25_stocks_etl_dag","filename":"stocks_etl_dag.py","lineno":103}
{"timestamp":"2026-08-18T21:39:12.496776Z","level":"info","event":"Filling up the DagBag from /opt/airflow/dags/stocks_etl_dag.py","logger":"airflow.dag_processing.dagbag.BundleDagBag","filename":"dagbag.py","lineno":460}
{"timestamp":"2026-08-18T21:39:12.985754Z","level":"info","event":"Pyspark imported, version: 3.5.2","logger":"unusual_prefix_377e48747e3957bb035dd88b74b86ec1d0ec8c25_stocks_etl_dag","filename":"stocks_etl_dag.py","lineno":24}
{"timestamp":"2026-08-18T21:39:14.309550Z","level":"info","event":"ETL function imported succesfully!","logger":"unusual_prefix_377e48747e3957bb035dd88b74b86ec1d0ec8c25_stocks_etl_dag","filename":"stocks_etl_dag.py","lineno":32}
{"timestamp":"2026-08-18T21:39:14.317484Z","level":"info","event":"DAG loaded sucessfully!","logger":"unusual_prefix_377e48747e3957bb035dd88b74b86ec1d0ec8c25_stocks_etl_dag","filename":"stocks_etl_dag.py","lineno":103}
{"timestamp":"2026-08-18T21:39:44.586073Z","level":"info","event":"Filling up the DagBag from /opt/airflow/dags/stocks_etl_dag.py","logger":"airflow.dag_processing.dagbag.BundleDagBag","filename":"dagbag.py","lineno":460}
{"timestamp":"2026-08-18T21:39:45.014380Z","level":"info","event":"Pyspark imported, version: 3.5.2","logger":"unusual_prefix_377e48747e3957bb035dd88b74b86ec1d0ec8c25_stocks_etl_dag","filename":"stocks_etl_dag.py","lineno":24}
{"timestamp":"2026-08-18T21:39:46.442947Z","level":"info","event":"ETL function imported succesfully!","logger":"unusual_prefix_377e48747e3957bb035dd88b74b86ec1d0ec8c25_stocks_etl_dag","filename":"stocks_etl_dag.py","lineno":32}
{"timestamp":"2026-08-18T21:39:46.453758Z","level":"info","event":"DAG loaded sucessfully!","logger":"unusual_prefix_377e48747e3957bb035dd88b74b86ec1d0ec8c25_stocks_etl_dag","filename":"stocks_etl_dag.py","lineno":103}
{"timestamp":"2026-08-18T21:40:16.879501Z","level":"info","event":"Filling up the DagBag from /opt/airflow/dags/stocks_etl_dag.py","logger":"airflow.dag_processing.dagbag.BundleDagBag","filename":"dagbag.py","lineno":460}
{"timestamp":"2026-08-18T21:40:17.274183Z","level":"info","event":"Pyspark imported, version: 3.5.2","logger":"unusual_prefix_377e48747e3957bb035dd88b74b86ec1d0ec8c25_stocks_etl_dag","filename":"stocks_etl_dag.py","lineno":24}
{"timestamp":"2026-08-18T21:40:18.608711Z","level":"info","event":"ETL function imported succesfully!","logger":"unusual_prefix_377e48747e3957bb035dd88b74b86ec1d0ec8c25_stocks_etl_dag","filename":"stocks_etl_dag.py","lineno":32}
{"timestamp":"2026-08-18T21:40:18.619195Z","level":"info","event":"DAG loaded sucessfully!","logger":"unusual_prefix_377e48747e3957bb035dd88b74b86ec1d0ec8c25_stocks_etl_dag","filename":"stocks_etl_dag.py","lineno":103}
{"timestamp":"2026-08-18T21:40:49.298970Z","level":"info","event":"Filling up the DagBag from /opt/airflow/dags/stocks_etl_dag.py","logger":"airflow.dag_processing.dagbag.BundleDagBag","filename":"dagbag.py","lineno":460}
{"timestamp":"2026-08-18T21:40:49.567619Z","level":"info","event":"Pyspark imported, version: 3.5.2","logger":"unusual_prefix_377e48747e3957bb035dd88b74b86ec1d0ec8c25_stocks_etl_dag","filename":"stocks_etl_dag.py","lineno":24}
{"timestamp":"2026-08-18T21:40:50.826374Z","level":"info","event":"ETL function imported succesfully!","logger":"unusual_prefix_377e48747e3957bb035dd88b74b86ec1d0ec8c25_stocks_etl_dag","filename":"stocks_etl_dag.py","lineno":32}
{"timestamp":"2026-08-18T21:40:50.836191Z","level":"info","event":"DAG loaded sucessfully!","logger":"unusual_prefix_377e48747e3957bb035dd88b74b86ec1d0ec8c25_stocks_etl_dag","filename":"stocks_etl_dag.py","lineno":103}
{"timestamp":"2026-08-18T21:41:21.532022Z","level":"info","event":"Filling up the DagBag from /opt/airflow/dags/stocks_etl_dag.py","logger":"airflow.dag_processing.dagbag.BundleDagBag","filename":"dagbag.py","lineno":460}
{"timestamp":"2026-08-18T21:41:21.747585Z","level":"info","event":"Pyspark imported, version: 3.5.2","logger":"unusual_prefix_377e48747e3957bb035dd88b74b86ec1d0ec8c25_stocks_etl_dag","filename":"stocks_etl_dag.py","lineno":24}
{"timestamp":"2026-08-18T21:41:22.660427Z","level":"info","event":"ETL function imported succesfully!","logger":"unusual_prefix_377e48747e3957bb035dd88b74b86ec1d0ec8c25_stocks_etl_dag","filename":"stocks_etl_dag.py","lineno":32}
{"timestamp":"2026-08-18T21:41:22.669390Z","level":"info","event":"DAG loaded sucessfully!","logger":"unusual_prefix_377e48747e3957bb035dd88b74b86ec1d0ec8c25_stocks_etl_dag","filename":"stocks_etl_dag.py","lineno":103}
{"timestamp":"2026-08-18T21:41:52.888108Z","level":"info","event":"Filling up the DagBag from /opt/airflow/dags/stocks_etl_dag.py","logger":"airflow.dag_processing.dagbag.BundleDagBag","filename":"dagbag.py","lineno":460}
{"timestamp":"2026-08-18T21:41:53.067659Z","level":"info","event":"Pyspark imported, version: 3.5.2","logger":"unusual_prefix_377e48747e3957bb035dd88b74b86ec1d0ec8c25_stocks_etl_dag","filename":"stocks_etl_dag.py","lineno":24}
{"timestamp":"2026-08-18T21:41:53.754349Z","level":"info","event":"ETL function imported succesfully!","logger":"unusual_prefix_377e48747e3957bb035dd88b74b86ec1d0ec8c25_stocks_etl_dag","filename":"stocks_etl_dag.py","lineno":32}
{"timestamp":"2026-08-18T21:41:53.758660Z","level":"info","event":"DAG loaded sucessfully!","logger":"unusual_prefix_377e48747e3957bb035dd88b74b86ec1d0ec8c25_stocks_etl_dag","filename":"stocks_etl_dag.py","lineno":103}
{"timestamp":"2026-08-18T21:42:24.313038Z","level":"info","event":"Filling up the DagBag from /opt/airflow/dags/stocks_etl_dag.py","logger":"airflow.dag_processing.dagbag.BundleDagBag","filename":"dagbag.py","lineno":460}
{"timestamp":"2026-08-18T21:42:24.522732Z","level":"info","event":"Pyspark imported, version: 3.5.2","logger":"unusual_prefix_377e48747e3957bb035dd88b74b86ec1d0ec8c25_stocks_etl_dag","filename":"stocks_etl_dag.py","lineno":24}
{"timestamp":"2026-08-18T21:42:25.390430Z","level":"info","event":"ETL function imported succesfully!","logger":"unusual_prefix_377e48747e3957bb035dd88b74b86ec1d0ec8c25_stocks_etl_dag","filename":"stocks_etl_dag.py","lineno":32}
{"timestamp":"2026-08-18T21:42:25.397921Z","level":"info","event":"DAG loaded sucessfully!","logger":"unusual_prefix_377e48747e3957bb035dd88b74b86ec1d0ec8c25_stocks_etl_dag","filename":"stocks_etl_dag.py","lineno":103}
{"timestamp":"2026-08-18T21:42:55.667367Z","level":"info","event":"Filling up the DagBag from /opt/airflow/dags/stocks_etl_dag.py","logger":"airflow.dag_processing.dagbag.BundleDagBag","filename":"dagbag.py","lineno":460}
{"timestamp":"2026-08-18T21:42:55.987622Z","level":"info","event":"Pyspark imported, version: 3.5.2","logger":"unusual_prefix_377e48747e3957bb035dd88b74b86ec1d0ec8c25_stocks_etl_dag","filename":"stocks_etl_dag.py","lineno":24}
{"timestamp":"2026-08-18T21:42:57.505509Z","level":"info","event":"ETL function imported succesfully!","logger":"unusual_prefix_377e48747e3957bb035dd88b74b86ec1d0ec8c25_stocks_etl_dag","filename":"stocks_etl_dag.py","lineno":32}
{"timestamp":"2026-08-18T21:42:57.521138Z","level":"info","event":"DAG loaded sucessfully!","logger":"unusual_prefix_377e48747e3957bb035dd88b74b86ec1d0ec8c25_stocks_etl_dag","filename":"stocks_etl_dag.py","lineno":103}
{"timestamp":"2026-08-18T21:43:28.363481Z","level":"info","event":"Filling up the DagBag from /opt/airflow/dags/stocks_etl_dag.py","logger":"airflow.dag_processing.dagbag.BundleDagBag","filename":"dagbag.py","lineno":460}
{"timestamp":"2026-08-18T21:43:28.637234Z","level":"info","event":"Pyspark imported, version: 3.5.2","logger":"unusual_prefix_377e48747e3957bb035dd88b74b86ec1d0ec8c25_stocks_etl_dag","filename":"stocks_etl_dag.py","lineno":24}
{"timestamp":"2026-08-18T21:43:29.913315Z","level":"info","event":"ETL function imported succesfully!","logger":"unusual_prefix_377e48747e3957bb035dd88b74b86ec1d0ec8c25_stocks_etl_dag","filename":"stocks_etl_dag.py","lineno":32}
{"timestamp":"2026-08-18T21:43:29.921658Z","level":"info","event":"DAG loaded sucessfully!","logger":"unusual_prefix_377e48747e3957bb035dd88b74b86ec1d0ec8c25_stocks_etl_dag","filename":"stocks_etl_dag.py","lineno":103}
{"timestamp":"2026-08-18T21:44:00.513702Z","level":"info","event":"Filling up the DagBag from /opt/airflow/dags/stocks_etl_dag.py","logger":"airflow.dag_processing.dagbag.BundleDagBag","filename":"dagbag.py","lineno":460}
{"timestamp":"2026-08-18T21:44:00.860335Z","level":"info","event":"Pyspark imported, version: 3.5.2","logger":"unusual_prefix_377e48747e3957bb035dd88b74b86ec1d0ec8c25_stocks_etl_dag","filename":"stocks_etl_dag.py","lineno":24}
{"timestamp":"2026-08-18T21:44:02.020577Z","level":"info","event":"ETL function imported succesfully!","logger":"unusual_prefix_377e48747e3957bb035dd88b74b86ec1d0ec8c25_stocks_etl_dag","filename":"stocks_etl_dag.py","lineno":32}
{"timestamp":"2026-08-18T21:44:02.027440Z","level":"info","event":"DAG loaded sucessfully!","logger":"unusual_prefix_377e48747e3957bb035dd88b74b86ec1d0ec8c25_stocks_etl_dag","filename":"stocks_etl_dag.py","lineno":103}
{"timestamp":"2026-08-18T21:44:32.563544Z","level":"info","event":"Filling up the DagBag from /opt/airflow/dags/stocks_etl_dag.py","logger":"airflow.dag_processing.dagbag.BundleDagBag","filename":"dagbag.py","lineno":460}
{"timestamp":"2026-08-18T21:44:32.869846Z","level":"info","event":"Pyspark imported, version: 3.5.2","logger":"unusual_prefix_377e48747e3957bb035dd88b74b86ec1d0ec8c25_stocks_etl_dag","filename":"stocks_etl_dag.py","lineno":24}
{"timestamp":"2026-08-18T21:44:34.169304Z","level":"info","event":"ETL function imported succesfully!","logger":"unusual_prefix_377e48747e3957bb035dd88b74b86ec1d0ec8c25_stocks_etl_dag","filename":"stocks_etl_dag.py","lineno":32}
{"timestamp":"2026-08-18T21:44:34.179487Z","level":"info","event":"DAG loaded sucessfully!","logger":"unusual_prefix_377e48747e3957bb035dd88b74b86ec1d0ec8c25_stocks_etl_dag","filename":"stocks_etl_dag.py","lineno":103}
{"timestamp":"2026-08-18T21:45:04.352562Z","level":"info","event":"Filling up the DagBag from /opt/airflow/dags/stocks_etl_dag.py","logger":"airflow.dag_processing.dagbag.BundleDagBag","filename":"dagbag.py","lineno":460}
{"timestamp":"2026-08-18T21:45:04.724459Z","level":"info","event":"Pyspark imported, version: 3.5.2","logger":"unusual_prefix_377e48747e3957bb035dd88b74b86ec1d0ec8c25_stocks_etl_dag","filename":"stocks_etl_dag.py","lineno":24}
{"timestamp":"2026-08-18T21:45:06.146969Z","level":"info","event":"ETL function imported succesfully!","logger":"unusual_prefix_377e48747e3957bb035dd88b74b86ec1d0ec8c25_stocks_etl_dag","filename":"stocks_etl_dag.py","lineno":32}
{"timestamp":"2026-08-18T21:45:06.155794Z","level":"info","event":"DAG loaded sucessfully!","logger":"unusual_prefix_377e48747e3957bb035dd88b74b86ec1d0ec8c25_stocks_etl_dag","filename":"stocks_etl_dag.py","lineno":103}
{"timestamp":"2026-08-18T21:45:36.630218Z","level":"info","event":"Filling up the DagBag from /opt/airflow/dags/stocks_etl_dag.py","logger":"airflow.dag_processing.dagbag.BundleDagBag","filename":"dagbag.py","lineno":460}
{"timestamp":"2026-08-18T21:45:36.836306Z","level":"info","event":"Pyspark imported, version: 3.5.2","logger":"unusual_prefix_377e48747e3957bb035dd88b74b86ec1d0ec8c25_stocks_etl_dag","filename":"stocks_etl_dag.py","lineno":24}
{"timestamp":"2026-08-18T21:45:37.909512Z","level":"info","event":"ETL function imported succesfully!","logger":"unusual_prefix_377e48747e3957bb035dd88b74b86ec1d0ec8c25_stocks_etl_dag","filename":"stocks_etl_dag.py","lineno":32}
{"timestamp":"2026-08-18T21:45:37.917408Z","level":"info","event":"DAG loaded sucessfully!","logger":"unusual_prefix_377e48747e3957bb035dd88b74b86ec1d0ec8c25_stocks_etl_dag","filename":"stocks_etl_dag.py","lineno":103}
{"timestamp":"2026-08-18T21:46:08.498574Z","level":"info","event":"Filling up the DagBag from /opt/airflow/dags/stocks_etl_dag.py","logger":"airflow.dag_processing.dagbag.BundleDagBag","filename":"dagbag.py","lineno":460}
{"timestamp":"2026-08-18T21:46:08.873741Z","level":"info","event":"Pyspark imported, version: 3.5.2","logger":"unusual_prefix_377e48747e3957bb035dd88b74b86ec1d0ec8c25_stocks_etl_dag","filename":"stocks_etl_dag.py","lineno":24}
{"timestamp":"2026-08-18T21:46:10.153143Z","level":"info","event":"ETL function imported succesfully!","logger":"unusual_prefix_377e48747e3957bb035dd88b74b86ec1d0ec8c25_stocks_etl_dag","filename":"stocks_etl_dag.py","lineno":32}
{"timestamp":"2026-08-18T21:46:10.163208Z","level":"info","event":"DAG loaded sucessfully!","logger":"unusual_prefix_377e48747e3957bb035dd88b74b86ec1d0ec8c25_stocks_etl_dag","filename":"stocks_etl_dag.py","lineno":103}
{"timestamp":"2026-08-18T21:46:40.883132Z","level":"info","event":"Filling up the DagBag from /opt/airflow/dags/stocks_etl_dag.py","logger":"airflow.dag_processing.dagbag.BundleDagBag","filename":"dagbag.py","lineno":460}
{"timestamp":"2026-08-18T21:46:41.051968Z","level":"info","event":"Pyspark imported, version: 3.5.2","logger":"unusual_prefix_377e48747e3957bb035dd88b74b86ec1d0ec8c25_stocks_etl_dag","filename":"stocks_etl_dag.py","lineno":24}
{"timestamp":"2026-08-18T21:46:41.716865Z","level":"info","event":"ETL function imported succesfully!","logger":"unusual_prefix_377e48747e3957bb035dd88b74b86ec1d0ec8c25_stocks_etl_dag","filename":"stocks_etl_dag.py","lineno":32}
{"timestamp":"2026-08-18T21:46:41.721328Z","level":"info","event":"DAG loaded sucessfully!","logger":"unusual_prefix_377e48747e3957bb035dd88b74b86ec1d0ec8c25_stocks_etl_dag","filename":"stocks_etl_dag.py","lineno":103}
{"timestamp":"2026-08-18T21:47:12.249871Z","level":"info","event":"Filling up the DagBag from /opt/airflow/dags/stocks_etl_dag.py","logger":"airflow.dag_processing.dagbag.BundleDagBag","filename":"dagbag.py","lineno":460}
{"timestamp":"2026-08-18T21:47:12.438568Z","level":"info","event":"Pyspark imported, version: 3.5.2","logger":"unusual_prefix_377e48747e3957bb035dd88b74b86ec1d0ec8c25_stocks_etl_dag","filename":"stocks_etl_dag.py","lineno":24}
{"timestamp":"2026-08-18T21:47:13.345591Z","level":"info","event":"ETL function imported succesfully!","logger":"unusual_prefix_377e48747e3957bb035dd88b74b86ec1d0ec8c25_stocks_etl_dag","filename":"stocks_etl_dag.py","lineno":32}
{"timestamp":"2026-08-18T21:47:13.353599Z","level":"info","event":"DAG loaded sucessfully!","logger":"unusual_prefix_377e48747e3957bb035dd88b74b86ec1d0ec8c25_stocks_etl_dag","filename":"stocks_etl_dag.py","lineno":103}
{"timestamp":"2026-08-18T21:47:43.953164Z","level":"info","event":"Filling up the DagBag from /opt/airflow/dags/stocks_etl_dag.py","logger":"airflow.dag_processing.dagbag.BundleDagBag","filename":"dagbag.py","lineno":460}
{"timestamp":"2026-08-18T21:47:44.336878Z","level":"info","event":"Pyspark imported, version: 3.5.2","logger":"unusual_prefix_377e48747e3957bb035dd88b74b86ec1d0ec8c25_stocks_etl_dag","filename":"stocks_etl_dag.py","lineno":24}
{"timestamp":"2026-08-18T21:47:45.780350Z","level":"info","event":"ETL function imported succesfully!","logger":"unusual_prefix_377e48747e3957bb035dd88b74b86ec1d0ec8c25_stocks_etl_dag","filename":"stocks_etl_dag.py","lineno":32}
{"timestamp":"2026-08-18T21:47:45.787758Z","level":"info","event":"DAG loaded sucessfully!","logger":"unusual_prefix_377e48747e3957bb035dd88b74b86ec1d0ec8c25_stocks_etl_dag","filename":"stocks_etl_dag.py","lineno":103}
{"timestamp":"2026-08-18T21:48:16.940885Z","level":"info","event":"Filling up the DagBag from /opt/airflow/dags/stocks_etl_dag.py","logger":"airflow.dag_processing.dagbag.BundleDagBag","filename":"dagbag.py","lineno":460}
{"timestamp":"2026-08-18T21:48:18.200180Z","level":"info","event":"Pyspark imported, version: 3.5.2","logger":"unusual_prefix_377e48747e3957bb035dd88b74b86ec1d0ec8c25_stocks_etl_dag","filename":"stocks_etl_dag.py","lineno":24}
{"timestamp":"2026-08-18T21:48:26.336619Z","level":"info","event":"ETL function imported succesfully!","logger":"unusual_prefix_377e48747e3957bb035dd88b74b86ec1d0ec8c25_stocks_etl_dag","filename":"stocks_etl_dag.py","lineno":32}
{"timestamp":"2026-08-18T21:48:26.447644Z","level":"info","event":"DAG loaded sucessfully!","logger":"unusual_prefix_377e48747e3957bb035dd88b74b86ec1d0ec8c25_stocks_etl_dag","filename":"stocks_etl_dag.py","lineno":103}
{"timestamp":"2026-08-18T21:48:57.428322Z","level":"info","event":"Filling up the DagBag from /opt/airflow/dags/stocks_etl_dag.py","logger":"airflow.dag_processing.dagbag.BundleDagBag","filename":"dagbag.py","lineno":460}
{"timestamp":"2026-08-18T21:48:57.830847Z","level":"info","event":"Pyspark imported, version: 3.5.2","logger":"unusual_prefix_377e48747e3957bb035dd88b74b86ec1d0ec8c25_stocks_etl_dag","filename":"stocks_etl_dag.py","lineno":24}
{"timestamp":"2026-08-18T21:48:59.315925Z","level":"info","event":"ETL function imported succesfully!","logger":"unusual_prefix_377e48747e3957bb035dd88b74b86ec1d0ec8c25_stocks_etl_dag","filename":"stocks_etl_dag.py","lineno":32}
{"timestamp":"2026-08-18T21:48:59.334997Z","level":"info","event":"DAG loaded sucessfully!","logger":"unusual_prefix_377e48747e3957bb035dd88b74b86ec1d0ec8c25_stocks_etl_dag","filename":"stocks_etl_dag.py","lineno":103}
{"timestamp":"2026-08-18T21:49:29.824011Z","level":"info","event":"Filling up the DagBag from /opt/airflow/dags/stocks_etl_dag.py","logger":"airflow.dag_processing.dagbag.BundleDagBag","filename":"dagbag.py","lineno":460}
{"timestamp":"2026-08-18T21:49:30.071115Z","level":"info","event":"Pyspark imported, version: 3.5.2","logger":"unusual_prefix_377e48747e3957bb035dd88b74b86ec1d0ec8c25_stocks_etl_dag","filename":"stocks_etl_dag.py","lineno":24}
{"timestamp":"2026-08-18T21:49:31.070764Z","level":"info","event":"ETL function imported succesfully!","logger":"unusual_prefix_377e48747e3957bb035dd88b74b86ec1d0ec8c25_stocks_etl_dag","filename":"stocks_etl_dag.py","lineno":32}
{"timestamp":"2026-08-18T21:49:31.076738Z","level":"info","event":"DAG loaded sucessfully!","logger":"unusual_prefix_377e48747e3957bb035dd88b74b86ec1d0ec8c25_stocks_etl_dag","filename":"stocks_etl_dag.py","lineno":103}
{"timestamp":"2026-08-18T21:50:01.707612Z","level":"info","event":"Filling up the DagBag from /opt/airflow/dags/stocks_etl_dag.py","logger":"airflow.dag_processing.dagbag.BundleDagBag","filename":"dagbag.py","lineno":460}
{"timestamp":"2026-08-18T21:50:02.100697Z","level":"info","event":"Pyspark imported, version: 3.5.2","logger":"unusual_prefix_377e48747e3957bb035dd88b74b86ec1d0ec8c25_stocks_etl_dag","filename":"stocks_etl_dag.py","lineno":24}
{"timestamp":"2026-08-18T21:50:03.583211Z","level":"info","event":"ETL function imported succesfully!","logger":"unusual_prefix_377e48747e3957bb035dd88b74b86ec1d0ec8c25_stocks_etl_dag","filename":"stocks_etl_dag.py","lineno":32}
{"timestamp":"2026-08-18T21:50:03.592093Z","level":"info","event":"DAG loaded sucessfully!","logger":"unusual_prefix_377e48747e3957bb035dd88b74b86ec1d0ec8c25_stocks_etl_dag","filename":"stocks_etl_dag.py","lineno":103}
{"timestamp":"2026-08-18T21:50:34.104765Z","level":"info","event":"Filling up the DagBag from /opt/airflow/dags/stocks_etl_dag.py","logger":"airflow.dag_processing.dagbag.BundleDagBag","filename":"dagbag.py","lineno":460}
{"timestamp":"2026-08-18T21:50:34.300969Z","level":"info","event":"Pyspark imported, version: 3.5.2","logger":"unusual_prefix_377e48747e3957bb035dd88b74b86ec1d0ec8c25_stocks_etl_dag","filename":"stocks_etl_dag.py","lineno":24}
{"timestamp":"2026-08-18T21:50:35.482517Z","level":"info","event":"ETL function imported succesfully!","logger":"unusual_prefix_377e48747e3957bb035dd88b74b86ec1d0ec8c25_stocks_etl_dag","filename":"stocks_etl_dag.py","lineno":32}
{"timestamp":"2026-08-18T21:50:35.493402Z","level":"info","event":"DAG loaded sucessfully!","logger":"unusual_prefix_377e48747e3957bb035dd88b74b86ec1d0ec8c25_stocks_etl_dag","filename":"stocks_etl_dag.py","lineno":103}
{"timestamp":"2026-08-18T21:51:05.951736Z","level":"info","event":"Filling up the DagBag from /opt/airflow/dags/stocks_etl_dag.py","logger":"airflow.dag_processing.dagbag.BundleDagBag","filename":"dagbag.py","lineno":460}
{"timestamp":"2026-08-18T21:51:06.155858Z","level":"info","event":"Pyspark imported, version: 3.5.2","logger":"unusual_prefix_377e48747e3957bb035dd88b74b86ec1d0ec8c25_stocks_etl_dag","filename":"stocks_etl_dag.py","lineno":24}
{"timestamp":"2026-08-18T21:51:06.948727Z","level":"info","event":"ETL function imported succesfully!","logger":"unusual_prefix_377e48747e3957bb035dd88b74b86ec1d0ec8c25_stocks_etl_dag","filename":"stocks_etl_dag.py","lineno":32}
{"timestamp":"2026-08-18T21:51:06.954669Z","level":"info","event":"DAG loaded sucessfully!","logger":"unusual_prefix_377e48747e3957bb035dd88b74b86ec1d0ec8c25_stocks_etl_dag","filename":"stocks_etl_dag.py","lineno":103}
{"timestamp":"2026-08-18T21:51:37.513391Z","level":"info","event":"Filling up the DagBag from /opt/airflow/dags/stocks_etl_dag.py","logger":"airflow.dag_processing.dagbag.BundleDagBag","filename":"dagbag.py","lineno":460}
{"timestamp":"2026-08-18T21:51:37.993322Z","level":"info","event":"Pyspark imported, version: 3.5.2","logger":"unusual_prefix_377e48747e3957bb035dd88b74b86ec1d0ec8c25_stocks_etl_dag","filename":"stocks_etl_dag.py","lineno":24}
{"timestamp":"2026-08-18T21:51:39.600426Z","level":"info","event":"ETL function imported succesfully!","logger":"unusual_prefix_377e48747e3957bb035dd88b74b86ec1d0ec8c25_stocks_etl_dag","filename":"stocks_etl_dag.py","lineno":32}
{"timestamp":"2026-08-18T21:51:39.622569Z","level":"info","event":"DAG loaded sucessfully!","logger":"unusual_prefix_377e48747e3957bb035dd88b74b86ec1d0ec8c25_stocks_etl_dag","filename":"stocks_etl_dag.py","lineno":103}
{"timestamp":"2026-08-18T21:52:10.094514Z","level":"info","event":"Filling up the DagBag from /opt/airflow/dags/stocks_etl_dag.py","logger":"airflow.dag_processing.dagbag.BundleDagBag","filename":"dagbag.py","lineno":460}
{"timestamp":"2026-08-18T21:52:10.287246Z","level":"info","event":"Pyspark imported, version: 3.5.2","logger":"unusual_prefix_377e48747e3957bb035dd88b74b86ec1d0ec8c25_stocks_etl_dag","filename":"stocks_etl_dag.py","lineno":24}
{"timestamp":"2026-08-18T21:52:11.244807Z","level":"info","event":"ETL function imported succesfully!","logger":"unusual_prefix_377e48747e3957bb035dd88b74b86ec1d0ec8c25_stocks_etl_dag","filename":"stocks_etl_dag.py","lineno":32}
{"timestamp":"2026-08-18T21:52:11.257756Z","level":"info","event":"DAG loaded sucessfully!","logger":"unusual_prefix_377e48747e3957bb035dd88b74b86ec1d0ec8c25_stocks_etl_dag","filename":"stocks_etl_dag.py","lineno":103}
{"timestamp":"2026-08-18T21:52:41.866319Z","level":"info","event":"Filling up the DagBag from /opt/airflow/dags/stocks_etl_dag.py","logger":"airflow.dag_processing.dagbag.BundleDagBag","filename":"dagbag.py","lineno":460}
{"timestamp":"2026-08-18T21:52:42.230047Z","level":"info","event":"Pyspark imported, version: 3.5.2","logger":"unusual_prefix_377e48747e3957bb035dd88b74b86ec1d0ec8c25_stocks_etl_dag","filename":"stocks_etl_dag.py","lineno":24}
{"timestamp":"2026-08-18T21:52:43.561674Z","level":"info","event":"ETL function imported succesfully!","logger":"unusual_prefix_377e48747e3957bb035dd88b74b86ec1d0ec8c25_stocks_etl_dag","filename":"stocks_etl_dag.py","lineno":32}
{"timestamp":"2026-08-18T21:52:43.577451Z","level":"info","event":"DAG loaded sucessfully!","logger":"unusual_prefix_377e48747e3957bb035dd88b74b86ec1d0ec8c25_stocks_etl_dag","filename":"stocks_etl_dag.py","lineno":103}
{"timestamp":"2026-08-18T21:53:14.168911Z","level":"info","event":"Filling up the DagBag from /opt/airflow/dags/stocks_etl_dag.py","logger":"airflow.dag_processing.dagbag.BundleDagBag","filename":"dagbag.py","lineno":460}
{"timestamp":"2026-08-18T21:53:14.324594Z","level":"info","event":"Pyspark imported, version: 3.5.2","logger":"unusual_prefix_377e48747e3957bb035dd88b74b86ec1d0ec8c25_stocks_etl_dag","filename":"stocks_etl_dag.py","lineno":24}
{"timestamp":"2026-08-18T21:53:14.967773Z","level":"info","event":"ETL function imported succesfully!","logger":"unusual_prefix_377e48747e3957bb035dd88b74b86ec1d0ec8c25_stocks_etl_dag","filename":"stocks_etl_dag.py","lineno":32}
{"timestamp":"2026-08-18T21:53:14.972757Z","level":"info","event":"DAG loaded sucessfully!","logger":"unusual_prefix_377e48747e3957bb035dd88b74b86ec1d0ec8c25_stocks_etl_dag","filename":"stocks_etl_dag.py","lineno":103}
{"timestamp":"2026-08-18T21:53:45.552149Z","level":"info","event":"Filling up the DagBag from /opt/airflow/dags/stocks_etl_dag.py","logger":"airflow.dag_processing.dagbag.BundleDagBag","filename":"dagbag.py","lineno":460}
{"timestamp":"2026-08-18T21:53:45.703537Z","level":"info","event":"Pyspark imported, version: 3.5.2","logger":"unusual_prefix_377e48747e3957bb035dd88b74b86ec1d0ec8c25_stocks_etl_dag","filename":"stocks_etl_dag.py","lineno":24}
{"timestamp":"2026-08-18T21:53:46.345585Z","level":"info","event":"ETL function imported succesfully!","logger":"unusual_prefix_377e48747e3957bb035dd88b74b86ec1d0ec8c25_stocks_etl_dag","filename":"stocks_etl_dag.py","lineno":32}
{"timestamp":"2026-08-18T21:53:46.350826Z","level":"info","event":"DAG loaded sucessfully!","logger":"unusual_prefix_377e48747e3957bb035dd88b74b86ec1d0ec8c25_stocks_etl_dag","filename":"stocks_etl_dag.py","lineno":103}
{"timestamp":"2026-08-18T21:54:16.920951Z","level":"info","event":"Filling up the DagBag from /opt/airflow/dags/stocks_etl_dag.py","logger":"airflow.dag_processing.dagbag.BundleDagBag","filename":"dagbag.py","lineno":460}
{"timestamp":"2026-08-18T21:54:17.075970Z","level":"info","event":"Pyspark imported, version: 3.5.2","logger":"unusual_prefix_377e48747e3957bb035dd88b74b86ec1d0ec8c25_stocks_etl_dag","filename":"stocks_etl_dag.py","lineno":24}
{"timestamp":"2026-08-18T21:54:17.666322Z","level":"info","event":"ETL function imported succesfully!","logger":"unusual_prefix_377e48747e3957bb035dd88b74b86ec1d0ec8c25_stocks_etl_dag","filename":"stocks_etl_dag.py","lineno":32}
{"timestamp":"2026-08-18T21:54:17.671224Z","level":"info","event":"DAG loaded sucessfully!","logger":"unusual_prefix_377e48747e3957bb035dd88b74b86ec1d0ec8c25_stocks_etl_dag","filename":"stocks_etl_dag.py","lineno":103}
{"timestamp":"2026-08-18T21:54:48.303524Z","level":"info","event":"Filling up the DagBag from /opt/airflow/dags/stocks_etl_dag.py","logger":"airflow.dag_processing.dagbag.BundleDagBag","filename":"dagbag.py","lineno":460}
{"timestamp":"2026-08-18T21:54:48.494192Z","level":"info","event":"Pyspark imported, version: 3.5.2","logger":"unusual_prefix_377e48747e3957bb035dd88b74b86ec1d0ec8c25_stocks_etl_dag","filename":"stocks_etl_dag.py","lineno":24}
{"timestamp":"2026-08-18T21:54:49.154797Z","level":"info","event":"ETL function imported succesfully!","logger":"unusual_prefix_377e48747e3957bb035dd88b74b86ec1d0ec8c25_stocks_etl_dag","filename":"stocks_etl_dag.py","lineno":32}
{"timestamp":"2026-08-18T21:54:49.165040Z","level":"info","event":"DAG loaded sucessfully!","logger":"unusual_prefix_377e48747e3957bb035dd88b74b86ec1d0ec8c25_stocks_etl_dag","filename":"stocks_etl_dag.py","lineno":103}
{"timestamp":"2026-08-18T21:55:19.700193Z","level":"info","event":"Filling up the DagBag from /opt/airflow/dags/stocks_etl_dag.py","logger":"airflow.dag_processing.dagbag.BundleDagBag","filename":"dagbag.py","lineno":460}
{"timestamp":"2026-08-18T21:55:19.904342Z","level":"info","event":"Pyspark imported, version: 3.5.2","logger":"unusual_prefix_377e48747e3957bb035dd88b74b86ec1d0ec8c25_stocks_etl_dag","filename":"stocks_etl_dag.py","lineno":24}
{"timestamp":"2026-08-18T21:55:20.540936Z","level":"info","event":"ETL function imported succesfully!","logger":"unusual_prefix_377e48747e3957bb035dd88b74b86ec1d0ec8c25_stocks_etl_dag","filename":"stocks_etl_dag.py","lineno":32}
{"timestamp":"2026-08-18T21:55:20.545246Z","level":"info","event":"DAG loaded sucessfully!","logger":"unusual_prefix_377e48747e3957bb035dd88b74b86ec1d0ec8c25_stocks_etl_dag","filename":"stocks_etl_dag.py","lineno":103}
{"timestamp":"2026-08-18T21:55:51.332798Z","level":"info","event":"Filling up the DagBag from /opt/airflow/dags/stocks_etl_dag.py","logger":"airflow.dag_processing.dagbag.BundleDagBag","filename":"dagbag.py","lineno":460}
{"timestamp":"2026-08-18T21:55:51.501955Z","level":"info","event":"Pyspark imported, version: 3.5.2","logger":"unusual_prefix_377e48747e3957bb035dd88b74b86ec1d0ec8c25_stocks_etl_dag","filename":"stocks_etl_dag.py","lineno":24}
{"timestamp":"2026-08-18T21:55:52.091821Z","level":"info","event":"ETL function imported succesfully!","logger":"unusual_prefix_377e48747e3957bb035dd88b74b86ec1d0ec8c25_stocks_etl_dag","filename":"stocks_etl_dag.py","lineno":32}
{"timestamp":"2026-08-18T21:55:52.096764Z","level":"info","event":"DAG loaded sucessfully!","logger":"unusual_prefix_377e48747e3957bb035dd88b74b86ec1d0ec8c25_stocks_etl_dag","filename":"stocks_etl_dag.py","lineno":103}
{"timestamp":"2026-08-18T21:56:22.546219Z","level":"info","event":"Filling up the DagBag from /opt/airflow/dags/stocks_etl_dag.py","logger":"airflow.dag_processing.dagbag.BundleDagBag","filename":"dagbag.py","lineno":460}
{"timestamp":"2026-08-18T21:56:22.722998Z","level":"info","event":"Pyspark imported, version: 3.5.2","logger":"unusual_prefix_377e48747e3957bb035dd88b74b86ec1d0ec8c25_stocks_etl_dag","filename":"stocks_etl_dag.py","lineno":24}
{"timestamp":"2026-08-18T21:56:23.313247Z","level":"info","event":"ETL function imported succesfully!","logger":"unusual_prefix_377e48747e3957bb035dd88b74b86ec1d0ec8c25_stocks_etl_dag","filename":"stocks_etl_dag.py","lineno":32}
{"timestamp":"2026-08-18T21:56:23.317584Z","level":"info","event":"DAG loaded sucessfully!","logger":"unusual_prefix_377e48747e3957bb035dd88b74b86ec1d0ec8c25_stocks_etl_dag","filename":"stocks_etl_dag.py","lineno":103}
{"timestamp":"2026-08-18T21:56:53.955529Z","level":"info","event":"Filling up the DagBag from /opt/airflow/dags/stocks_etl_dag.py","logger":"airflow.dag_processing.dagbag.BundleDagBag","filename":"dagbag.py","lineno":460}
{"timestamp":"2026-08-18T21:56:54.105576Z","level":"info","event":"Pyspark imported, version: 3.5.2","logger":"unusual_prefix_377e48747e3957bb035dd88b74b86ec1d0ec8c25_stocks_etl_dag","filename":"stocks_etl_dag.py","lineno":24}
{"timestamp":"2026-08-18T21:56:54.704287Z","level":"info","event":"ETL function imported succesfully!","logger":"unusual_prefix_377e48747e3957bb035dd88b74b86ec1d0ec8c25_stocks_etl_dag","filename":"stocks_etl_dag.py","lineno":32}
{"timestamp":"2026-08-18T21:56:54.708601Z","level":"info","event":"DAG loaded sucessfully!","logger":"unusual_prefix_377e48747e3957bb035dd88b74b86ec1d0ec8c25_stocks_etl_dag","filename":"stocks_etl_dag.py","lineno":103}
{"timestamp":"2026-08-18T21:57:25.230796Z","level":"info","event":"Filling up the DagBag from /opt/airflow/dags/stocks_etl_dag.py","logger":"airflow.dag_processing.dagbag.BundleDagBag","filename":"dagbag.py","lineno":460}
{"timestamp":"2026-08-18T21:57:25.394943Z","level":"info","event":"Pyspark imported, version: 3.5.2","logger":"unusual_prefix_377e48747e3957bb035dd88b74b86ec1d0ec8c25_stocks_etl_dag","filename":"stocks_etl_dag.py","lineno":24}
{"timestamp":"2026-08-18T21:57:25.974398Z","level":"info","event":"ETL function imported succesfully!","logger":"unusual_prefix_377e48747e3957bb035dd88b74b86ec1d0ec8c25_stocks_etl_dag","filename":"stocks_etl_dag.py","lineno":32}
{"timestamp":"2026-08-18T21:57:25.978937Z","level":"info","event":"DAG loaded sucessfully!","logger":"unusual_prefix_377e48747e3957bb035dd88b74b86ec1d0ec8c25_stocks_etl_dag","filename":"stocks_etl_dag.py","lineno":103}
{"timestamp":"2026-08-18T21:57:56.545877Z","level":"info","event":"Filling up the DagBag from /opt/airflow/dags/stocks_etl_dag.py","logger":"airflow.dag_processing.dagbag.BundleDagBag","filename":"dagbag.py","lineno":460}
{"timestamp":"2026-08-18T21:57:56.708755Z","level":"info","event":"Pyspark imported, version: 3.5.2","logger":"unusual_prefix_377e48747e3957bb035dd88b74b86ec1d0ec8c25_stocks_etl_dag","filename":"stocks_etl_dag.py","lineno":24}
{"timestamp":"2026-08-18T21:57:57.352180Z","level":"info","event":"ETL function imported succesfully!","logger":"unusual_prefix_377e48747e3957bb035dd88b74b86ec1d0ec8c25_stocks_etl_dag","filename":"stocks_etl_dag.py","lineno":32}
{"timestamp":"2026-08-18T21:57:57.357232Z","level":"info","event":"DAG loaded sucessfully!","logger":"unusual_prefix_377e48747e3957bb035dd88b74b86ec1d0ec8c25_stocks_etl_dag","filename":"stocks_etl_dag.py","lineno":103}
{"timestamp":"2026-08-18T21:58:27.881266Z","level":"info","event":"Filling up the DagBag from /opt/airflow/dags/stocks_etl_dag.py","logger":"airflow.dag_processing.dagbag.BundleDagBag","filename":"dagbag.py","lineno":460}
{"timestamp":"2026-08-18T21:58:28.214982Z","level":"info","event":"Pyspark imported, version: 3.5.2","logger":"unusual_prefix_377e48747e3957bb035dd88b74b86ec1d0ec8c25_stocks_etl_dag","filename":"stocks_etl_dag.py","lineno":24}
{"timestamp":"2026-08-18T21:58:29.125644Z","level":"info","event":"ETL function imported succesfully!","logger":"unusual_prefix_377e48747e3957bb035dd88b74b86ec1d0ec8c25_stocks_etl_dag","filename":"stocks_etl_dag.py","lineno":32}
{"timestamp":"2026-08-18T21:58:29.132284Z","level":"info","event":"DAG loaded sucessfully!","logger":"unusual_prefix_377e48747e3957bb035dd88b74b86ec1d0ec8c25_stocks_etl_dag","filename":"stocks_etl_dag.py","lineno":103}
{"timestamp":"2026-08-18T21:58:59.621598Z","level":"info","event":"Filling up the DagBag from /opt/airflow/dags/stocks_etl_dag.py","logger":"airflow.dag_processing.dagbag.BundleDagBag","filename":"dagbag.py","lineno":460}
{"timestamp":"2026-08-18T21:58:59.763421Z","level":"info","event":"Pyspark imported, version: 3.5.2","logger":"unusual_prefix_377e48747e3957bb035dd88b74b86ec1d0ec8c25_stocks_etl_dag","filename":"stocks_etl_dag.py","lineno":24}
{"timestamp":"2026-08-18T21:59:00.972290Z","level":"info","event":"ETL function imported succesfully!","logger":"unusual_prefix_377e48747e3957bb035dd88b74b86ec1d0ec8c25_stocks_etl_dag","filename":"stocks_etl_dag.py","lineno":32}
{"timestamp":"2026-08-18T21:59:00.980431Z","level":"info","event":"DAG loaded sucessfully!","logger":"unusual_prefix_377e48747e3957bb035dd88b74b86ec1d0ec8c25_stocks_etl_dag","filename":"stocks_etl_dag.py","lineno":103}
{"timestamp":"2026-08-18T21:59:31.474785Z","level":"info","event":"Filling up the DagBag from /opt/airflow/dags/stocks_etl_dag.py","logger":"airflow.dag_processing.dagbag.BundleDagBag","filename":"dagbag.py","lineno":460}
{"timestamp":"2026-08-18T21:59:31.767368Z","level":"info","event":"Pyspark imported, version: 3.5.2","logger":"unusual_prefix_377e48747e3957bb035dd88b74b86ec1d0ec8c25_stocks_etl_dag","filename":"stocks_etl_dag.py","lineno":24}
{"timestamp":"2026-08-18T21:59:32.781653Z","level":"info","event":"ETL function imported succesfully!","logger":"unusual_prefix_377e48747e3957bb035dd88b74b86ec1d0ec8c25_stocks_etl_dag","filename":"stocks_etl_dag.py","lineno":32}
{"timestamp":"2026-08-18T21:59:32.787936Z","level":"info","event":"DAG loaded sucessfully!","logger":"unusual_prefix_377e48747e3957bb035dd88b74b86ec1d0ec8c25_stocks_etl_dag","filename":"stocks_etl_dag.py","lineno":103}
{"timestamp":"2026-08-18T22:00:03.246309Z","level":"info","event":"Filling up the DagBag from /opt/airflow/dags/stocks_etl_dag.py","logger":"airflow.dag_processing.dagbag.BundleDagBag","filename":"dagbag.py","lineno":460}
{"timestamp":"2026-08-18T22:00:03.477643Z","level":"info","event":"Pyspark imported, version: 3.5.2","logger":"unusual_prefix_377e48747e3957bb035dd88b74b86ec1d0ec8c25_stocks_etl_dag","filename":"stocks_etl_dag.py","lineno":24}
{"timestamp":"2026-08-18T22:00:04.452646Z","level":"info","event":"ETL function imported succesfully!","logger":"unusual_prefix_377e48747e3957bb035dd88b74b86ec1d0ec8c25_stocks_etl_dag","filename":"stocks_etl_dag.py","lineno":32}
{"timestamp":"2026-08-18T22:00:04.459541Z","level":"info","event":"DAG loaded sucessfully!","logger":"unusual_prefix_377e48747e3957bb035dd88b74b86ec1d0ec8c25_stocks_etl_dag","filename":"stocks_etl_dag.py","lineno":103}
{"timestamp":"2026-08-18T22:00:35.034025Z","level":"info","event":"Filling up the DagBag from /opt/airflow/dags/stocks_etl_dag.py","logger":"airflow.dag_processing.dagbag.BundleDagBag","filename":"dagbag.py","lineno":460}
{"timestamp":"2026-08-18T22:00:35.268436Z","level":"info","event":"Pyspark imported, version: 3.5.2","logger":"unusual_prefix_377e48747e3957bb035dd88b74b86ec1d0ec8c25_stocks_etl_dag","filename":"stocks_etl_dag.py","lineno":24}
{"timestamp":"2026-08-18T22:00:38.620807Z","level":"info","event":"ETL function imported succesfully!","logger":"unusual_prefix_377e48747e3957bb035dd88b74b86ec1d0ec8c25_stocks_etl_dag","filename":"stocks_etl_dag.py","lineno":32}
{"timestamp":"2026-08-18T22:00:38.629714Z","level":"info","event":"DAG loaded sucessfully!","logger":"unusual_prefix_377e48747e3957bb035dd88b74b86ec1d0ec8c25_stocks_etl_dag","filename":"stocks_etl_dag.py","lineno":103}
{"timestamp":"2026-08-18T22:01:09.343135Z","level":"info","event":"Filling up the DagBag from /opt/airflow/dags/stocks_etl_dag.py","logger":"airflow.dag_processing.dagbag.BundleDagBag","filename":"dagbag.py","lineno":460}
{"timestamp":"2026-08-18T22:01:09.565400Z","level":"info","event":"Pyspark imported, version: 3.5.2","logger":"unusual_prefix_377e48747e3957bb035dd88b74b86ec1d0ec8c25_stocks_etl_dag","filename":"stocks_etl_dag.py","lineno":24}
{"timestamp":"2026-08-18T22:01:10.946331Z","level":"info","event":"ETL function imported succesfully!","logger":"unusual_prefix_377e48747e3957bb035dd88b74b86ec1d0ec8c25_stocks_etl_dag","filename":"stocks_etl_dag.py","lineno":32}
{"timestamp":"2026-08-18T22:01:10.952966Z","level":"info","event":"DAG loaded sucessfully!","logger":"unusual_prefix_377e48747e3957bb035dd88b74b86ec1d0ec8c25_stocks_etl_dag","filename":"stocks_etl_dag.py","lineno":103}
{"timestamp":"2026-08-18T22:01:41.577655Z","level":"info","event":"Filling up the DagBag from /opt/airflow/dags/stocks_etl_dag.py","logger":"airflow.dag_processing.dagbag.BundleDagBag","filename":"dagbag.py","lineno":460}
{"timestamp":"2026-08-18T22:01:41.844374Z","level":"info","event":"Pyspark imported, version: 3.5.2","logger":"unusual_prefix_377e48747e3957bb035dd88b74b86ec1d0ec8c25_stocks_etl_dag","filename":"stocks_etl_dag.py","lineno":24}
{"timestamp":"2026-08-18T22:01:42.818971Z","level":"info","event":"ETL function imported succesfully!","logger":"unusual_prefix_377e48747e3957bb035dd88b74b86ec1d0ec8c25_stocks_etl_dag","filename":"stocks_etl_dag.py","lineno":32}
{"timestamp":"2026-08-18T22:01:42.824724Z","level":"info","event":"DAG loaded sucessfully!","logger":"unusual_prefix_377e48747e3957bb035dd88b74b86ec1d0ec8c25_stocks_etl_dag","filename":"stocks_etl_dag.py","lineno":103}
{"timestamp":"2026-08-18T22:02:13.356790Z","level":"info","event":"Filling up the DagBag from /opt/airflow/dags/stocks_etl_dag.py","logger":"airflow.dag_processing.dagbag.BundleDagBag","filename":"dagbag.py","lineno":460}
{"timestamp":"2026-08-18T22:02:13.599900Z","level":"info","event":"Pyspark imported, version: 3.5.2","logger":"unusual_prefix_377e48747e3957bb035dd88b74b86ec1d0ec8c25_stocks_etl_dag","filename":"stocks_etl_dag.py","lineno":24}
{"timestamp":"2026-08-18T22:02:14.533723Z","level":"info","event":"ETL function imported succesfully!","logger":"unusual_prefix_377e48747e3957bb035dd88b74b86ec1d0ec8c25_stocks_etl_dag","filename":"stocks_etl_dag.py","lineno":32}
{"timestamp":"2026-08-18T22:02:14.540700Z","level":"info","event":"DAG loaded sucessfully!","logger":"unusual_prefix_377e48747e3957bb035dd88b74b86ec1d0ec8c25_stocks_etl_dag","filename":"stocks_etl_dag.py","lineno":103}
{"timestamp":"2026-08-18T22:02:45.152439Z","level":"info","event":"Filling up the DagBag from /opt/airflow/dags/stocks_etl_dag.py","logger":"airflow.dag_processing.dagbag.BundleDagBag","filename":"dagbag.py","lineno":460}
{"timestamp":"2026-08-18T22:02:45.360735Z","level":"info","event":"Pyspark imported, version: 3.5.2","logger":"unusual_prefix_377e48747e3957bb035dd88b74b86ec1d0ec8c25_stocks_etl_dag","filename":"stocks_etl_dag.py","lineno":24}
{"timestamp":"2026-08-18T22:02:46.227492Z","level":"info","event":"ETL function imported succesfully!","logger":"unusual_prefix_377e48747e3957bb035dd88b74b86ec1d0ec8c25_stocks_etl_dag","filename":"stocks_etl_dag.py","lineno":32}
{"timestamp":"2026-08-18T22:02:46.233724Z","level":"info","event":"DAG loaded sucessfully!","logger":"unusual_prefix_377e48747e3957bb035dd88b74b86ec1d0ec8c25_stocks_etl_dag","filename":"stocks_etl_dag.py","lineno":103}
{"timestamp":"2026-08-18T22:03:16.770717Z","level":"info","event":"Filling up the DagBag from /opt/airflow/dags/stocks_etl_dag.py","logger":"airflow.dag_processing.dagbag.BundleDagBag","filename":"dagbag.py","lineno":460}
{"timestamp":"2026-08-18T22:03:16.915917Z","level":"info","event":"Pyspark imported, version: 3.5.2","logger":"unusual_prefix_377e48747e3957bb035dd88b74b86ec1d0ec8c25_stocks_etl_dag","filename":"stocks_etl_dag.py","lineno":24}
{"timestamp":"2026-08-18T22:03:17.505687Z","level":"info","event":"ETL function imported succesfully!","logger":"unusual_prefix_377e48747e3957bb035dd88b74b86ec1d0ec8c25_stocks_etl_dag","filename":"stocks_etl_dag.py","lineno":32}
{"timestamp":"2026-08-18T22:03:17.513418Z","level":"info","event":"DAG loaded sucessfully!","logger":"unusual_prefix_377e48747e3957bb035dd88b74b86ec1d0ec8c25_stocks_etl_dag","filename":"stocks_etl_dag.py","lineno":103}
{"timestamp":"2026-08-18T22:03:48.053964Z","level":"info","event":"Filling up the DagBag from /opt/airflow/dags/stocks_etl_dag.py","logger":"airflow.dag_processing.dagbag.BundleDagBag","filename":"dagbag.py","lineno":460}
{"timestamp":"2026-08-18T22:03:48.201312Z","level":"info","event":"Pyspark imported, version: 3.5.2","logger":"unusual_prefix_377e48747e3957bb035dd88b74b86ec1d0ec8c25_stocks_etl_dag","filename":"stocks_etl_dag.py","lineno":24}
{"timestamp":"2026-08-18T22:03:48.889084Z","level":"info","event":"ETL function imported succesfully!","logger":"unusual_prefix_377e48747e3957bb035dd88b74b86ec1d0ec8c25_stocks_etl_dag","filename":"stocks_etl_dag.py","lineno":32}
{"timestamp":"2026-08-18T22:03:48.894694Z","level":"info","event":"DAG loaded sucessfully!","logger":"unusual_prefix_377e48747e3957bb035dd88b74b86ec1d0ec8c25_stocks_etl_dag","filename":"stocks_etl_dag.py","lineno":103}
{"timestamp":"2026-08-18T22:04:19.333759Z","level":"info","event":"Filling up the DagBag from /opt/airflow/dags/stocks_etl_dag.py","logger":"airflow.dag_processing.dagbag.BundleDagBag","filename":"dagbag.py","lineno":460}
{"timestamp":"2026-08-18T22:04:19.604269Z","level":"info","event":"Pyspark imported, version: 3.5.2","logger":"unusual_prefix_377e48747e3957bb035dd88b74b86ec1d0ec8c25_stocks_etl_dag","filename":"stocks_etl_dag.py","lineno":24}
{"timestamp":"2026-08-18T22:04:20.570543Z","level":"info","event":"ETL function imported succesfully!","logger":"unusual_prefix_377e48747e3957bb035dd88b74b86ec1d0ec8c25_stocks_etl_dag","filename":"stocks_etl_dag.py","lineno":32}
{"timestamp":"2026-08-18T22:04:20.576996Z","level":"info","event":"DAG loaded sucessfully!","logger":"unusual_prefix_377e48747e3957bb035dd88b74b86ec1d0ec8c25_stocks_etl_dag","filename":"stocks_etl_dag.py","lineno":103}
{"timestamp":"2026-08-18T22:04:51.088563Z","level":"info","event":"Filling up the DagBag from /opt/airflow/dags/stocks_etl_dag.py","logger":"airflow.dag_processing.dagbag.BundleDagBag","filename":"dagbag.py","lineno":460}
{"timestamp":"2026-08-18T22:04:51.277171Z","level":"info","event":"Pyspark imported, version: 3.5.2","logger":"unusual_prefix_377e48747e3957bb035dd88b74b86ec1d0ec8c25_stocks_etl_dag","filename":"stocks_etl_dag.py","lineno":24}
{"timestamp":"2026-08-18T22:04:52.133199Z","level":"info","event":"ETL function imported succesfully!","logger":"unusual_prefix_377e48747e3957bb035dd88b74b86ec1d0ec8c25_stocks_etl_dag","filename":"stocks_etl_dag.py","lineno":32}
{"timestamp":"2026-08-18T22:04:52.139490Z","level":"info","event":"DAG loaded sucessfully!","logger":"unusual_prefix_377e48747e3957bb035dd88b74b86ec1d0ec8c25_stocks_etl_dag","filename":"stocks_etl_dag.py","lineno":103}
{"timestamp":"2026-08-18T22:05:22.644883Z","level":"info","event":"Filling up the DagBag from /opt/airflow/dags/stocks_etl_dag.py","logger":"airflow.dag_processing.dagbag.BundleDagBag","filename":"dagbag.py","lineno":460}
{"timestamp":"2026-08-18T22:05:22.834646Z","level":"info","event":"Pyspark imported, version: 3.5.2","logger":"unusual_prefix_377e48747e3957bb035dd88b74b86ec1d0ec8c25_stocks_etl_dag","filename":"stocks_etl_dag.py","lineno":24}
{"timestamp":"2026-08-18T22:05:23.428064Z","level":"info","event":"ETL function imported succesfully!","logger":"unusual_prefix_377e48747e3957bb035dd88b74b86ec1d0ec8c25_stocks_etl_dag","filename":"stocks_etl_dag.py","lineno":32}
{"timestamp":"2026-08-18T22:05:23.432206Z","level":"info","event":"DAG loaded sucessfully!","logger":"unusual_prefix_377e48747e3957bb035dd88b74b86ec1d0ec8c25_stocks_etl_dag","filename":"stocks_etl_dag.py","lineno":103}
{"timestamp":"2026-08-18T22:05:53.956221Z","level":"info","event":"Filling up the DagBag from /opt/airflow/dags/stocks_etl_dag.py","logger":"airflow.dag_processing.dagbag.BundleDagBag","filename":"dagbag.py","lineno":460}
{"timestamp":"2026-08-18T22:05:54.137348Z","level":"info","event":"Pyspark imported, version: 3.5.2","logger":"unusual_prefix_377e48747e3957bb035dd88b74b86ec1d0ec8c25_stocks_etl_dag","filename":"stocks_etl_dag.py","lineno":24}
{"timestamp":"2026-08-18T22:05:54.731155Z","level":"info","event":"ETL function imported succesfully!","logger":"unusual_prefix_377e48747e3957bb035dd88b74b86ec1d0ec8c25_stocks_etl_dag","filename":"stocks_etl_dag.py","lineno":32}
{"timestamp":"2026-08-18T22:05:54.736215Z","level":"info","event":"DAG loaded sucessfully!","logger":"unusual_prefix_377e48747e3957bb035dd88b74b86ec1d0ec8c25_stocks_etl_dag","filename":"stocks_etl_dag.py","lineno":103}
{"timestamp":"2026-08-18T22:06:25.359211Z","level":"info","event":"Filling up the DagBag from /opt/airflow/dags/stocks_etl_dag.py","logger":"airflow.dag_processing.dagbag.BundleDagBag","filename":"dagbag.py","lineno":460}
{"timestamp":"2026-08-18T22:06:25.690718Z","level":"info","event":"Pyspark imported, version: 3.5.2","logger":"unusual_prefix_377e48747e3957bb035dd88b74b86ec1d0ec8c25_stocks_etl_dag","filename":"stocks_etl_dag.py","lineno":24}
{"timestamp":"2026-08-18T22:06:26.829084Z","level":"info","event":"ETL function imported succesfully!","logger":"unusual_prefix_377e48747e3957bb035dd88b74b86ec1d0ec8c25_stocks_etl_dag","filename":"stocks_etl_dag.py","lineno":32}
{"timestamp":"2026-08-18T22:06:26.841125Z","level":"info","event":"DAG loaded sucessfully!","logger":"unusual_prefix_377e48747e3957bb035dd88b74b86ec1d0ec8c25_stocks_etl_dag","filename":"stocks_etl_dag.py","lineno":103}
{"timestamp":"2026-08-18T22:06:57.473259Z","level":"info","event":"Filling up the DagBag from /opt/airflow/dags/stocks_etl_dag.py","logger":"airflow.dag_processing.dagbag.BundleDagBag","filename":"dagbag.py","lineno":460}
{"timestamp":"2026-08-18T22:06:57.622921Z","level":"info","event":"Pyspark imported, version: 3.5.2","logger":"unusual_prefix_377e48747e3957bb035dd88b74b86ec1d0ec8c25_stocks_etl_dag","filename":"stocks_etl_dag.py","lineno":24}
{"timestamp":"2026-08-18T22:06:58.242710Z","level":"info","event":"ETL function imported succesfully!","logger":"unusual_prefix_377e48747e3957bb035dd88b74b86ec1d0ec8c25_stocks_etl_dag","filename":"stocks_etl_dag.py","lineno":32}
{"timestamp":"2026-08-18T22:06:58.247495Z","level":"info","event":"DAG loaded sucessfully!","logger":"unusual_prefix_377e48747e3957bb035dd88b74b86ec1d0ec8c25_stocks_etl_dag","filename":"stocks_etl_dag.py","lineno":103}
{"timestamp":"2026-08-18T22:07:28.794958Z","level":"info","event":"Filling up the DagBag from /opt/airflow/dags/stocks_etl_dag.py","logger":"airflow.dag_processing.dagbag.BundleDagBag","filename":"dagbag.py","lineno":460}
{"timestamp":"2026-08-18T22:07:28.986009Z","level":"info","event":"Pyspark imported, version: 3.5.2","logger":"unusual_prefix_377e48747e3957bb035dd88b74b86ec1d0ec8c25_stocks_etl_dag","filename":"stocks_etl_dag.py","lineno":24}
{"timestamp":"2026-08-18T22:07:29.659128Z","level":"info","event":"ETL function imported succesfully!","logger":"unusual_prefix_377e48747e3957bb035dd88b74b86ec1d0ec8c25_stocks_etl_dag","filename":"stocks_etl_dag.py","lineno":32}
{"timestamp":"2026-08-18T22:07:29.664461Z","level":"info","event":"DAG loaded sucessfully!","logger":"unusual_prefix_377e48747e3957bb035dd88b74b86ec1d0ec8c25_stocks_etl_dag","filename":"stocks_etl_dag.py","lineno":103}
{"timestamp":"2026-08-18T22:08:00.139814Z","level":"info","event":"Filling up the DagBag from /opt/airflow/dags/stocks_etl_dag.py","logger":"airflow.dag_processing.dagbag.BundleDagBag","filename":"dagbag.py","lineno":460}
{"timestamp":"2026-08-18T22:08:00.400125Z","level":"info","event":"Pyspark imported, version: 3.5.2","logger":"unusual_prefix_377e48747e3957bb035dd88b74b86ec1d0ec8c25_stocks_etl_dag","filename":"stocks_etl_dag.py","lineno":24}
{"timestamp":"2026-08-18T22:08:01.751873Z","level":"info","event":"ETL function imported succesfully!","logger":"unusual_prefix_377e48747e3957bb035dd88b74b86ec1d0ec8c25_stocks_etl_dag","filename":"stocks_etl_dag.py","lineno":32}
{"timestamp":"2026-08-18T22:08:01.758851Z","level":"info","event":"DAG loaded sucessfully!","logger":"unusual_prefix_377e48747e3957bb035dd88b74b86ec1d0ec8c25_stocks_etl_dag","filename":"stocks_etl_dag.py","lineno":103}
{"timestamp":"2026-08-18T22:08:32.424142Z","level":"info","event":"Filling up the DagBag from /opt/airflow/dags/stocks_etl_dag.py","logger":"airflow.dag_processing.dagbag.BundleDagBag","filename":"dagbag.py","lineno":460}
{"timestamp":"2026-08-18T22:08:32.617949Z","level":"info","event":"Pyspark imported, version: 3.5.2","logger":"unusual_prefix_377e48747e3957bb035dd88b74b86ec1d0ec8c25_stocks_etl_dag","filename":"stocks_etl_dag.py","lineno":24}
{"timestamp":"2026-08-18T22:08:33.435543Z","level":"info","event":"ETL function imported succesfully!","logger":"unusual_prefix_377e48747e3957bb035dd88b74b86ec1d0ec8c25_stocks_etl_dag","filename":"stocks_etl_dag.py","lineno":32}
{"timestamp":"2026-08-18T22:08:33.439739Z","level":"info","event":"DAG loaded sucessfully!","logger":"unusual_prefix_377e48747e3957bb035dd88b74b86ec1d0ec8c25_stocks_etl_dag","filename":"stocks_etl_dag.py","lineno":103}
{"timestamp":"2026-08-18T22:09:03.965129Z","level":"info","event":"Filling up the DagBag from /opt/airflow/dags/stocks_etl_dag.py","logger":"airflow.dag_processing.dagbag.BundleDagBag","filename":"dagbag.py","lineno":460}
{"timestamp":"2026-08-18T22:09:04.161893Z","level":"info","event":"Pyspark imported, version: 3.5.2","logger":"unusual_prefix_377e48747e3957bb035dd88b74b86ec1d0ec8c25_stocks_etl_dag","filename":"stocks_etl_dag.py","lineno":24}
{"timestamp":"2026-08-18T22:09:05.097942Z","level":"info","event":"ETL function imported succesfully!","logger":"unusual_prefix_377e48747e3957bb035dd88b74b86ec1d0ec8c25_stocks_etl_dag","filename":"stocks_etl_dag.py","lineno":32}
{"timestamp":"2026-08-18T22:09:05.103318Z","level":"info","event":"DAG loaded sucessfully!","logger":"unusual_prefix_377e48747e3957bb035dd88b74b86ec1d0ec8c25_stocks_etl_dag","filename":"stocks_etl_dag.py","lineno":103}
{"timestamp":"2026-08-18T22:09:35.587544Z","level":"info","event":"Filling up the DagBag from /opt/airflow/dags/stocks_etl_dag.py","logger":"airflow.dag_processing.dagbag.BundleDagBag","filename":"dagbag.py","lineno":460}
{"timestamp":"2026-08-18T22:09:35.748397Z","level":"info","event":"Pyspark imported, version: 3.5.2","logger":"unusual_prefix_377e48747e3957bb035dd88b74b86ec1d0ec8c25_stocks_etl_dag","filename":"stocks_etl_dag.py","lineno":24}
{"timestamp":"2026-08-18T22:09:36.424057Z","level":"info","event":"ETL function imported succesfully!","logger":"unusual_prefix_377e48747e3957bb035dd88b74b86ec1d0ec8c25_stocks_etl_dag","filename":"stocks_etl_dag.py","lineno":32}
{"timestamp":"2026-08-18T22:09:36.427931Z","level":"info","event":"DAG loaded sucessfully!","logger":"unusual_prefix_377e48747e3957bb035dd88b74b86ec1d0ec8c25_stocks_etl_dag","filename":"stocks_etl_dag.py","lineno":103}
{"timestamp":"2026-08-18T22:10:06.964513Z","level":"info","event":"Filling up the DagBag from /opt/airflow/dags/stocks_etl_dag.py","logger":"airflow.dag_processing.dagbag.BundleDagBag","filename":"dagbag.py","lineno":460}
{"timestamp":"2026-08-18T22:10:07.181657Z","level":"info","event":"Pyspark imported, version: 3.5.2","logger":"unusual_prefix_377e48747e3957bb035dd88b74b86ec1d0ec8c25_stocks_etl_dag","filename":"stocks_etl_dag.py","lineno":24}
{"timestamp":"2026-08-18T22:10:08.144530Z","level":"info","event":"ETL function imported succesfully!","logger":"unusual_prefix_377e48747e3957bb035dd88b74b86ec1d0ec8c25_stocks_etl_dag","filename":"stocks_etl_dag.py","lineno":32}
{"timestamp":"2026-08-18T22:10:08.152026Z","level":"info","event":"DAG loaded sucessfully!","logger":"unusual_prefix_377e48747e3957bb035dd88b74b86ec1d0ec8c25_stocks_etl_dag","filename":"stocks_etl_dag.py","lineno":103}
{"timestamp":"2026-08-18T22:10:38.651181Z","level":"info","event":"Filling up the DagBag from /opt/airflow/dags/stocks_etl_dag.py","logger":"airflow.dag_processing.dagbag.BundleDagBag","filename":"dagbag.py","lineno":460}
{"timestamp":"2026-08-18T22:10:39.018768Z","level":"info","event":"Pyspark imported, version: 3.5.2","logger":"unusual_prefix_377e48747e3957bb035dd88b74b86ec1d0ec8c25_stocks_etl_dag","filename":"stocks_etl_dag.py","lineno":24}
{"timestamp":"2026-08-18T22:10:40.506625Z","level":"info","event":"ETL function imported succesfully!","logger":"unusual_prefix_377e48747e3957bb035dd88b74b86ec1d0ec8c25_stocks_etl_dag","filename":"stocks_etl_dag.py","lineno":32}
{"timestamp":"2026-08-18T22:10:40.519513Z","level":"info","event":"DAG loaded sucessfully!","logger":"unusual_prefix_377e48747e3957bb035dd88b74b86ec1d0ec8c25_stocks_etl_dag","filename":"stocks_etl_dag.py","lineno":103}
{"timestamp":"2026-08-18T22:11:11.110661Z","level":"info","event":"Filling up the DagBag from /opt/airflow/dags/stocks_etl_dag.py","logger":"airflow.dag_processing.dagbag.BundleDagBag","filename":"dagbag.py","lineno":460}
{"timestamp":"2026-08-18T22:11:11.315236Z","level":"info","event":"Pyspark imported, version: 3.5.2","logger":"unusual_prefix_377e48747e3957bb035dd88b74b86ec1d0ec8c25_stocks_etl_dag","filename":"stocks_etl_dag.py","lineno":24}
{"timestamp":"2026-08-18T22:11:12.432838Z","level":"info","event":"ETL function imported succesfully!","logger":"unusual_prefix_377e48747e3957bb035dd88b74b86ec1d0ec8c25_stocks_etl_dag","filename":"stocks_etl_dag.py","lineno":32}
{"timestamp":"2026-08-18T22:11:12.439530Z","level":"info","event":"DAG loaded sucessfully!","logger":"unusual_prefix_377e48747e3957bb035dd88b74b86ec1d0ec8c25_stocks_etl_dag","filename":"stocks_etl_dag.py","lineno":103}
{"timestamp":"2026-08-18T22:11:43.142179Z","level":"info","event":"Filling up the DagBag from /opt/airflow/dags/stocks_etl_dag.py","logger":"airflow.dag_processing.dagbag.BundleDagBag","filename":"dagbag.py","lineno":460}
{"timestamp":"2026-08-18T22:11:43.483536Z","level":"info","event":"Pyspark imported, version: 3.5.2","logger":"unusual_prefix_377e48747e3957bb035dd88b74b86ec1d0ec8c25_stocks_etl_dag","filename":"stocks_etl_dag.py","lineno":24}
{"timestamp":"2026-08-18T22:11:44.639861Z","level":"info","event":"ETL function imported succesfully!","logger":"unusual_prefix_377e48747e3957bb035dd88b74b86ec1d0ec8c25_stocks_etl_dag","filename":"stocks_etl_dag.py","lineno":32}
{"timestamp":"2026-08-18T22:11:44.646226Z","level":"info","event":"DAG loaded sucessfully!","logger":"unusual_prefix_377e48747e3957bb035dd88b74b86ec1d0ec8c25_stocks_etl_dag","filename":"stocks_etl_dag.py","lineno":103}
{"timestamp":"2026-08-18T22:12:15.180675Z","level":"info","event":"Filling up the DagBag from /opt/airflow/dags/stocks_etl_dag.py","logger":"airflow.dag_processing.dagbag.BundleDagBag","filename":"dagbag.py","lineno":460}
{"timestamp":"2026-08-18T22:12:15.583721Z","level":"info","event":"Pyspark imported, version: 3.5.2","logger":"unusual_prefix_377e48747e3957bb035dd88b74b86ec1d0ec8c25_stocks_etl_dag","filename":"stocks_etl_dag.py","lineno":24}
{"timestamp":"2026-08-18T22:12:17.050737Z","level":"info","event":"ETL function imported succesfully!","logger":"unusual_prefix_377e48747e3957bb035dd88b74b86ec1d0ec8c25_stocks_etl_dag","filename":"stocks_etl_dag.py","lineno":32}
{"timestamp":"2026-08-18T22:12:17.061367Z","level":"info","event":"DAG loaded sucessfully!","logger":"unusual_prefix_377e48747e3957bb035dd88b74b86ec1d0ec8c25_stocks_etl_dag","filename":"stocks_etl_dag.py","lineno":103}
{"timestamp":"2026-08-18T22:12:47.908325Z","level":"info","event":"Filling up the DagBag from /opt/airflow/dags/stocks_etl_dag.py","logger":"airflow.dag_processing.dagbag.BundleDagBag","filename":"dagbag.py","lineno":460}
{"timestamp":"2026-08-18T22:12:48.123595Z","level":"info","event":"Pyspark imported, version: 3.5.2","logger":"unusual_prefix_377e48747e3957bb035dd88b74b86ec1d0ec8c25_stocks_etl_dag","filename":"stocks_etl_dag.py","lineno":24}
{"timestamp":"2026-08-18T22:12:48.877035Z","level":"info","event":"ETL function imported succesfully!","logger":"unusual_prefix_377e48747e3957bb035dd88b74b86ec1d0ec8c25_stocks_etl_dag","filename":"stocks_etl_dag.py","lineno":32}
{"timestamp":"2026-08-18T22:12:48.881052Z","level":"info","event":"DAG loaded sucessfully!","logger":"unusual_prefix_377e48747e3957bb035dd88b74b86ec1d0ec8c25_stocks_etl_dag","filename":"stocks_etl_dag.py","lineno":103}
{"timestamp":"2026-08-18T22:13:19.435961Z","level":"info","event":"Filling up the DagBag from /opt/airflow/dags/stocks_etl_dag.py","logger":"airflow.dag_processing.dagbag.BundleDagBag","filename":"dagbag.py","lineno":460}
{"timestamp":"2026-08-18T22:13:19.644665Z","level":"info","event":"Pyspark imported, version: 3.5.2","logger":"unusual_prefix_377e48747e3957bb035dd88b74b86ec1d0ec8c25_stocks_etl_dag","filename":"stocks_etl_dag.py","lineno":24}
{"timestamp":"2026-08-18T22:13:20.761132Z","level":"info","event":"ETL function imported succesfully!","logger":"unusual_prefix_377e48747e3957bb035dd88b74b86ec1d0ec8c25_stocks_etl_dag","filename":"stocks_etl_dag.py","lineno":32}
{"timestamp":"2026-08-18T22:13:20.767376Z","level":"info","event":"DAG loaded sucessfully!","logger":"unusual_prefix_377e48747e3957bb035dd88b74b86ec1d0ec8c25_stocks_etl_dag","filename":"stocks_etl_dag.py","lineno":103}
{"timestamp":"2026-08-18T22:13:51.245282Z","level":"info","event":"Filling up the DagBag from /opt/airflow/dags/stocks_etl_dag.py","logger":"airflow.dag_processing.dagbag.BundleDagBag","filename":"dagbag.py","lineno":460}
{"timestamp":"2026-08-18T22:13:51.481311Z","level":"info","event":"Pyspark imported, version: 3.5.2","logger":"unusual_prefix_377e48747e3957bb035dd88b74b86ec1d0ec8c25_stocks_etl_dag","filename":"stocks_etl_dag.py","lineno":24}
{"timestamp":"2026-08-18T22:13:52.494848Z","level":"info","event":"ETL function imported succesfully!","logger":"unusual_prefix_377e48747e3957bb035dd88b74b86ec1d0ec8c25_stocks_etl_dag","filename":"stocks_etl_dag.py","lineno":32}
{"timestamp":"2026-08-18T22:13:52.517675Z","level":"info","event":"DAG loaded sucessfully!","logger":"unusual_prefix_377e48747e3957bb035dd88b74b86ec1d0ec8c25_stocks_etl_dag","filename":"stocks_etl_dag.py","lineno":103}
{"timestamp":"2026-08-18T22:14:23.038627Z","level":"info","event":"Filling up the DagBag from /opt/airflow/dags/stocks_etl_dag.py","logger":"airflow.dag_processing.dagbag.BundleDagBag","filename":"dagbag.py","lineno":460}
{"timestamp":"2026-08-18T22:14:23.201838Z","level":"info","event":"Pyspark imported, version: 3.5.2","logger":"unusual_prefix_377e48747e3957bb035dd88b74b86ec1d0ec8c25_stocks_etl_dag","filename":"stocks_etl_dag.py","lineno":24}
{"timestamp":"2026-08-18T22:14:24.147298Z","level":"info","event":"ETL function imported succesfully!","logger":"unusual_prefix_377e48747e3957bb035dd88b74b86ec1d0ec8c25_stocks_etl_dag","filename":"stocks_etl_dag.py","lineno":32}
{"timestamp":"2026-08-18T22:14:24.153756Z","level":"info","event":"DAG loaded sucessfully!","logger":"unusual_prefix_377e48747e3957bb035dd88b74b86ec1d0ec8c25_stocks_etl_dag","filename":"stocks_etl_dag.py","lineno":103}
{"timestamp":"2026-08-18T22:14:54.640309Z","level":"info","event":"Filling up the DagBag from /opt/airflow/dags/stocks_etl_dag.py","logger":"airflow.dag_processing.dagbag.BundleDagBag","filename":"dagbag.py","lineno":460}
{"timestamp":"2026-08-18T22:14:54.839596Z","level":"info","event":"Pyspark imported, version: 3.5.2","logger":"unusual_prefix_377e48747e3957bb035dd88b74b86ec1d0ec8c25_stocks_etl_dag","filename":"stocks_etl_dag.py","lineno":24}
{"timestamp":"2026-08-18T22:14:55.712574Z","level":"info","event":"ETL function imported succesfully!","logger":"unusual_prefix_377e48747e3957bb035dd88b74b86ec1d0ec8c25_stocks_etl_dag","filename":"stocks_etl_dag.py","lineno":32}
{"timestamp":"2026-08-18T22:14:55.717497Z","level":"info","event":"DAG loaded sucessfully!","logger":"unusual_prefix_377e48747e3957bb035dd88b74b86ec1d0ec8c25_stocks_etl_dag","filename":"stocks_etl_dag.py","lineno":103}
{"timestamp":"2026-08-18T22:15:26.215814Z","level":"info","event":"Filling up the DagBag from /opt/airflow/dags/stocks_etl_dag.py","logger":"airflow.dag_processing.dagbag.BundleDagBag","filename":"dagbag.py","lineno":460}
{"timestamp":"2026-08-18T22:15:26.381523Z","level":"info","event":"Pyspark imported, version: 3.5.2","logger":"unusual_prefix_377e48747e3957bb035dd88b74b86ec1d0ec8c25_stocks_etl_dag","filename":"stocks_etl_dag.py","lineno":24}
{"timestamp":"2026-08-18T22:15:27.149636Z","level":"info","event":"ETL function imported succesfully!","logger":"unusual_prefix_377e48747e3957bb035dd88b74b86ec1d0ec8c25_stocks_etl_dag","filename":"stocks_etl_dag.py","lineno":32}
{"timestamp":"2026-08-18T22:15:27.154817Z","level":"info","event":"DAG loaded sucessfully!","logger":"unusual_prefix_377e48747e3957bb035dd88b74b86ec1d0ec8c25_stocks_etl_dag","filename":"stocks_etl_dag.py","lineno":103}
{"timestamp":"2026-08-18T22:15:57.619611Z","level":"info","event":"Filling up the DagBag from /opt/airflow/dags/stocks_etl_dag.py","logger":"airflow.dag_processing.dagbag.BundleDagBag","filename":"dagbag.py","lineno":460}
{"timestamp":"2026-08-18T22:15:57.920432Z","level":"info","event":"Pyspark imported, version: 3.5.2","logger":"unusual_prefix_377e48747e3957bb035dd88b74b86ec1d0ec8c25_stocks_etl_dag","filename":"stocks_etl_dag.py","lineno":24}
{"timestamp":"2026-08-18T22:15:59.609196Z","level":"info","event":"ETL function imported succesfully!","logger":"unusual_prefix_377e48747e3957bb035dd88b74b86ec1d0ec8c25_stocks_etl_dag","filename":"stocks_etl_dag.py","lineno":32}
{"timestamp":"2026-08-18T22:15:59.615637Z","level":"info","event":"DAG loaded sucessfully!","logger":"unusual_prefix_377e48747e3957bb035dd88b74b86ec1d0ec8c25_stocks_etl_dag","filename":"stocks_etl_dag.py","lineno":103}
{"timestamp":"2026-08-18T22:16:29.736899Z","level":"info","event":"Filling up the DagBag from /opt/airflow/dags/stocks_etl_dag.py","logger":"airflow.dag_processing.dagbag.BundleDagBag","filename":"dagbag.py","lineno":460}
{"timestamp":"2026-08-18T22:16:29.910284Z","level":"info","event":"Pyspark imported, version: 3.5.2","logger":"unusual_prefix_377e48747e3957bb035dd88b74b86ec1d0ec8c25_stocks_etl_dag","filename":"stocks_etl_dag.py","lineno":24}
{"timestamp":"2026-08-18T22:16:30.710303Z","level":"info","event":"ETL function imported succesfully!","logger":"unusual_prefix_377e48747e3957bb035dd88b74b86ec1d0ec8c25_stocks_etl_dag","filename":"stocks_etl_dag.py","lineno":32}
{"timestamp":"2026-08-18T22:16:30.716254Z","level":"info","event":"DAG loaded sucessfully!","logger":"unusual_prefix_377e48747e3957bb035dd88b74b86ec1d0ec8c25_stocks_etl_dag","filename":"stocks_etl_dag.py","lineno":103}
{"timestamp":"2026-08-18T22:17:01.282353Z","level":"info","event":"Filling up the DagBag from /opt/airflow/dags/stocks_etl_dag.py","logger":"airflow.dag_processing.dagbag.BundleDagBag","filename":"dagbag.py","lineno":460}
{"timestamp":"2026-08-18T22:17:01.473836Z","level":"info","event":"Pyspark imported, version: 3.5.2","logger":"unusual_prefix_377e48747e3957bb035dd88b74b86ec1d0ec8c25_stocks_etl_dag","filename":"stocks_etl_dag.py","lineno":24}
{"timestamp":"2026-08-18T22:17:02.260254Z","level":"info","event":"ETL function imported succesfully!","logger":"unusual_prefix_377e48747e3957bb035dd88b74b86ec1d0ec8c25_stocks_etl_dag","filename":"stocks_etl_dag.py","lineno":32}
{"timestamp":"2026-08-18T22:17:02.265599Z","level":"info","event":"DAG loaded sucessfully!","logger":"unusual_prefix_377e48747e3957bb035dd88b74b86ec1d0ec8c25_stocks_etl_dag","filename":"stocks_etl_dag.py","lineno":103}
{"timestamp":"2026-08-18T22:17:32.741105Z","level":"info","event":"Filling up the DagBag from /opt/airflow/dags/stocks_etl_dag.py","logger":"airflow.dag_processing.dagbag.BundleDagBag","filename":"dagbag.py","lineno":460}
{"timestamp":"2026-08-18T22:17:33.059928Z","level":"info","event":"Pyspark imported, version: 3.5.2","logger":"unusual_prefix_377e48747e3957bb035dd88b74b86ec1d0ec8c25_stocks_etl_dag","filename":"stocks_etl_dag.py","lineno":24}
{"timestamp":"2026-08-18T22:17:34.104132Z","level":"info","event":"ETL function imported succesfully!","logger":"unusual_prefix_377e48747e3957bb035dd88b74b86ec1d0ec8c25_stocks_etl_dag","filename":"stocks_etl_dag.py","lineno":32}
{"timestamp":"2026-08-18T22:17:34.109602Z","level":"info","event":"DAG loaded sucessfully!","logger":"unusual_prefix_377e48747e3957bb035dd88b74b86ec1d0ec8c25_stocks_etl_dag","filename":"stocks_etl_dag.py","lineno":103}
{"timestamp":"2026-08-18T22:18:04.612546Z","level":"info","event":"Filling up the DagBag from /opt/airflow/dags/stocks_etl_dag.py","logger":"airflow.dag_processing.dagbag.BundleDagBag","filename":"dagbag.py","lineno":460}
{"timestamp":"2026-08-18T22:18:04.840813Z","level":"info","event":"Pyspark imported, version: 3.5.2","logger":"unusual_prefix_377e48747e3957bb035dd88b74b86ec1d0ec8c25_stocks_etl_dag","filename":"stocks_etl_dag.py","lineno":24}
{"timestamp":"2026-08-18T22:18:05.973005Z","level":"info","event":"ETL function imported succesfully!","logger":"unusual_prefix_377e48747e3957bb035dd88b74b86ec1d0ec8c25_stocks_etl_dag","filename":"stocks_etl_dag.py","lineno":32}
{"timestamp":"2026-08-18T22:18:05.979137Z","level":"info","event":"DAG loaded sucessfully!","logger":"unusual_prefix_377e48747e3957bb035dd88b74b86ec1d0ec8c25_stocks_etl_dag","filename":"stocks_etl_dag.py","lineno":103}
{"timestamp":"2026-08-18T22:18:36.531722Z","level":"info","event":"Filling up the DagBag from /opt/airflow/dags/stocks_etl_dag.py","logger":"airflow.dag_processing.dagbag.BundleDagBag","filename":"dagbag.py","lineno":460}
{"timestamp":"2026-08-18T22:18:36.703196Z","level":"info","event":"Pyspark imported, version: 3.5.2","logger":"unusual_prefix_377e48747e3957bb035dd88b74b86ec1d0ec8c25_stocks_etl_dag","filename":"stocks_etl_dag.py","lineno":24}
{"timestamp":"2026-08-18T22:18:37.434443Z","level":"info","event":"ETL function imported succesfully!","logger":"unusual_prefix_377e48747e3957bb035dd88b74b86ec1d0ec8c25_stocks_etl_dag","filename":"stocks_etl_dag.py","lineno":32}
{"timestamp":"2026-08-18T22:18:37.438554Z","level":"info","event":"DAG loaded sucessfully!","logger":"unusual_prefix_377e48747e3957bb035dd88b74b86ec1d0ec8c25_stocks_etl_dag","filename":"stocks_etl_dag.py","lineno":103}
{"timestamp":"2026-08-18T22:19:07.894217Z","level":"info","event":"Filling up the DagBag from /opt/airflow/dags/stocks_etl_dag.py","logger":"airflow.dag_processing.dagbag.BundleDagBag","filename":"dagbag.py","lineno":460}
{"timestamp":"2026-08-18T22:19:08.110202Z","level":"info","event":"Pyspark imported, version: 3.5.2","logger":"unusual_prefix_377e48747e3957bb035dd88b74b86ec1d0ec8c25_stocks_etl_dag","filename":"stocks_etl_dag.py","lineno":24}
{"timestamp":"2026-08-18T22:19:08.983875Z","level":"info","event":"ETL function imported succesfully!","logger":"unusual_prefix_377e48747e3957bb035dd88b74b86ec1d0ec8c25_stocks_etl_dag","filename":"stocks_etl_dag.py","lineno":32}
{"timestamp":"2026-08-18T22:19:08.988872Z","level":"info","event":"DAG loaded sucessfully!","logger":"unusual_prefix_377e48747e3957bb035dd88b74b86ec1d0ec8c25_stocks_etl_dag","filename":"stocks_etl_dag.py","lineno":103}
{"timestamp":"2026-08-18T22:19:39.501789Z","level":"info","event":"Filling up the DagBag from /opt/airflow/dags/stocks_etl_dag.py","logger":"airflow.dag_processing.dagbag.BundleDagBag","filename":"dagbag.py","lineno":460}
{"timestamp":"2026-08-18T22:19:39.886078Z","level":"info","event":"Pyspark imported, version: 3.5.2","logger":"unusual_prefix_377e48747e3957bb035dd88b74b86ec1d0ec8c25_stocks_etl_dag","filename":"stocks_etl_dag.py","lineno":24}
{"timestamp":"2026-08-18T22:19:41.351248Z","level":"info","event":"ETL function imported succesfully!","logger":"unusual_prefix_377e48747e3957bb035dd88b74b86ec1d0ec8c25_stocks_etl_dag","filename":"stocks_etl_dag.py","lineno":32}
{"timestamp":"2026-08-18T22:19:41.359079Z","level":"info","event":"DAG loaded sucessfully!","logger":"unusual_prefix_377e48747e3957bb035dd88b74b86ec1d0ec8c25_stocks_etl_dag","filename":"stocks_etl_dag.py","lineno":103}
{"timestamp":"2026-08-18T22:20:11.904159Z","level":"info","event":"Filling up the DagBag from /opt/airflow/dags/stocks_etl_dag.py","logger":"airflow.dag_processing.dagbag.BundleDagBag","filename":"dagbag.py","lineno":460}
{"timestamp":"2026-08-18T22:20:12.106152Z","level":"info","event":"Pyspark imported, version: 3.5.2","logger":"unusual_prefix_377e48747e3957bb035dd88b74b86ec1d0ec8c25_stocks_etl_dag","filename":"stocks_etl_dag.py","lineno":24}
{"timestamp":"2026-08-18T22:20:12.879263Z","level":"info","event":"ETL function imported succesfully!","logger":"unusual_prefix_377e48747e3957bb035dd88b74b86ec1d0ec8c25_stocks_etl_dag","filename":"stocks_etl_dag.py","lineno":32}
{"timestamp":"2026-08-18T22:20:12.883833Z","level":"info","event":"DAG loaded sucessfully!","logger":"unusual_prefix_377e48747e3957bb035dd88b74b86ec1d0ec8c25_stocks_etl_dag","filename":"stocks_etl_dag.py","lineno":103}
