{"timestamp":"2026-08-17T06:36:07.371628Z","level":"info","event":"Filling up the DagBag from /opt/airflow/dags/stocks_etl_dag.py","logger":"airflow.dag_processing.dagbag.BundleDagBag","filename":"dagbag.py","lineno":460}
{"timestamp":"2026-08-17T06:36:08.903035Z","level":"info","event":"Pyspark imported, version: 3.5.2","logger":"unusual_prefix_377e48747e3957bb035dd88b74b86ec1d0ec8c25_stocks_etl_dag","filename":"stocks_etl_dag.py","lineno":24}
{"timestamp":"2026-08-17T06:36:08.914296Z","level":"info","event":"ETL function imported succesfully!","logger":"unusual_prefix_377e48747e3957bb035dd88b74b86ec1d0ec8c25_stocks_etl_dag","filename":"stocks_etl_dag.py","lineno":31}
{"timestamp":"2026-08-17T06:36:08.918501Z","level":"info","event":"DAG loaded sucessfully!","logger":"unusual_prefix_377e48747e3957bb035dd88b74b86ec1d0ec8c25_stocks_etl_dag","filename":"stocks_etl_dag.py","lineno":96}
{"timestamp":"2026-08-17T06:36:39.602768Z","level":"info","event":"Filling up the DagBag from /opt/airflow/dags/stocks_etl_dag.py","logger":"airflow.dag_processing.dagbag.BundleDagBag","filename":"dagbag.py","lineno":460}
{"timestamp":"2026-08-17T06:36:41.049490Z","level":"info","event":"Pyspark imported, version: 3.5.2","logger":"unusual_prefix_377e48747e3957bb035dd88b74b86ec1d0ec8c25_stocks_etl_dag","filename":"stocks_etl_dag.py","lineno":24}
{"timestamp":"2026-08-17T06:36:41.068902Z","level":"info","event":"ETL function imported succesfully!","logger":"unusual_prefix_377e48747e3957bb035dd88b74b86ec1d0ec8c25_stocks_etl_dag","filename":"stocks_etl_dag.py","lineno":31}
{"timestamp":"2026-08-17T06:36:41.074575Z","level":"info","event":"DAG loaded sucessfully!","logger":"unusual_prefix_377e48747e3957bb035dd88b74b86ec1d0ec8c25_stocks_etl_dag","filename":"stocks_etl_dag.py","lineno":96}
{"timestamp":"2026-08-17T18:53:10.528918Z","level":"info","event":"Filling up the DagBag from /opt/airflow/dags/stocks_etl_dag.py","logger":"airflow.dag_processing.dagbag.BundleDagBag","filename":"dagbag.py","lineno":460}
{"timestamp":"2026-08-17T18:53:12.192804Z","level":"info","event":"Pyspark imported, version: 3.5.2","logger":"unusual_prefix_377e48747e3957bb035dd88b74b86ec1d0ec8c25_stocks_etl_dag","filename":"stocks_etl_dag.py","lineno":24}
{"timestamp":"2026-08-17T18:53:12.212546Z","level":"info","event":"ETL function imported succesfully!","logger":"unusual_prefix_377e48747e3957bb035dd88b74b86ec1d0ec8c25_stocks_etl_dag","filename":"stocks_etl_dag.py","lineno":31}
{"timestamp":"2026-08-17T18:53:12.222522Z","level":"info","event":"DAG loaded sucessfully!","logger":"unusual_prefix_377e48747e3957bb035dd88b74b86ec1d0ec8c25_stocks_etl_dag","filename":"stocks_etl_dag.py","lineno":96}
{"timestamp":"2026-08-17T18:53:42.758438Z","level":"info","event":"Filling up the DagBag from /opt/airflow/dags/stocks_etl_dag.py","logger":"airflow.dag_processing.dagbag.BundleDagBag","filename":"dagbag.py","lineno":460}
{"timestamp":"2026-08-17T18:53:44.661008Z","level":"info","event":"Pyspark imported, version: 3.5.2","logger":"unusual_prefix_377e48747e3957bb035dd88b74b86ec1d0ec8c25_stocks_etl_dag","filename":"stocks_etl_dag.py","lineno":24}
{"timestamp":"2026-08-17T18:53:44.674614Z","level":"info","event":"ETL function imported succesfully!","logger":"unusual_prefix_377e48747e3957bb035dd88b74b86ec1d0ec8c25_stocks_etl_dag","filename":"stocks_etl_dag.py","lineno":31}
{"timestamp":"2026-08-17T18:53:44.684595Z","level":"info","event":"DAG loaded sucessfully!","logger":"unusual_prefix_377e48747e3957bb035dd88b74b86ec1d0ec8c25_stocks_etl_dag","filename":"stocks_etl_dag.py","lineno":96}
{"timestamp":"2026-08-17T18:56:46.917806Z","level":"info","event":"Filling up the DagBag from /opt/airflow/dags/stocks_etl_dag.py","logger":"airflow.dag_processing.dagbag.BundleDagBag","filename":"dagbag.py","lineno":460}
{"timestamp":"2026-08-17T18:56:49.250519Z","level":"info","event":"Pyspark imported, version: 3.5.2","logger":"unusual_prefix_377e48747e3957bb035dd88b74b86ec1d0ec8c25_stocks_etl_dag","filename":"stocks_etl_dag.py","lineno":24}
{"timestamp":"2026-08-17T18:56:49.264495Z","level":"info","event":"ETL function imported succesfully!","logger":"unusual_prefix_377e48747e3957bb035dd88b74b86ec1d0ec8c25_stocks_etl_dag","filename":"stocks_etl_dag.py","lineno":31}
{"timestamp":"2026-08-17T18:56:49.339685Z","level":"info","event":"DAG loaded sucessfully!","logger":"unusual_prefix_377e48747e3957bb035dd88b74b86ec1d0ec8c25_stocks_etl_dag","filename":"stocks_etl_dag.py","lineno":96}
{"timestamp":"2026-08-17T18:57:19.698897Z","level":"info","event":"Filling up the DagBag from /opt/airflow/dags/stocks_etl_dag.py","logger":"airflow.dag_processing.dagbag.BundleDagBag","filename":"dagbag.py","lineno":460}
{"timestamp":"2026-08-17T18:57:21.221651Z","level":"info","event":"Pyspark imported, version: 3.5.2","logger":"unusual_prefix_377e48747e3957bb035dd88b74b86ec1d0ec8c25_stocks_etl_dag","filename":"stocks_etl_dag.py","lineno":24}
{"timestamp":"2026-08-17T18:57:21.238232Z","level":"info","event":"ETL function imported succesfully!","logger":"unusual_prefix_377e48747e3957bb035dd88b74b86ec1d0ec8c25_stocks_etl_dag","filename":"stocks_etl_dag.py","lineno":31}
{"timestamp":"2026-08-17T18:57:21.245178Z","level":"info","event":"DAG loaded sucessfully!","logger":"unusual_prefix_377e48747e3957bb035dd88b74b86ec1d0ec8c25_stocks_etl_dag","filename":"stocks_etl_dag.py","lineno":96}
{"timestamp":"2026-08-17T18:57:51.887587Z","level":"info","event":"Filling up the DagBag from /opt/airflow/dags/stocks_etl_dag.py","logger":"airflow.dag_processing.dagbag.BundleDagBag","filename":"dagbag.py","lineno":460}
{"timestamp":"2026-08-17T18:57:53.033506Z","level":"info","event":"Pyspark imported, version: 3.5.2","logger":"unusual_prefix_377e48747e3957bb035dd88b74b86ec1d0ec8c25_stocks_etl_dag","filename":"stocks_etl_dag.py","lineno":24}
{"timestamp":"2026-08-17T18:57:53.049422Z","level":"info","event":"ETL function imported succesfully!","logger":"unusual_prefix_377e48747e3957bb035dd88b74b86ec1d0ec8c25_stocks_etl_dag","filename":"stocks_etl_dag.py","lineno":31}
{"timestamp":"2026-08-17T18:57:53.055343Z","level":"info","event":"DAG loaded sucessfully!","logger":"unusual_prefix_377e48747e3957bb035dd88b74b86ec1d0ec8c25_stocks_etl_dag","filename":"stocks_etl_dag.py","lineno":96}
{"timestamp":"2026-08-17T18:58:23.209278Z","level":"info","event":"Filling up the DagBag from /opt/airflow/dags/stocks_etl_dag.py","logger":"airflow.dag_processing.dagbag.BundleDagBag","filename":"dagbag.py","lineno":460}
{"timestamp":"2026-08-17T18:58:24.315122Z","level":"info","event":"Pyspark imported, version: 3.5.2","logger":"unusual_prefix_377e48747e3957bb035dd88b74b86ec1d0ec8c25_stocks_etl_dag","filename":"stocks_etl_dag.py","lineno":24}
{"timestamp":"2026-08-17T18:58:24.331994Z","level":"info","event":"ETL function imported succesfully!","logger":"unusual_prefix_377e48747e3957bb035dd88b74b86ec1d0ec8c25_stocks_etl_dag","filename":"stocks_etl_dag.py","lineno":31}
{"timestamp":"2026-08-17T18:58:24.337961Z","level":"info","event":"DAG loaded sucessfully!","logger":"unusual_prefix_377e48747e3957bb035dd88b74b86ec1d0ec8c25_stocks_etl_dag","filename":"stocks_etl_dag.py","lineno":96}
{"timestamp":"2026-08-17T18:58:55.155092Z","level":"info","event":"Filling up the DagBag from /opt/airflow/dags/stocks_etl_dag.py","logger":"airflow.dag_processing.dagbag.BundleDagBag","filename":"dagbag.py","lineno":460}
{"timestamp":"2026-08-17T18:58:58.492360Z","level":"info","event":"Pyspark imported, version: 3.5.2","logger":"unusual_prefix_377e48747e3957bb035dd88b74b86ec1d0ec8c25_stocks_etl_dag","filename":"stocks_etl_dag.py","lineno":24}
{"timestamp":"2026-08-17T18:58:58.549694Z","level":"info","event":"ETL function imported succesfully!","logger":"unusual_prefix_377e48747e3957bb035dd88b74b86ec1d0ec8c25_stocks_etl_dag","filename":"stocks_etl_dag.py","lineno":31}
{"timestamp":"2026-08-17T18:58:58.569044Z","level":"info","event":"DAG loaded sucessfully!","logger":"unusual_prefix_377e48747e3957bb035dd88b74b86ec1d0ec8c25_stocks_etl_dag","filename":"stocks_etl_dag.py","lineno":96}
{"timestamp":"2026-08-17T18:59:29.394759Z","level":"info","event":"Filling up the DagBag from /opt/airflow/dags/stocks_etl_dag.py","logger":"airflow.dag_processing.dagbag.BundleDagBag","filename":"dagbag.py","lineno":460}
{"timestamp":"2026-08-17T18:59:40.108580Z","level":"info","event":"Pyspark imported, version: 3.5.2","logger":"unusual_prefix_377e48747e3957bb035dd88b74b86ec1d0ec8c25_stocks_etl_dag","filename":"stocks_etl_dag.py","lineno":24}
{"timestamp":"2026-08-17T18:59:40.258921Z","level":"info","event":"ETL function imported succesfully!","logger":"unusual_prefix_377e48747e3957bb035dd88b74b86ec1d0ec8c25_stocks_etl_dag","filename":"stocks_etl_dag.py","lineno":31}
{"timestamp":"2026-08-17T18:59:40.611245Z","level":"info","event":"DAG loaded sucessfully!","logger":"unusual_prefix_377e48747e3957bb035dd88b74b86ec1d0ec8c25_stocks_etl_dag","filename":"stocks_etl_dag.py","lineno":96}
{"timestamp":"2026-08-17T18:59:47.097630Z","level":"info","event":"Filling up the DagBag from /opt/airflow/dags/stocks_etl_dag.py","logger":"airflow.dag_processing.dagbag.BundleDagBag","filename":"dagbag.py","lineno":460}
{"timestamp":"2026-08-17T18:59:50.085236Z","level":"info","event":"Pyspark imported, version: 3.5.2","logger":"unusual_prefix_377e48747e3957bb035dd88b74b86ec1d0ec8c25_stocks_etl_dag","filename":"stocks_etl_dag.py","lineno":24}
{"timestamp":"2026-08-17T18:59:50.100349Z","level":"info","event":"ETL function imported succesfully!","logger":"unusual_prefix_377e48747e3957bb035dd88b74b86ec1d0ec8c25_stocks_etl_dag","filename":"stocks_etl_dag.py","lineno":31}
{"timestamp":"2026-08-17T18:59:50.109435Z","level":"info","event":"DAG loaded sucessfully!","logger":"unusual_prefix_377e48747e3957bb035dd88b74b86ec1d0ec8c25_stocks_etl_dag","filename":"stocks_etl_dag.py","lineno":96}
{"timestamp":"2026-08-17T18:59:57.825890Z","level":"info","event":"Filling up the DagBag from /opt/airflow/dags/stocks_etl_dag.py","logger":"airflow.dag_processing.dagbag.BundleDagBag","filename":"dagbag.py","lineno":460}
{"timestamp":"2026-08-17T19:00:02.301637Z","level":"info","event":"Pyspark imported, version: 3.5.2","logger":"unusual_prefix_377e48747e3957bb035dd88b74b86ec1d0ec8c25_stocks_etl_dag","filename":"stocks_etl_dag.py","lineno":24}
{"timestamp":"2026-08-17T19:00:02.542694Z","level":"info","event":"ETL function imported succesfully!","logger":"unusual_prefix_377e48747e3957bb035dd88b74b86ec1d0ec8c25_stocks_etl_dag","filename":"stocks_etl_dag.py","lineno":31}
{"timestamp":"2026-08-17T19:00:02.577494Z","level":"info","event":"DAG loaded sucessfully!","logger":"unusual_prefix_377e48747e3957bb035dd88b74b86ec1d0ec8c25_stocks_etl_dag","filename":"stocks_etl_dag.py","lineno":96}
{"timestamp":"2026-08-17T19:00:05.027254Z","level":"info","event":"Filling up the DagBag from /opt/airflow/dags/stocks_etl_dag.py","logger":"airflow.dag_processing.dagbag.BundleDagBag","filename":"dagbag.py","lineno":460}
{"timestamp":"2026-08-17T19:00:09.928236Z","level":"info","event":"Pyspark imported, version: 3.5.2","logger":"unusual_prefix_377e48747e3957bb035dd88b74b86ec1d0ec8c25_stocks_etl_dag","filename":"stocks_etl_dag.py","lineno":24}
{"timestamp":"2026-08-17T19:00:09.996214Z","level":"info","event":"ETL function imported succesfully!","logger":"unusual_prefix_377e48747e3957bb035dd88b74b86ec1d0ec8c25_stocks_etl_dag","filename":"stocks_etl_dag.py","lineno":31}
{"timestamp":"2026-08-17T19:00:10.005317Z","level":"info","event":"DAG loaded sucessfully!","logger":"unusual_prefix_377e48747e3957bb035dd88b74b86ec1d0ec8c25_stocks_etl_dag","filename":"stocks_etl_dag.py","lineno":96}
{"timestamp":"2026-08-17T19:00:40.835281Z","level":"info","event":"Filling up the DagBag from /opt/airflow/dags/stocks_etl_dag.py","logger":"airflow.dag_processing.dagbag.BundleDagBag","filename":"dagbag.py","lineno":460}
{"timestamp":"2026-08-17T19:00:44.220737Z","level":"info","event":"Pyspark imported, version: 3.5.2","logger":"unusual_prefix_377e48747e3957bb035dd88b74b86ec1d0ec8c25_stocks_etl_dag","filename":"stocks_etl_dag.py","lineno":24}
{"timestamp":"2026-08-17T19:00:44.276794Z","level":"info","event":"ETL function imported succesfully!","logger":"unusual_prefix_377e48747e3957bb035dd88b74b86ec1d0ec8c25_stocks_etl_dag","filename":"stocks_etl_dag.py","lineno":31}
{"timestamp":"2026-08-17T19:00:44.293936Z","level":"info","event":"DAG loaded sucessfully!","logger":"unusual_prefix_377e48747e3957bb035dd88b74b86ec1d0ec8c25_stocks_etl_dag","filename":"stocks_etl_dag.py","lineno":96}
{"timestamp":"2026-08-17T19:01:14.701225Z","level":"info","event":"Filling up the DagBag from /opt/airflow/dags/stocks_etl_dag.py","logger":"airflow.dag_processing.dagbag.BundleDagBag","filename":"dagbag.py","lineno":460}
{"timestamp":"2026-08-17T19:01:16.502708Z","level":"info","event":"Pyspark imported, version: 3.5.2","logger":"unusual_prefix_377e48747e3957bb035dd88b74b86ec1d0ec8c25_stocks_etl_dag","filename":"stocks_etl_dag.py","lineno":24}
{"timestamp":"2026-08-17T19:01:16.519911Z","level":"info","event":"ETL function imported succesfully!","logger":"unusual_prefix_377e48747e3957bb035dd88b74b86ec1d0ec8c25_stocks_etl_dag","filename":"stocks_etl_dag.py","lineno":31}
{"timestamp":"2026-08-17T19:01:16.526945Z","level":"info","event":"DAG loaded sucessfully!","logger":"unusual_prefix_377e48747e3957bb035dd88b74b86ec1d0ec8c25_stocks_etl_dag","filename":"stocks_etl_dag.py","lineno":96}
{"timestamp":"2026-08-17T19:01:47.316641Z","level":"info","event":"Filling up the DagBag from /opt/airflow/dags/stocks_etl_dag.py","logger":"airflow.dag_processing.dagbag.BundleDagBag","filename":"dagbag.py","lineno":460}
{"timestamp":"2026-08-17T19:01:48.939003Z","level":"info","event":"Pyspark imported, version: 3.5.2","logger":"unusual_prefix_377e48747e3957bb035dd88b74b86ec1d0ec8c25_stocks_etl_dag","filename":"stocks_etl_dag.py","lineno":24}
{"timestamp":"2026-08-17T19:01:48.949510Z","level":"info","event":"ETL function imported succesfully!","logger":"unusual_prefix_377e48747e3957bb035dd88b74b86ec1d0ec8c25_stocks_etl_dag","filename":"stocks_etl_dag.py","lineno":31}
{"timestamp":"2026-08-17T19:01:48.953457Z","level":"info","event":"DAG loaded sucessfully!","logger":"unusual_prefix_377e48747e3957bb035dd88b74b86ec1d0ec8c25_stocks_etl_dag","filename":"stocks_etl_dag.py","lineno":96}
{"timestamp":"2026-08-17T19:02:19.779470Z","level":"info","event":"Filling up the DagBag from /opt/airflow/dags/stocks_etl_dag.py","logger":"airflow.dag_processing.dagbag.BundleDagBag","filename":"dagbag.py","lineno":460}
{"timestamp":"2026-08-17T19:02:21.451410Z","level":"info","event":"Pyspark imported, version: 3.5.2","logger":"unusual_prefix_377e48747e3957bb035dd88b74b86ec1d0ec8c25_stocks_etl_dag","filename":"stocks_etl_dag.py","lineno":24}
{"timestamp":"2026-08-17T19:02:21.458796Z","level":"info","event":"ETL function imported succesfully!","logger":"unusual_prefix_377e48747e3957bb035dd88b74b86ec1d0ec8c25_stocks_etl_dag","filename":"stocks_etl_dag.py","lineno":31}
{"timestamp":"2026-08-17T19:02:21.483515Z","level":"info","event":"DAG loaded sucessfully!","logger":"unusual_prefix_377e48747e3957bb035dd88b74b86ec1d0ec8c25_stocks_etl_dag","filename":"stocks_etl_dag.py","lineno":96}
{"timestamp":"2026-08-17T19:02:52.241546Z","level":"info","event":"Filling up the DagBag from /opt/airflow/dags/stocks_etl_dag.py","logger":"airflow.dag_processing.dagbag.BundleDagBag","filename":"dagbag.py","lineno":460}
{"timestamp":"2026-08-17T19:02:53.524129Z","level":"info","event":"Pyspark imported, version: 3.5.2","logger":"unusual_prefix_377e48747e3957bb035dd88b74b86ec1d0ec8c25_stocks_etl_dag","filename":"stocks_etl_dag.py","lineno":24}
{"timestamp":"2026-08-17T19:02:53.551448Z","level":"info","event":"ETL function imported succesfully!","logger":"unusual_prefix_377e48747e3957bb035dd88b74b86ec1d0ec8c25_stocks_etl_dag","filename":"stocks_etl_dag.py","lineno":31}
{"timestamp":"2026-08-17T19:02:53.567103Z","level":"info","event":"DAG loaded sucessfully!","logger":"unusual_prefix_377e48747e3957bb035dd88b74b86ec1d0ec8c25_stocks_etl_dag","filename":"stocks_etl_dag.py","lineno":96}
{"timestamp":"2026-08-17T19:03:24.359575Z","level":"info","event":"Filling up the DagBag from /opt/airflow/dags/stocks_etl_dag.py","logger":"airflow.dag_processing.dagbag.BundleDagBag","filename":"dagbag.py","lineno":460}
{"timestamp":"2026-08-17T19:03:28.022394Z","level":"info","event":"Pyspark imported, version: 3.5.2","logger":"unusual_prefix_377e48747e3957bb035dd88b74b86ec1d0ec8c25_stocks_etl_dag","filename":"stocks_etl_dag.py","lineno":24}
{"timestamp":"2026-08-17T19:03:28.046547Z","level":"info","event":"ETL function imported succesfully!","logger":"unusual_prefix_377e48747e3957bb035dd88b74b86ec1d0ec8c25_stocks_etl_dag","filename":"stocks_etl_dag.py","lineno":31}
{"timestamp":"2026-08-17T19:03:28.080003Z","level":"info","event":"DAG loaded sucessfully!","logger":"unusual_prefix_377e48747e3957bb035dd88b74b86ec1d0ec8c25_stocks_etl_dag","filename":"stocks_etl_dag.py","lineno":96}
{"timestamp":"2026-08-17T19:03:58.554119Z","level":"info","event":"Filling up the DagBag from /opt/airflow/dags/stocks_etl_dag.py","logger":"airflow.dag_processing.dagbag.BundleDagBag","filename":"dagbag.py","lineno":460}
{"timestamp":"2026-08-17T19:04:01.792579Z","level":"info","event":"Pyspark imported, version: 3.5.2","logger":"unusual_prefix_377e48747e3957bb035dd88b74b86ec1d0ec8c25_stocks_etl_dag","filename":"stocks_etl_dag.py","lineno":24}
{"timestamp":"2026-08-17T19:04:01.806716Z","level":"info","event":"ETL function imported succesfully!","logger":"unusual_prefix_377e48747e3957bb035dd88b74b86ec1d0ec8c25_stocks_etl_dag","filename":"stocks_etl_dag.py","lineno":31}
{"timestamp":"2026-08-17T19:04:01.822139Z","level":"info","event":"DAG loaded sucessfully!","logger":"unusual_prefix_377e48747e3957bb035dd88b74b86ec1d0ec8c25_stocks_etl_dag","filename":"stocks_etl_dag.py","lineno":96}
{"timestamp":"2026-08-17T19:04:32.230243Z","level":"info","event":"Filling up the DagBag from /opt/airflow/dags/stocks_etl_dag.py","logger":"airflow.dag_processing.dagbag.BundleDagBag","filename":"dagbag.py","lineno":460}
{"timestamp":"2026-08-17T19:04:33.872234Z","level":"info","event":"Pyspark imported, version: 3.5.2","logger":"unusual_prefix_377e48747e3957bb035dd88b74b86ec1d0ec8c25_stocks_etl_dag","filename":"stocks_etl_dag.py","lineno":24}
{"timestamp":"2026-08-17T19:04:33.894809Z","level":"info","event":"ETL function imported succesfully!","logger":"unusual_prefix_377e48747e3957bb035dd88b74b86ec1d0ec8c25_stocks_etl_dag","filename":"stocks_etl_dag.py","lineno":31}
{"timestamp":"2026-08-17T19:04:33.906701Z","level":"info","event":"DAG loaded sucessfully!","logger":"unusual_prefix_377e48747e3957bb035dd88b74b86ec1d0ec8c25_stocks_etl_dag","filename":"stocks_etl_dag.py","lineno":96}
{"timestamp":"2026-08-17T19:05:04.459714Z","level":"info","event":"Filling up the DagBag from /opt/airflow/dags/stocks_etl_dag.py","logger":"airflow.dag_processing.dagbag.BundleDagBag","filename":"dagbag.py","lineno":460}
{"timestamp":"2026-08-17T19:05:05.938759Z","level":"info","event":"Pyspark imported, version: 3.5.2","logger":"unusual_prefix_377e48747e3957bb035dd88b74b86ec1d0ec8c25_stocks_etl_dag","filename":"stocks_etl_dag.py","lineno":24}
{"timestamp":"2026-08-17T19:05:05.953922Z","level":"info","event":"ETL function imported succesfully!","logger":"unusual_prefix_377e48747e3957bb035dd88b74b86ec1d0ec8c25_stocks_etl_dag","filename":"stocks_etl_dag.py","lineno":31}
{"timestamp":"2026-08-17T19:05:05.963978Z","level":"info","event":"DAG loaded sucessfully!","logger":"unusual_prefix_377e48747e3957bb035dd88b74b86ec1d0ec8c25_stocks_etl_dag","filename":"stocks_etl_dag.py","lineno":96}
{"timestamp":"2026-08-17T19:05:36.675553Z","level":"info","event":"Filling up the DagBag from /opt/airflow/dags/stocks_etl_dag.py","logger":"airflow.dag_processing.dagbag.BundleDagBag","filename":"dagbag.py","lineno":460}
{"timestamp":"2026-08-17T19:05:38.123859Z","level":"info","event":"Pyspark imported, version: 3.5.2","logger":"unusual_prefix_377e48747e3957bb035dd88b74b86ec1d0ec8c25_stocks_etl_dag","filename":"stocks_etl_dag.py","lineno":24}
{"timestamp":"2026-08-17T19:05:38.141864Z","level":"info","event":"ETL function imported succesfully!","logger":"unusual_prefix_377e48747e3957bb035dd88b74b86ec1d0ec8c25_stocks_etl_dag","filename":"stocks_etl_dag.py","lineno":31}
{"timestamp":"2026-08-17T19:05:38.151202Z","level":"info","event":"DAG loaded sucessfully!","logger":"unusual_prefix_377e48747e3957bb035dd88b74b86ec1d0ec8c25_stocks_etl_dag","filename":"stocks_etl_dag.py","lineno":96}
{"timestamp":"2026-08-17T19:06:08.725657Z","level":"info","event":"Filling up the DagBag from /opt/airflow/dags/stocks_etl_dag.py","logger":"airflow.dag_processing.dagbag.BundleDagBag","filename":"dagbag.py","lineno":460}
{"timestamp":"2026-08-17T19:06:10.004840Z","level":"info","event":"Pyspark imported, version: 3.5.2","logger":"unusual_prefix_377e48747e3957bb035dd88b74b86ec1d0ec8c25_stocks_etl_dag","filename":"stocks_etl_dag.py","lineno":24}
{"timestamp":"2026-08-17T19:06:10.020340Z","level":"info","event":"ETL function imported succesfully!","logger":"unusual_prefix_377e48747e3957bb035dd88b74b86ec1d0ec8c25_stocks_etl_dag","filename":"stocks_etl_dag.py","lineno":31}
{"timestamp":"2026-08-17T19:06:10.027580Z","level":"info","event":"DAG loaded sucessfully!","logger":"unusual_prefix_377e48747e3957bb035dd88b74b86ec1d0ec8c25_stocks_etl_dag","filename":"stocks_etl_dag.py","lineno":96}
{"timestamp":"2026-08-17T19:06:36.857223Z","level":"info","event":"Filling up the DagBag from /opt/airflow/dags/stocks_etl_dag.py","logger":"airflow.dag_processing.dagbag.BundleDagBag","filename":"dagbag.py","lineno":460}
{"timestamp":"2026-08-17T19:06:40.592027Z","level":"info","event":"Pyspark imported, version: 3.5.2","logger":"unusual_prefix_377e48747e3957bb035dd88b74b86ec1d0ec8c25_stocks_etl_dag","filename":"stocks_etl_dag.py","lineno":24}
{"timestamp":"2026-08-17T19:06:40.610806Z","level":"info","event":"ETL function imported succesfully!","logger":"unusual_prefix_377e48747e3957bb035dd88b74b86ec1d0ec8c25_stocks_etl_dag","filename":"stocks_etl_dag.py","lineno":31}
{"timestamp":"2026-08-17T19:06:40.622779Z","level":"info","event":"DAG loaded sucessfully!","logger":"unusual_prefix_377e48747e3957bb035dd88b74b86ec1d0ec8c25_stocks_etl_dag","filename":"stocks_etl_dag.py","lineno":96}
{"timestamp":"2026-08-17T19:07:11.250568Z","level":"info","event":"Filling up the DagBag from /opt/airflow/dags/stocks_etl_dag.py","logger":"airflow.dag_processing.dagbag.BundleDagBag","filename":"dagbag.py","lineno":460}
{"timestamp":"2026-08-17T19:07:13.814439Z","level":"info","event":"Pyspark imported, version: 3.5.2","logger":"unusual_prefix_377e48747e3957bb035dd88b74b86ec1d0ec8c25_stocks_etl_dag","filename":"stocks_etl_dag.py","lineno":24}
{"timestamp":"2026-08-17T19:07:13.837850Z","level":"info","event":"ETL function imported succesfully!","logger":"unusual_prefix_377e48747e3957bb035dd88b74b86ec1d0ec8c25_stocks_etl_dag","filename":"stocks_etl_dag.py","lineno":31}
{"timestamp":"2026-08-17T19:07:13.846953Z","level":"info","event":"DAG loaded sucessfully!","logger":"unusual_prefix_377e48747e3957bb035dd88b74b86ec1d0ec8c25_stocks_etl_dag","filename":"stocks_etl_dag.py","lineno":96}
{"timestamp":"2026-08-17T19:07:44.527528Z","level":"info","event":"Filling up the DagBag from /opt/airflow/dags/stocks_etl_dag.py","logger":"airflow.dag_processing.dagbag.BundleDagBag","filename":"dagbag.py","lineno":460}
{"timestamp":"2026-08-17T19:07:47.580581Z","level":"info","event":"Pyspark imported, version: 3.5.2","logger":"unusual_prefix_377e48747e3957bb035dd88b74b86ec1d0ec8c25_stocks_etl_dag","filename":"stocks_etl_dag.py","lineno":24}
{"timestamp":"2026-08-17T19:07:47.592972Z","level":"info","event":"ETL function imported succesfully!","logger":"unusual_prefix_377e48747e3957bb035dd88b74b86ec1d0ec8c25_stocks_etl_dag","filename":"stocks_etl_dag.py","lineno":31}
{"timestamp":"2026-08-17T19:07:47.600254Z","level":"info","event":"DAG loaded sucessfully!","logger":"unusual_prefix_377e48747e3957bb035dd88b74b86ec1d0ec8c25_stocks_etl_dag","filename":"stocks_etl_dag.py","lineno":96}
{"timestamp":"2026-08-17T19:08:18.017846Z","level":"info","event":"Filling up the DagBag from /opt/airflow/dags/stocks_etl_dag.py","logger":"airflow.dag_processing.dagbag.BundleDagBag","filename":"dagbag.py","lineno":460}
{"timestamp":"2026-08-17T19:08:19.314883Z","level":"info","event":"Pyspark imported, version: 3.5.2","logger":"unusual_prefix_377e48747e3957bb035dd88b74b86ec1d0ec8c25_stocks_etl_dag","filename":"stocks_etl_dag.py","lineno":24}
{"timestamp":"2026-08-17T19:08:19.332054Z","level":"info","event":"ETL function imported succesfully!","logger":"unusual_prefix_377e48747e3957bb035dd88b74b86ec1d0ec8c25_stocks_etl_dag","filename":"stocks_etl_dag.py","lineno":31}
{"timestamp":"2026-08-17T19:08:19.340585Z","level":"info","event":"DAG loaded sucessfully!","logger":"unusual_prefix_377e48747e3957bb035dd88b74b86ec1d0ec8c25_stocks_etl_dag","filename":"stocks_etl_dag.py","lineno":96}
{"timestamp":"2026-08-17T19:08:49.833031Z","level":"info","event":"Filling up the DagBag from /opt/airflow/dags/stocks_etl_dag.py","logger":"airflow.dag_processing.dagbag.BundleDagBag","filename":"dagbag.py","lineno":460}
{"timestamp":"2026-08-17T19:08:51.143726Z","level":"info","event":"Pyspark imported, version: 3.5.2","logger":"unusual_prefix_377e48747e3957bb035dd88b74b86ec1d0ec8c25_stocks_etl_dag","filename":"stocks_etl_dag.py","lineno":24}
{"timestamp":"2026-08-17T19:08:51.159640Z","level":"info","event":"ETL function imported succesfully!","logger":"unusual_prefix_377e48747e3957bb035dd88b74b86ec1d0ec8c25_stocks_etl_dag","filename":"stocks_etl_dag.py","lineno":31}
{"timestamp":"2026-08-17T19:08:51.166127Z","level":"info","event":"DAG loaded sucessfully!","logger":"unusual_prefix_377e48747e3957bb035dd88b74b86ec1d0ec8c25_stocks_etl_dag","filename":"stocks_etl_dag.py","lineno":96}
{"timestamp":"2026-08-17T19:09:21.689270Z","level":"info","event":"Filling up the DagBag from /opt/airflow/dags/stocks_etl_dag.py","logger":"airflow.dag_processing.dagbag.BundleDagBag","filename":"dagbag.py","lineno":460}
{"timestamp":"2026-08-17T19:09:23.060843Z","level":"info","event":"Pyspark imported, version: 3.5.2","logger":"unusual_prefix_377e48747e3957bb035dd88b74b86ec1d0ec8c25_stocks_etl_dag","filename":"stocks_etl_dag.py","lineno":24}
{"timestamp":"2026-08-17T19:09:23.077640Z","level":"info","event":"ETL function imported succesfully!","logger":"unusual_prefix_377e48747e3957bb035dd88b74b86ec1d0ec8c25_stocks_etl_dag","filename":"stocks_etl_dag.py","lineno":31}
{"timestamp":"2026-08-17T19:09:23.084151Z","level":"info","event":"DAG loaded sucessfully!","logger":"unusual_prefix_377e48747e3957bb035dd88b74b86ec1d0ec8c25_stocks_etl_dag","filename":"stocks_etl_dag.py","lineno":96}
{"timestamp":"2026-08-17T19:09:53.302885Z","level":"info","event":"Filling up the DagBag from /opt/airflow/dags/stocks_etl_dag.py","logger":"airflow.dag_processing.dagbag.BundleDagBag","filename":"dagbag.py","lineno":460}
{"timestamp":"2026-08-17T19:09:55.352452Z","level":"info","event":"Pyspark imported, version: 3.5.2","logger":"unusual_prefix_377e48747e3957bb035dd88b74b86ec1d0ec8c25_stocks_etl_dag","filename":"stocks_etl_dag.py","lineno":24}
{"timestamp":"2026-08-17T19:09:55.369302Z","level":"info","event":"ETL function imported succesfully!","logger":"unusual_prefix_377e48747e3957bb035dd88b74b86ec1d0ec8c25_stocks_etl_dag","filename":"stocks_etl_dag.py","lineno":31}
{"timestamp":"2026-08-17T19:09:55.380050Z","level":"info","event":"DAG loaded sucessfully!","logger":"unusual_prefix_377e48747e3957bb035dd88b74b86ec1d0ec8c25_stocks_etl_dag","filename":"stocks_etl_dag.py","lineno":96}
{"timestamp":"2026-08-17T19:10:25.875544Z","level":"info","event":"Filling up the DagBag from /opt/airflow/dags/stocks_etl_dag.py","logger":"airflow.dag_processing.dagbag.BundleDagBag","filename":"dagbag.py","lineno":460}
{"timestamp":"2026-08-17T19:10:27.435578Z","level":"info","event":"Pyspark imported, version: 3.5.2","logger":"unusual_prefix_377e48747e3957bb035dd88b74b86ec1d0ec8c25_stocks_etl_dag","filename":"stocks_etl_dag.py","lineno":24}
{"timestamp":"2026-08-17T19:10:27.450992Z","level":"info","event":"ETL function imported succesfully!","logger":"unusual_prefix_377e48747e3957bb035dd88b74b86ec1d0ec8c25_stocks_etl_dag","filename":"stocks_etl_dag.py","lineno":31}
{"timestamp":"2026-08-17T19:10:27.459628Z","level":"info","event":"DAG loaded sucessfully!","logger":"unusual_prefix_377e48747e3957bb035dd88b74b86ec1d0ec8c25_stocks_etl_dag","filename":"stocks_etl_dag.py","lineno":96}
{"timestamp":"2026-08-17T19:10:57.784232Z","level":"info","event":"Filling up the DagBag from /opt/airflow/dags/stocks_etl_dag.py","logger":"airflow.dag_processing.dagbag.BundleDagBag","filename":"dagbag.py","lineno":460}
{"timestamp":"2026-08-17T19:11:00.572495Z","level":"info","event":"Pyspark imported, version: 3.5.2","logger":"unusual_prefix_377e48747e3957bb035dd88b74b86ec1d0ec8c25_stocks_etl_dag","filename":"stocks_etl_dag.py","lineno":24}
{"timestamp":"2026-08-17T19:11:00.585513Z","level":"info","event":"ETL function imported succesfully!","logger":"unusual_prefix_377e48747e3957bb035dd88b74b86ec1d0ec8c25_stocks_etl_dag","filename":"stocks_etl_dag.py","lineno":31}
{"timestamp":"2026-08-17T19:11:00.596035Z","level":"info","event":"DAG loaded sucessfully!","logger":"unusual_prefix_377e48747e3957bb035dd88b74b86ec1d0ec8c25_stocks_etl_dag","filename":"stocks_etl_dag.py","lineno":96}
{"timestamp":"2026-08-17T19:11:25.371006Z","level":"info","event":"Filling up the DagBag from /opt/airflow/dags/stocks_etl_dag.py","logger":"airflow.dag_processing.dagbag.BundleDagBag","filename":"dagbag.py","lineno":460}
{"timestamp":"2026-08-17T19:11:27.755895Z","level":"info","event":"Pyspark imported, version: 3.5.2","logger":"unusual_prefix_377e48747e3957bb035dd88b74b86ec1d0ec8c25_stocks_etl_dag","filename":"stocks_etl_dag.py","lineno":24}
{"timestamp":"2026-08-17T19:11:27.773695Z","level":"info","event":"ETL function imported succesfully!","logger":"unusual_prefix_377e48747e3957bb035dd88b74b86ec1d0ec8c25_stocks_etl_dag","filename":"stocks_etl_dag.py","lineno":31}
{"timestamp":"2026-08-17T19:11:27.782460Z","level":"info","event":"DAG loaded sucessfully!","logger":"unusual_prefix_377e48747e3957bb035dd88b74b86ec1d0ec8c25_stocks_etl_dag","filename":"stocks_etl_dag.py","lineno":96}
{"timestamp":"2026-08-17T19:11:58.377972Z","level":"info","event":"Filling up the DagBag from /opt/airflow/dags/stocks_etl_dag.py","logger":"airflow.dag_processing.dagbag.BundleDagBag","filename":"dagbag.py","lineno":460}
{"timestamp":"2026-08-17T19:12:00.367654Z","level":"info","event":"Pyspark imported, version: 3.5.2","logger":"unusual_prefix_377e48747e3957bb035dd88b74b86ec1d0ec8c25_stocks_etl_dag","filename":"stocks_etl_dag.py","lineno":24}
{"timestamp":"2026-08-17T19:12:00.380560Z","level":"info","event":"ETL function imported succesfully!","logger":"unusual_prefix_377e48747e3957bb035dd88b74b86ec1d0ec8c25_stocks_etl_dag","filename":"stocks_etl_dag.py","lineno":31}
{"timestamp":"2026-08-17T19:12:00.385934Z","level":"info","event":"DAG loaded sucessfully!","logger":"unusual_prefix_377e48747e3957bb035dd88b74b86ec1d0ec8c25_stocks_etl_dag","filename":"stocks_etl_dag.py","lineno":96}
{"timestamp":"2026-08-17T19:12:31.245892Z","level":"info","event":"Filling up the DagBag from /opt/airflow/dags/stocks_etl_dag.py","logger":"airflow.dag_processing.dagbag.BundleDagBag","filename":"dagbag.py","lineno":460}
{"timestamp":"2026-08-17T19:12:33.078213Z","level":"info","event":"Pyspark imported, version: 3.5.2","logger":"unusual_prefix_377e48747e3957bb035dd88b74b86ec1d0ec8c25_stocks_etl_dag","filename":"stocks_etl_dag.py","lineno":24}
{"timestamp":"2026-08-17T19:12:33.095718Z","level":"info","event":"ETL function imported succesfully!","logger":"unusual_prefix_377e48747e3957bb035dd88b74b86ec1d0ec8c25_stocks_etl_dag","filename":"stocks_etl_dag.py","lineno":31}
{"timestamp":"2026-08-17T19:12:33.122591Z","level":"info","event":"DAG loaded sucessfully!","logger":"unusual_prefix_377e48747e3957bb035dd88b74b86ec1d0ec8c25_stocks_etl_dag","filename":"stocks_etl_dag.py","lineno":96}
{"timestamp":"2026-08-17T19:13:03.919873Z","level":"info","event":"Filling up the DagBag from /opt/airflow/dags/stocks_etl_dag.py","logger":"airflow.dag_processing.dagbag.BundleDagBag","filename":"dagbag.py","lineno":460}
{"timestamp":"2026-08-17T19:13:05.471215Z","level":"info","event":"Pyspark imported, version: 3.5.2","logger":"unusual_prefix_377e48747e3957bb035dd88b74b86ec1d0ec8c25_stocks_etl_dag","filename":"stocks_etl_dag.py","lineno":24}
{"timestamp":"2026-08-17T19:13:05.495736Z","level":"info","event":"ETL function imported succesfully!","logger":"unusual_prefix_377e48747e3957bb035dd88b74b86ec1d0ec8c25_stocks_etl_dag","filename":"stocks_etl_dag.py","lineno":31}
{"timestamp":"2026-08-17T19:13:05.503110Z","level":"info","event":"DAG loaded sucessfully!","logger":"unusual_prefix_377e48747e3957bb035dd88b74b86ec1d0ec8c25_stocks_etl_dag","filename":"stocks_etl_dag.py","lineno":96}
{"timestamp":"2026-08-17T19:13:35.717982Z","level":"info","event":"Filling up the DagBag from /opt/airflow/dags/stocks_etl_dag.py","logger":"airflow.dag_processing.dagbag.BundleDagBag","filename":"dagbag.py","lineno":460}
{"timestamp":"2026-08-17T19:13:41.486610Z","level":"info","event":"Pyspark imported, version: 3.5.2","logger":"unusual_prefix_377e48747e3957bb035dd88b74b86ec1d0ec8c25_stocks_etl_dag","filename":"stocks_etl_dag.py","lineno":24}
{"timestamp":"2026-08-17T19:13:41.499655Z","level":"info","event":"ETL function imported succesfully!","logger":"unusual_prefix_377e48747e3957bb035dd88b74b86ec1d0ec8c25_stocks_etl_dag","filename":"stocks_etl_dag.py","lineno":31}
{"timestamp":"2026-08-17T19:13:41.505258Z","level":"info","event":"DAG loaded sucessfully!","logger":"unusual_prefix_377e48747e3957bb035dd88b74b86ec1d0ec8c25_stocks_etl_dag","filename":"stocks_etl_dag.py","lineno":96}
{"timestamp":"2026-08-17T19:13:55.973141Z","level":"info","event":"Filling up the DagBag from /opt/airflow/dags/stocks_etl_dag.py","logger":"airflow.dag_processing.dagbag.BundleDagBag","filename":"dagbag.py","lineno":460}
{"timestamp":"2026-08-17T19:13:57.823457Z","level":"info","event":"Pyspark imported, version: 3.5.2","logger":"unusual_prefix_377e48747e3957bb035dd88b74b86ec1d0ec8c25_stocks_etl_dag","filename":"stocks_etl_dag.py","lineno":24}
{"timestamp":"2026-08-17T19:13:57.832712Z","level":"info","event":"ETL function imported succesfully!","logger":"unusual_prefix_377e48747e3957bb035dd88b74b86ec1d0ec8c25_stocks_etl_dag","filename":"stocks_etl_dag.py","lineno":31}
{"timestamp":"2026-08-17T19:13:57.862344Z","level":"info","event":"DAG loaded sucessfully!","logger":"unusual_prefix_377e48747e3957bb035dd88b74b86ec1d0ec8c25_stocks_etl_dag","filename":"stocks_etl_dag.py","lineno":96}
{"timestamp":"2026-08-17T19:13:58.294881Z","level":"info","event":"Filling up the DagBag from /opt/airflow/dags/stocks_etl_dag.py","logger":"airflow.dag_processing.dagbag.BundleDagBag","filename":"dagbag.py","lineno":460}
{"timestamp":"2026-08-17T19:13:59.561083Z","level":"info","event":"Pyspark imported, version: 3.5.2","logger":"unusual_prefix_377e48747e3957bb035dd88b74b86ec1d0ec8c25_stocks_etl_dag","filename":"stocks_etl_dag.py","lineno":24}
{"timestamp":"2026-08-17T19:13:59.593164Z","level":"info","event":"ETL function imported succesfully!","logger":"unusual_prefix_377e48747e3957bb035dd88b74b86ec1d0ec8c25_stocks_etl_dag","filename":"stocks_etl_dag.py","lineno":31}
{"timestamp":"2026-08-17T19:13:59.600499Z","level":"info","event":"DAG loaded sucessfully!","logger":"unusual_prefix_377e48747e3957bb035dd88b74b86ec1d0ec8c25_stocks_etl_dag","filename":"stocks_etl_dag.py","lineno":96}
{"timestamp":"2026-08-17T19:14:16.421476Z","level":"info","event":"Filling up the DagBag from /opt/airflow/dags/stocks_etl_dag.py","logger":"airflow.dag_processing.dagbag.BundleDagBag","filename":"dagbag.py","lineno":460}
{"timestamp":"2026-08-17T19:14:18.404846Z","level":"info","event":"Pyspark imported, version: 3.5.2","logger":"unusual_prefix_377e48747e3957bb035dd88b74b86ec1d0ec8c25_stocks_etl_dag","filename":"stocks_etl_dag.py","lineno":24}
{"timestamp":"2026-08-17T19:14:18.420259Z","level":"info","event":"ETL function imported succesfully!","logger":"unusual_prefix_377e48747e3957bb035dd88b74b86ec1d0ec8c25_stocks_etl_dag","filename":"stocks_etl_dag.py","lineno":31}
{"timestamp":"2026-08-17T19:14:18.478005Z","level":"info","event":"DAG loaded sucessfully!","logger":"unusual_prefix_377e48747e3957bb035dd88b74b86ec1d0ec8c25_stocks_etl_dag","filename":"stocks_etl_dag.py","lineno":96}
{"timestamp":"2026-08-17T19:14:49.085965Z","level":"info","event":"Filling up the DagBag from /opt/airflow/dags/stocks_etl_dag.py","logger":"airflow.dag_processing.dagbag.BundleDagBag","filename":"dagbag.py","lineno":460}
{"timestamp":"2026-08-17T19:14:51.907922Z","level":"info","event":"Pyspark imported, version: 3.5.2","logger":"unusual_prefix_377e48747e3957bb035dd88b74b86ec1d0ec8c25_stocks_etl_dag","filename":"stocks_etl_dag.py","lineno":24}
{"timestamp":"2026-08-17T19:14:51.924389Z","level":"info","event":"ETL function imported succesfully!","logger":"unusual_prefix_377e48747e3957bb035dd88b74b86ec1d0ec8c25_stocks_etl_dag","filename":"stocks_etl_dag.py","lineno":31}
{"timestamp":"2026-08-17T19:14:51.946198Z","level":"info","event":"DAG loaded sucessfully!","logger":"unusual_prefix_377e48747e3957bb035dd88b74b86ec1d0ec8c25_stocks_etl_dag","filename":"stocks_etl_dag.py","lineno":96}
{"timestamp":"2026-08-17T19:15:22.927198Z","level":"info","event":"Filling up the DagBag from /opt/airflow/dags/stocks_etl_dag.py","logger":"airflow.dag_processing.dagbag.BundleDagBag","filename":"dagbag.py","lineno":460}
{"timestamp":"2026-08-17T19:15:31.143902Z","level":"info","event":"Pyspark imported, version: 3.5.2","logger":"unusual_prefix_377e48747e3957bb035dd88b74b86ec1d0ec8c25_stocks_etl_dag","filename":"stocks_etl_dag.py","lineno":24}
{"timestamp":"2026-08-17T19:15:31.478838Z","level":"info","event":"ETL function imported succesfully!","logger":"unusual_prefix_377e48747e3957bb035dd88b74b86ec1d0ec8c25_stocks_etl_dag","filename":"stocks_etl_dag.py","lineno":31}
{"timestamp":"2026-08-17T19:15:31.519643Z","level":"info","event":"DAG loaded sucessfully!","logger":"unusual_prefix_377e48747e3957bb035dd88b74b86ec1d0ec8c25_stocks_etl_dag","filename":"stocks_etl_dag.py","lineno":96}
{"timestamp":"2026-08-17T19:16:16.800573Z","level":"info","event":"Filling up the DagBag from /opt/airflow/dags/stocks_etl_dag.py","logger":"airflow.dag_processing.dagbag.BundleDagBag","filename":"dagbag.py","lineno":460}
{"timestamp":"2026-08-17T19:16:55.750043Z","level":"error","event":"Process timed out, PID: 4605","logger":"airflow.dag_processing.importers.python_importer","filename":"python_importer.py","lineno":62}
{"timestamp":"2026-08-17T19:16:55.751843Z","level":"error","event":"Failed to import: /opt/airflow/dags/stocks_etl_dag.py","logger":"airflow.dag_processing.importers.python_importer","filename":"python_importer.py","lineno":244,"error_detail":[{"exc_type":"AirflowTaskTimeout","exc_value":"DagBag import timeout for /opt/airflow/dags/stocks_etl_dag.py after 30.0s.\nPlease take a look at these docs to improve your DAG import time:\n* https://airflow.apache.org/docs/apache-airflow/3.3.0/best-practices.html#top-level-python-code\n* https://airflow.apache.org/docs/apache-airflow/3.3.0/best-practices.html#reducing-dag-complexity, PID: 4605","exc_notes":[],"syntax_error":null,"is_cause":false,"frames":[{"filename":"/home/airflow/.local/lib/python3.13/site-packages/airflow/dag_processing/importers/python_importer.py","lineno":238,"name":"parse"},{"filename":"<frozen importlib._bootstrap_external>","lineno":1023,"name":"exec_module"},{"filename":"<frozen importlib._bootstrap>","lineno":488,"name":"_call_with_frames_removed"},{"filename":"/opt/airflow/dags/stocks_etl_dag.py","lineno":3,"name":"<module>"},{"filename":"/home/airflow/.local/lib/python3.13/site-packages/yfinance/__init__.py","lineno":23,"name":"<module>"},{"filename":"/home/airflow/.local/lib/python3.13/site-packages/yfinance/search.py","lineno":27,"name":"<module>"},{"filename":"/home/airflow/.local/lib/python3.13/site-packages/yfinance/data.py","lineno":6,"name":"<module>"},{"filename":"/home/airflow/.local/lib/python3.13/site-packages/yfinance/_http.py","lineno":23,"name":"<module>"},{"filename":"/home/airflow/.local/lib/python3.13/site-packages/curl_cffi/__init__.py","lineno":54,"name":"<module>"},{"filename":"/home/airflow/.local/lib/python3.13/site-packages/curl_cffi/__version__.py","lineno":4,"name":"<module>"},{"filename":"/usr/python/lib/python3.13/importlib/metadata/__init__.py","lineno":977,"name":"metadata"},{"filename":"/usr/python/lib/python3.13/importlib/metadata/__init__.py","lineno":407,"name":"from_name"},{"filename":"/usr/python/lib/python3.13/importlib/metadata/__init__.py","lineno":428,"name":"<genexpr>"},{"filename":"<frozen importlib._bootstrap_external>","lineno":1583,"name":"find_distributions"},{"filename":"/usr/python/lib/python3.13/importlib/metadata/__init__.py","lineno":883,"name":"find_distributions"},{"filename":"/usr/python/lib/python3.13/importlib/metadata/__init__.py","lineno":889,"name":"_search_paths"},{"filename":"/usr/python/lib/python3.13/importlib/metadata/__init__.py","lineno":848,"name":"__init__"},{"filename":"/usr/python/lib/python3.13/importlib/metadata/__init__.py","lineno":856,"name":"normalize"},{"filename":"/usr/python/lib/python3.13/re/__init__.py","lineno":208,"name":"sub"},{"filename":"/home/airflow/.local/lib/python3.13/site-packages/airflow/dag_processing/importers/python_importer.py","lineno":65,"name":"handle_timeout"}],"is_group":false,"exceptions":[]}]}
{"timestamp":"2026-08-17T19:16:57.829966Z","level":"error","event":"Error loading DAG from stocks_etl_dag.py: DagBag import timeout for /opt/airflow/dags/stocks_etl_dag.py after 30.0s.\nPlease take a look at these docs to improve your DAG import time:\n* https://airflow.apache.org/docs/apache-airflow/3.3.0/best-practices.html#top-level-python-code\n* https://airflow.apache.org/docs/apache-airflow/3.3.0/best-practices.html#reducing-dag-complexity, PID: 4605","logger":"airflow.dag_processing.dagbag.BundleDagBag","filename":"dagbag.py","lineno":319}
{"timestamp":"2026-08-17T19:17:29.372224Z","level":"info","event":"Filling up the DagBag from /opt/airflow/dags/stocks_etl_dag.py","logger":"airflow.dag_processing.dagbag.BundleDagBag","filename":"dagbag.py","lineno":460}
{"timestamp":"2026-08-17T19:17:43.213986Z","level":"info","event":"Pyspark imported, version: 3.5.2","logger":"unusual_prefix_377e48747e3957bb035dd88b74b86ec1d0ec8c25_stocks_etl_dag","filename":"stocks_etl_dag.py","lineno":24}
{"timestamp":"2026-08-17T19:17:43.246149Z","level":"info","event":"ETL function imported succesfully!","logger":"unusual_prefix_377e48747e3957bb035dd88b74b86ec1d0ec8c25_stocks_etl_dag","filename":"stocks_etl_dag.py","lineno":31}
{"timestamp":"2026-08-17T19:17:43.278877Z","level":"info","event":"DAG loaded sucessfully!","logger":"unusual_prefix_377e48747e3957bb035dd88b74b86ec1d0ec8c25_stocks_etl_dag","filename":"stocks_etl_dag.py","lineno":96}
{"timestamp":"2026-08-17T19:18:14.085343Z","level":"info","event":"Filling up the DagBag from /opt/airflow/dags/stocks_etl_dag.py","logger":"airflow.dag_processing.dagbag.BundleDagBag","filename":"dagbag.py","lineno":460}
{"timestamp":"2026-08-17T19:18:15.977140Z","level":"info","event":"Pyspark imported, version: 3.5.2","logger":"unusual_prefix_377e48747e3957bb035dd88b74b86ec1d0ec8c25_stocks_etl_dag","filename":"stocks_etl_dag.py","lineno":24}
{"timestamp":"2026-08-17T19:18:15.990620Z","level":"info","event":"ETL function imported succesfully!","logger":"unusual_prefix_377e48747e3957bb035dd88b74b86ec1d0ec8c25_stocks_etl_dag","filename":"stocks_etl_dag.py","lineno":31}
{"timestamp":"2026-08-17T19:18:16.019132Z","level":"info","event":"DAG loaded sucessfully!","logger":"unusual_prefix_377e48747e3957bb035dd88b74b86ec1d0ec8c25_stocks_etl_dag","filename":"stocks_etl_dag.py","lineno":96}
{"timestamp":"2026-08-17T19:18:46.512190Z","level":"info","event":"Filling up the DagBag from /opt/airflow/dags/stocks_etl_dag.py","logger":"airflow.dag_processing.dagbag.BundleDagBag","filename":"dagbag.py","lineno":460}
{"timestamp":"2026-08-17T19:18:48.191763Z","level":"info","event":"Pyspark imported, version: 3.5.2","logger":"unusual_prefix_377e48747e3957bb035dd88b74b86ec1d0ec8c25_stocks_etl_dag","filename":"stocks_etl_dag.py","lineno":24}
{"timestamp":"2026-08-17T19:18:48.211502Z","level":"info","event":"ETL function imported succesfully!","logger":"unusual_prefix_377e48747e3957bb035dd88b74b86ec1d0ec8c25_stocks_etl_dag","filename":"stocks_etl_dag.py","lineno":31}
{"timestamp":"2026-08-17T19:18:48.218483Z","level":"info","event":"DAG loaded sucessfully!","logger":"unusual_prefix_377e48747e3957bb035dd88b74b86ec1d0ec8c25_stocks_etl_dag","filename":"stocks_etl_dag.py","lineno":96}
{"timestamp":"2026-08-17T19:19:18.709556Z","level":"info","event":"Filling up the DagBag from /opt/airflow/dags/stocks_etl_dag.py","logger":"airflow.dag_processing.dagbag.BundleDagBag","filename":"dagbag.py","lineno":460}
{"timestamp":"2026-08-17T19:19:20.682567Z","level":"info","event":"Pyspark imported, version: 3.5.2","logger":"unusual_prefix_377e48747e3957bb035dd88b74b86ec1d0ec8c25_stocks_etl_dag","filename":"stocks_etl_dag.py","lineno":24}
{"timestamp":"2026-08-17T19:19:20.690830Z","level":"info","event":"ETL function imported succesfully!","logger":"unusual_prefix_377e48747e3957bb035dd88b74b86ec1d0ec8c25_stocks_etl_dag","filename":"stocks_etl_dag.py","lineno":31}
{"timestamp":"2026-08-17T19:19:20.697566Z","level":"info","event":"DAG loaded sucessfully!","logger":"unusual_prefix_377e48747e3957bb035dd88b74b86ec1d0ec8c25_stocks_etl_dag","filename":"stocks_etl_dag.py","lineno":96}
{"timestamp":"2026-08-17T19:19:51.146427Z","level":"info","event":"Filling up the DagBag from /opt/airflow/dags/stocks_etl_dag.py","logger":"airflow.dag_processing.dagbag.BundleDagBag","filename":"dagbag.py","lineno":460}
{"timestamp":"2026-08-17T19:19:59.094639Z","level":"info","event":"Pyspark imported, version: 3.5.2","logger":"unusual_prefix_377e48747e3957bb035dd88b74b86ec1d0ec8c25_stocks_etl_dag","filename":"stocks_etl_dag.py","lineno":24}
{"timestamp":"2026-08-17T19:19:59.107699Z","level":"info","event":"ETL function imported succesfully!","logger":"unusual_prefix_377e48747e3957bb035dd88b74b86ec1d0ec8c25_stocks_etl_dag","filename":"stocks_etl_dag.py","lineno":31}
{"timestamp":"2026-08-17T19:19:59.130323Z","level":"info","event":"DAG loaded sucessfully!","logger":"unusual_prefix_377e48747e3957bb035dd88b74b86ec1d0ec8c25_stocks_etl_dag","filename":"stocks_etl_dag.py","lineno":96}
{"timestamp":"2026-08-17T19:20:29.733924Z","level":"info","event":"Filling up the DagBag from /opt/airflow/dags/stocks_etl_dag.py","logger":"airflow.dag_processing.dagbag.BundleDagBag","filename":"dagbag.py","lineno":460}
{"timestamp":"2026-08-17T19:20:31.755408Z","level":"info","event":"Pyspark imported, version: 3.5.2","logger":"unusual_prefix_377e48747e3957bb035dd88b74b86ec1d0ec8c25_stocks_etl_dag","filename":"stocks_etl_dag.py","lineno":24}
{"timestamp":"2026-08-17T19:20:31.769504Z","level":"info","event":"ETL function imported succesfully!","logger":"unusual_prefix_377e48747e3957bb035dd88b74b86ec1d0ec8c25_stocks_etl_dag","filename":"stocks_etl_dag.py","lineno":31}
{"timestamp":"2026-08-17T19:20:31.774493Z","level":"info","event":"DAG loaded sucessfully!","logger":"unusual_prefix_377e48747e3957bb035dd88b74b86ec1d0ec8c25_stocks_etl_dag","filename":"stocks_etl_dag.py","lineno":96}
{"timestamp":"2026-08-17T19:21:03.059976Z","level":"info","event":"Filling up the DagBag from /opt/airflow/dags/stocks_etl_dag.py","logger":"airflow.dag_processing.dagbag.BundleDagBag","filename":"dagbag.py","lineno":460}
{"timestamp":"2026-08-17T19:21:08.366702Z","level":"info","event":"Pyspark imported, version: 3.5.2","logger":"unusual_prefix_377e48747e3957bb035dd88b74b86ec1d0ec8c25_stocks_etl_dag","filename":"stocks_etl_dag.py","lineno":24}
{"timestamp":"2026-08-17T19:21:08.386120Z","level":"info","event":"ETL function imported succesfully!","logger":"unusual_prefix_377e48747e3957bb035dd88b74b86ec1d0ec8c25_stocks_etl_dag","filename":"stocks_etl_dag.py","lineno":31}
{"timestamp":"2026-08-17T19:21:08.407498Z","level":"info","event":"DAG loaded sucessfully!","logger":"unusual_prefix_377e48747e3957bb035dd88b74b86ec1d0ec8c25_stocks_etl_dag","filename":"stocks_etl_dag.py","lineno":96}
{"timestamp":"2026-08-17T19:21:39.139870Z","level":"info","event":"Filling up the DagBag from /opt/airflow/dags/stocks_etl_dag.py","logger":"airflow.dag_processing.dagbag.BundleDagBag","filename":"dagbag.py","lineno":460}
{"timestamp":"2026-08-17T19:21:41.714271Z","level":"info","event":"Pyspark imported, version: 3.5.2","logger":"unusual_prefix_377e48747e3957bb035dd88b74b86ec1d0ec8c25_stocks_etl_dag","filename":"stocks_etl_dag.py","lineno":24}
{"timestamp":"2026-08-17T19:21:41.726445Z","level":"info","event":"ETL function imported succesfully!","logger":"unusual_prefix_377e48747e3957bb035dd88b74b86ec1d0ec8c25_stocks_etl_dag","filename":"stocks_etl_dag.py","lineno":31}
{"timestamp":"2026-08-17T19:21:41.734323Z","level":"info","event":"DAG loaded sucessfully!","logger":"unusual_prefix_377e48747e3957bb035dd88b74b86ec1d0ec8c25_stocks_etl_dag","filename":"stocks_etl_dag.py","lineno":96}
{"timestamp":"2026-08-17T19:22:11.980036Z","level":"info","event":"Filling up the DagBag from /opt/airflow/dags/stocks_etl_dag.py","logger":"airflow.dag_processing.dagbag.BundleDagBag","filename":"dagbag.py","lineno":460}
{"timestamp":"2026-08-17T19:22:13.547616Z","level":"info","event":"Pyspark imported, version: 3.5.2","logger":"unusual_prefix_377e48747e3957bb035dd88b74b86ec1d0ec8c25_stocks_etl_dag","filename":"stocks_etl_dag.py","lineno":24}
{"timestamp":"2026-08-17T19:22:13.555884Z","level":"info","event":"ETL function imported succesfully!","logger":"unusual_prefix_377e48747e3957bb035dd88b74b86ec1d0ec8c25_stocks_etl_dag","filename":"stocks_etl_dag.py","lineno":31}
{"timestamp":"2026-08-17T19:22:13.561175Z","level":"info","event":"DAG loaded sucessfully!","logger":"unusual_prefix_377e48747e3957bb035dd88b74b86ec1d0ec8c25_stocks_etl_dag","filename":"stocks_etl_dag.py","lineno":96}
{"timestamp":"2026-08-17T19:22:44.012237Z","level":"info","event":"Filling up the DagBag from /opt/airflow/dags/stocks_etl_dag.py","logger":"airflow.dag_processing.dagbag.BundleDagBag","filename":"dagbag.py","lineno":460}
{"timestamp":"2026-08-17T19:22:48.316607Z","level":"info","event":"Pyspark imported, version: 3.5.2","logger":"unusual_prefix_377e48747e3957bb035dd88b74b86ec1d0ec8c25_stocks_etl_dag","filename":"stocks_etl_dag.py","lineno":24}
{"timestamp":"2026-08-17T19:22:48.365667Z","level":"info","event":"ETL function imported succesfully!","logger":"unusual_prefix_377e48747e3957bb035dd88b74b86ec1d0ec8c25_stocks_etl_dag","filename":"stocks_etl_dag.py","lineno":31}
{"timestamp":"2026-08-17T19:22:48.394904Z","level":"info","event":"DAG loaded sucessfully!","logger":"unusual_prefix_377e48747e3957bb035dd88b74b86ec1d0ec8c25_stocks_etl_dag","filename":"stocks_etl_dag.py","lineno":96}
{"timestamp":"2026-08-17T19:23:18.707663Z","level":"info","event":"Filling up the DagBag from /opt/airflow/dags/stocks_etl_dag.py","logger":"airflow.dag_processing.dagbag.BundleDagBag","filename":"dagbag.py","lineno":460}
{"timestamp":"2026-08-17T19:23:20.237766Z","level":"info","event":"Pyspark imported, version: 3.5.2","logger":"unusual_prefix_377e48747e3957bb035dd88b74b86ec1d0ec8c25_stocks_etl_dag","filename":"stocks_etl_dag.py","lineno":24}
{"timestamp":"2026-08-17T19:23:20.248945Z","level":"info","event":"ETL function imported succesfully!","logger":"unusual_prefix_377e48747e3957bb035dd88b74b86ec1d0ec8c25_stocks_etl_dag","filename":"stocks_etl_dag.py","lineno":31}
{"timestamp":"2026-08-17T19:23:20.253337Z","level":"info","event":"DAG loaded sucessfully!","logger":"unusual_prefix_377e48747e3957bb035dd88b74b86ec1d0ec8c25_stocks_etl_dag","filename":"stocks_etl_dag.py","lineno":96}
{"timestamp":"2026-08-17T19:23:50.801611Z","level":"info","event":"Filling up the DagBag from /opt/airflow/dags/stocks_etl_dag.py","logger":"airflow.dag_processing.dagbag.BundleDagBag","filename":"dagbag.py","lineno":460}
{"timestamp":"2026-08-17T19:23:52.958548Z","level":"info","event":"Pyspark imported, version: 3.5.2","logger":"unusual_prefix_377e48747e3957bb035dd88b74b86ec1d0ec8c25_stocks_etl_dag","filename":"stocks_etl_dag.py","lineno":24}
{"timestamp":"2026-08-17T19:23:52.972557Z","level":"info","event":"ETL function imported succesfully!","logger":"unusual_prefix_377e48747e3957bb035dd88b74b86ec1d0ec8c25_stocks_etl_dag","filename":"stocks_etl_dag.py","lineno":31}
{"timestamp":"2026-08-17T19:23:52.994494Z","level":"info","event":"DAG loaded sucessfully!","logger":"unusual_prefix_377e48747e3957bb035dd88b74b86ec1d0ec8c25_stocks_etl_dag","filename":"stocks_etl_dag.py","lineno":96}
{"timestamp":"2026-08-17T19:24:23.450536Z","level":"info","event":"Filling up the DagBag from /opt/airflow/dags/stocks_etl_dag.py","logger":"airflow.dag_processing.dagbag.BundleDagBag","filename":"dagbag.py","lineno":460}
{"timestamp":"2026-08-17T19:24:27.659012Z","level":"info","event":"Pyspark imported, version: 3.5.2","logger":"unusual_prefix_377e48747e3957bb035dd88b74b86ec1d0ec8c25_stocks_etl_dag","filename":"stocks_etl_dag.py","lineno":24}
{"timestamp":"2026-08-17T19:24:27.940117Z","level":"info","event":"ETL function imported succesfully!","logger":"unusual_prefix_377e48747e3957bb035dd88b74b86ec1d0ec8c25_stocks_etl_dag","filename":"stocks_etl_dag.py","lineno":31}
{"timestamp":"2026-08-17T19:24:28.009214Z","level":"info","event":"DAG loaded sucessfully!","logger":"unusual_prefix_377e48747e3957bb035dd88b74b86ec1d0ec8c25_stocks_etl_dag","filename":"stocks_etl_dag.py","lineno":96}
{"timestamp":"2026-08-17T19:24:58.739542Z","level":"info","event":"Filling up the DagBag from /opt/airflow/dags/stocks_etl_dag.py","logger":"airflow.dag_processing.dagbag.BundleDagBag","filename":"dagbag.py","lineno":460}
{"timestamp":"2026-08-17T19:25:00.542983Z","level":"info","event":"Pyspark imported, version: 3.5.2","logger":"unusual_prefix_377e48747e3957bb035dd88b74b86ec1d0ec8c25_stocks_etl_dag","filename":"stocks_etl_dag.py","lineno":24}
{"timestamp":"2026-08-17T19:25:00.560372Z","level":"info","event":"ETL function imported succesfully!","logger":"unusual_prefix_377e48747e3957bb035dd88b74b86ec1d0ec8c25_stocks_etl_dag","filename":"stocks_etl_dag.py","lineno":31}
{"timestamp":"2026-08-17T19:25:00.566572Z","level":"info","event":"DAG loaded sucessfully!","logger":"unusual_prefix_377e48747e3957bb035dd88b74b86ec1d0ec8c25_stocks_etl_dag","filename":"stocks_etl_dag.py","lineno":96}
{"timestamp":"2026-08-17T19:25:30.783098Z","level":"info","event":"Filling up the DagBag from /opt/airflow/dags/stocks_etl_dag.py","logger":"airflow.dag_processing.dagbag.BundleDagBag","filename":"dagbag.py","lineno":460}
{"timestamp":"2026-08-17T19:25:32.218301Z","level":"info","event":"Pyspark imported, version: 3.5.2","logger":"unusual_prefix_377e48747e3957bb035dd88b74b86ec1d0ec8c25_stocks_etl_dag","filename":"stocks_etl_dag.py","lineno":24}
{"timestamp":"2026-08-17T19:25:32.233554Z","level":"info","event":"ETL function imported succesfully!","logger":"unusual_prefix_377e48747e3957bb035dd88b74b86ec1d0ec8c25_stocks_etl_dag","filename":"stocks_etl_dag.py","lineno":31}
{"timestamp":"2026-08-17T19:25:32.238416Z","level":"info","event":"DAG loaded sucessfully!","logger":"unusual_prefix_377e48747e3957bb035dd88b74b86ec1d0ec8c25_stocks_etl_dag","filename":"stocks_etl_dag.py","lineno":96}
{"timestamp":"2026-08-17T19:26:02.401276Z","level":"info","event":"Filling up the DagBag from /opt/airflow/dags/stocks_etl_dag.py","logger":"airflow.dag_processing.dagbag.BundleDagBag","filename":"dagbag.py","lineno":460}
{"timestamp":"2026-08-17T19:26:03.847955Z","level":"info","event":"Pyspark imported, version: 3.5.2","logger":"unusual_prefix_377e48747e3957bb035dd88b74b86ec1d0ec8c25_stocks_etl_dag","filename":"stocks_etl_dag.py","lineno":24}
{"timestamp":"2026-08-17T19:26:03.873418Z","level":"info","event":"ETL function imported succesfully!","logger":"unusual_prefix_377e48747e3957bb035dd88b74b86ec1d0ec8c25_stocks_etl_dag","filename":"stocks_etl_dag.py","lineno":31}
{"timestamp":"2026-08-17T19:26:03.884227Z","level":"info","event":"DAG loaded sucessfully!","logger":"unusual_prefix_377e48747e3957bb035dd88b74b86ec1d0ec8c25_stocks_etl_dag","filename":"stocks_etl_dag.py","lineno":96}
{"timestamp":"2026-08-17T19:26:34.539095Z","level":"info","event":"Filling up the DagBag from /opt/airflow/dags/stocks_etl_dag.py","logger":"airflow.dag_processing.dagbag.BundleDagBag","filename":"dagbag.py","lineno":460}
{"timestamp":"2026-08-17T19:26:35.797472Z","level":"info","event":"Pyspark imported, version: 3.5.2","logger":"unusual_prefix_377e48747e3957bb035dd88b74b86ec1d0ec8c25_stocks_etl_dag","filename":"stocks_etl_dag.py","lineno":24}
{"timestamp":"2026-08-17T19:26:35.810878Z","level":"info","event":"ETL function imported succesfully!","logger":"unusual_prefix_377e48747e3957bb035dd88b74b86ec1d0ec8c25_stocks_etl_dag","filename":"stocks_etl_dag.py","lineno":31}
{"timestamp":"2026-08-17T19:26:35.814900Z","level":"info","event":"DAG loaded sucessfully!","logger":"unusual_prefix_377e48747e3957bb035dd88b74b86ec1d0ec8c25_stocks_etl_dag","filename":"stocks_etl_dag.py","lineno":96}
{"timestamp":"2026-08-17T19:27:05.963729Z","level":"info","event":"Filling up the DagBag from /opt/airflow/dags/stocks_etl_dag.py","logger":"airflow.dag_processing.dagbag.BundleDagBag","filename":"dagbag.py","lineno":460}
{"timestamp":"2026-08-17T19:27:07.306589Z","level":"info","event":"Pyspark imported, version: 3.5.2","logger":"unusual_prefix_377e48747e3957bb035dd88b74b86ec1d0ec8c25_stocks_etl_dag","filename":"stocks_etl_dag.py","lineno":24}
{"timestamp":"2026-08-17T19:27:07.336177Z","level":"info","event":"ETL function imported succesfully!","logger":"unusual_prefix_377e48747e3957bb035dd88b74b86ec1d0ec8c25_stocks_etl_dag","filename":"stocks_etl_dag.py","lineno":31}
{"timestamp":"2026-08-17T19:27:07.346827Z","level":"info","event":"DAG loaded sucessfully!","logger":"unusual_prefix_377e48747e3957bb035dd88b74b86ec1d0ec8c25_stocks_etl_dag","filename":"stocks_etl_dag.py","lineno":96}
{"timestamp":"2026-08-17T19:27:38.252270Z","level":"info","event":"Filling up the DagBag from /opt/airflow/dags/stocks_etl_dag.py","logger":"airflow.dag_processing.dagbag.BundleDagBag","filename":"dagbag.py","lineno":460}
{"timestamp":"2026-08-17T19:27:42.076111Z","level":"info","event":"Pyspark imported, version: 3.5.2","logger":"unusual_prefix_377e48747e3957bb035dd88b74b86ec1d0ec8c25_stocks_etl_dag","filename":"stocks_etl_dag.py","lineno":24}
{"timestamp":"2026-08-17T19:27:42.117408Z","level":"info","event":"ETL function imported succesfully!","logger":"unusual_prefix_377e48747e3957bb035dd88b74b86ec1d0ec8c25_stocks_etl_dag","filename":"stocks_etl_dag.py","lineno":31}
{"timestamp":"2026-08-17T19:27:42.166205Z","level":"info","event":"DAG loaded sucessfully!","logger":"unusual_prefix_377e48747e3957bb035dd88b74b86ec1d0ec8c25_stocks_etl_dag","filename":"stocks_etl_dag.py","lineno":96}
{"timestamp":"2026-08-17T19:28:12.873182Z","level":"info","event":"Filling up the DagBag from /opt/airflow/dags/stocks_etl_dag.py","logger":"airflow.dag_processing.dagbag.BundleDagBag","filename":"dagbag.py","lineno":460}
{"timestamp":"2026-08-17T19:28:14.689091Z","level":"info","event":"Pyspark imported, version: 3.5.2","logger":"unusual_prefix_377e48747e3957bb035dd88b74b86ec1d0ec8c25_stocks_etl_dag","filename":"stocks_etl_dag.py","lineno":24}
{"timestamp":"2026-08-17T19:28:14.703443Z","level":"info","event":"ETL function imported succesfully!","logger":"unusual_prefix_377e48747e3957bb035dd88b74b86ec1d0ec8c25_stocks_etl_dag","filename":"stocks_etl_dag.py","lineno":31}
{"timestamp":"2026-08-17T19:28:14.708559Z","level":"info","event":"DAG loaded sucessfully!","logger":"unusual_prefix_377e48747e3957bb035dd88b74b86ec1d0ec8c25_stocks_etl_dag","filename":"stocks_etl_dag.py","lineno":96}
{"timestamp":"2026-08-17T19:28:45.125454Z","level":"info","event":"Filling up the DagBag from /opt/airflow/dags/stocks_etl_dag.py","logger":"airflow.dag_processing.dagbag.BundleDagBag","filename":"dagbag.py","lineno":460}
{"timestamp":"2026-08-17T19:28:47.735777Z","level":"info","event":"Pyspark imported, version: 3.5.2","logger":"unusual_prefix_377e48747e3957bb035dd88b74b86ec1d0ec8c25_stocks_etl_dag","filename":"stocks_etl_dag.py","lineno":24}
{"timestamp":"2026-08-17T19:28:47.746968Z","level":"info","event":"ETL function imported succesfully!","logger":"unusual_prefix_377e48747e3957bb035dd88b74b86ec1d0ec8c25_stocks_etl_dag","filename":"stocks_etl_dag.py","lineno":31}
{"timestamp":"2026-08-17T19:28:47.756489Z","level":"info","event":"DAG loaded sucessfully!","logger":"unusual_prefix_377e48747e3957bb035dd88b74b86ec1d0ec8c25_stocks_etl_dag","filename":"stocks_etl_dag.py","lineno":96}
{"timestamp":"2026-08-17T19:29:18.158511Z","level":"info","event":"Filling up the DagBag from /opt/airflow/dags/stocks_etl_dag.py","logger":"airflow.dag_processing.dagbag.BundleDagBag","filename":"dagbag.py","lineno":460}
{"timestamp":"2026-08-17T19:29:19.509091Z","level":"info","event":"Pyspark imported, version: 3.5.2","logger":"unusual_prefix_377e48747e3957bb035dd88b74b86ec1d0ec8c25_stocks_etl_dag","filename":"stocks_etl_dag.py","lineno":24}
{"timestamp":"2026-08-17T19:29:19.525651Z","level":"info","event":"ETL function imported succesfully!","logger":"unusual_prefix_377e48747e3957bb035dd88b74b86ec1d0ec8c25_stocks_etl_dag","filename":"stocks_etl_dag.py","lineno":31}
{"timestamp":"2026-08-17T19:29:19.546323Z","level":"info","event":"DAG loaded sucessfully!","logger":"unusual_prefix_377e48747e3957bb035dd88b74b86ec1d0ec8c25_stocks_etl_dag","filename":"stocks_etl_dag.py","lineno":96}
{"timestamp":"2026-08-17T19:29:49.842332Z","level":"info","event":"Filling up the DagBag from /opt/airflow/dags/stocks_etl_dag.py","logger":"airflow.dag_processing.dagbag.BundleDagBag","filename":"dagbag.py","lineno":460}
{"timestamp":"2026-08-17T19:29:52.023336Z","level":"info","event":"Pyspark imported, version: 3.5.2","logger":"unusual_prefix_377e48747e3957bb035dd88b74b86ec1d0ec8c25_stocks_etl_dag","filename":"stocks_etl_dag.py","lineno":24}
{"timestamp":"2026-08-17T19:29:52.035931Z","level":"info","event":"ETL function imported succesfully!","logger":"unusual_prefix_377e48747e3957bb035dd88b74b86ec1d0ec8c25_stocks_etl_dag","filename":"stocks_etl_dag.py","lineno":31}
{"timestamp":"2026-08-17T19:29:52.041802Z","level":"info","event":"DAG loaded sucessfully!","logger":"unusual_prefix_377e48747e3957bb035dd88b74b86ec1d0ec8c25_stocks_etl_dag","filename":"stocks_etl_dag.py","lineno":96}
{"timestamp":"2026-08-17T19:30:22.755140Z","level":"info","event":"Filling up the DagBag from /opt/airflow/dags/stocks_etl_dag.py","logger":"airflow.dag_processing.dagbag.BundleDagBag","filename":"dagbag.py","lineno":460}
{"timestamp":"2026-08-17T19:30:24.204900Z","level":"info","event":"Pyspark imported, version: 3.5.2","logger":"unusual_prefix_377e48747e3957bb035dd88b74b86ec1d0ec8c25_stocks_etl_dag","filename":"stocks_etl_dag.py","lineno":24}
{"timestamp":"2026-08-17T19:30:24.237060Z","level":"info","event":"ETL function imported succesfully!","logger":"unusual_prefix_377e48747e3957bb035dd88b74b86ec1d0ec8c25_stocks_etl_dag","filename":"stocks_etl_dag.py","lineno":31}
{"timestamp":"2026-08-17T19:30:24.244559Z","level":"info","event":"DAG loaded sucessfully!","logger":"unusual_prefix_377e48747e3957bb035dd88b74b86ec1d0ec8c25_stocks_etl_dag","filename":"stocks_etl_dag.py","lineno":96}
{"timestamp":"2026-08-17T19:30:54.463198Z","level":"info","event":"Filling up the DagBag from /opt/airflow/dags/stocks_etl_dag.py","logger":"airflow.dag_processing.dagbag.BundleDagBag","filename":"dagbag.py","lineno":460}
{"timestamp":"2026-08-17T19:30:56.638596Z","level":"info","event":"Pyspark imported, version: 3.5.2","logger":"unusual_prefix_377e48747e3957bb035dd88b74b86ec1d0ec8c25_stocks_etl_dag","filename":"stocks_etl_dag.py","lineno":24}
{"timestamp":"2026-08-17T19:30:56.648166Z","level":"info","event":"ETL function imported succesfully!","logger":"unusual_prefix_377e48747e3957bb035dd88b74b86ec1d0ec8c25_stocks_etl_dag","filename":"stocks_etl_dag.py","lineno":31}
{"timestamp":"2026-08-17T19:30:56.686384Z","level":"info","event":"DAG loaded sucessfully!","logger":"unusual_prefix_377e48747e3957bb035dd88b74b86ec1d0ec8c25_stocks_etl_dag","filename":"stocks_etl_dag.py","lineno":96}
{"timestamp":"2026-08-17T19:31:27.288490Z","level":"info","event":"Filling up the DagBag from /opt/airflow/dags/stocks_etl_dag.py","logger":"airflow.dag_processing.dagbag.BundleDagBag","filename":"dagbag.py","lineno":460}
{"timestamp":"2026-08-17T19:31:28.251630Z","level":"info","event":"Pyspark imported, version: 3.5.2","logger":"unusual_prefix_377e48747e3957bb035dd88b74b86ec1d0ec8c25_stocks_etl_dag","filename":"stocks_etl_dag.py","lineno":24}
{"timestamp":"2026-08-17T19:31:28.264763Z","level":"info","event":"ETL function imported succesfully!","logger":"unusual_prefix_377e48747e3957bb035dd88b74b86ec1d0ec8c25_stocks_etl_dag","filename":"stocks_etl_dag.py","lineno":31}
{"timestamp":"2026-08-17T19:31:28.268841Z","level":"info","event":"DAG loaded sucessfully!","logger":"unusual_prefix_377e48747e3957bb035dd88b74b86ec1d0ec8c25_stocks_etl_dag","filename":"stocks_etl_dag.py","lineno":96}
{"timestamp":"2026-08-17T19:31:58.890464Z","level":"info","event":"Filling up the DagBag from /opt/airflow/dags/stocks_etl_dag.py","logger":"airflow.dag_processing.dagbag.BundleDagBag","filename":"dagbag.py","lineno":460}
{"timestamp":"2026-08-17T19:32:00.518838Z","level":"info","event":"Pyspark imported, version: 3.5.2","logger":"unusual_prefix_377e48747e3957bb035dd88b74b86ec1d0ec8c25_stocks_etl_dag","filename":"stocks_etl_dag.py","lineno":24}
{"timestamp":"2026-08-17T19:32:00.552212Z","level":"info","event":"ETL function imported succesfully!","logger":"unusual_prefix_377e48747e3957bb035dd88b74b86ec1d0ec8c25_stocks_etl_dag","filename":"stocks_etl_dag.py","lineno":31}
{"timestamp":"2026-08-17T19:32:00.560832Z","level":"info","event":"DAG loaded sucessfully!","logger":"unusual_prefix_377e48747e3957bb035dd88b74b86ec1d0ec8c25_stocks_etl_dag","filename":"stocks_etl_dag.py","lineno":96}
{"timestamp":"2026-08-17T19:32:31.164704Z","level":"info","event":"Filling up the DagBag from /opt/airflow/dags/stocks_etl_dag.py","logger":"airflow.dag_processing.dagbag.BundleDagBag","filename":"dagbag.py","lineno":460}
{"timestamp":"2026-08-17T19:32:32.241913Z","level":"info","event":"Pyspark imported, version: 3.5.2","logger":"unusual_prefix_377e48747e3957bb035dd88b74b86ec1d0ec8c25_stocks_etl_dag","filename":"stocks_etl_dag.py","lineno":24}
{"timestamp":"2026-08-17T19:32:32.272702Z","level":"info","event":"ETL function imported succesfully!","logger":"unusual_prefix_377e48747e3957bb035dd88b74b86ec1d0ec8c25_stocks_etl_dag","filename":"stocks_etl_dag.py","lineno":31}
{"timestamp":"2026-08-17T19:32:32.280257Z","level":"info","event":"DAG loaded sucessfully!","logger":"unusual_prefix_377e48747e3957bb035dd88b74b86ec1d0ec8c25_stocks_etl_dag","filename":"stocks_etl_dag.py","lineno":96}
{"timestamp":"2026-08-17T19:33:02.958115Z","level":"info","event":"Filling up the DagBag from /opt/airflow/dags/stocks_etl_dag.py","logger":"airflow.dag_processing.dagbag.BundleDagBag","filename":"dagbag.py","lineno":460}
{"timestamp":"2026-08-17T19:33:04.446343Z","level":"info","event":"Pyspark imported, version: 3.5.2","logger":"unusual_prefix_377e48747e3957bb035dd88b74b86ec1d0ec8c25_stocks_etl_dag","filename":"stocks_etl_dag.py","lineno":24}
{"timestamp":"2026-08-17T19:33:04.459149Z","level":"info","event":"ETL function imported succesfully!","logger":"unusual_prefix_377e48747e3957bb035dd88b74b86ec1d0ec8c25_stocks_etl_dag","filename":"stocks_etl_dag.py","lineno":31}
{"timestamp":"2026-08-17T19:33:04.463319Z","level":"info","event":"DAG loaded sucessfully!","logger":"unusual_prefix_377e48747e3957bb035dd88b74b86ec1d0ec8c25_stocks_etl_dag","filename":"stocks_etl_dag.py","lineno":96}
{"timestamp":"2026-08-17T19:33:35.063395Z","level":"info","event":"Filling up the DagBag from /opt/airflow/dags/stocks_etl_dag.py","logger":"airflow.dag_processing.dagbag.BundleDagBag","filename":"dagbag.py","lineno":460}
{"timestamp":"2026-08-17T19:33:36.977587Z","level":"info","event":"Pyspark imported, version: 3.5.2","logger":"unusual_prefix_377e48747e3957bb035dd88b74b86ec1d0ec8c25_stocks_etl_dag","filename":"stocks_etl_dag.py","lineno":24}
{"timestamp":"2026-08-17T19:33:36.991037Z","level":"info","event":"ETL function imported succesfully!","logger":"unusual_prefix_377e48747e3957bb035dd88b74b86ec1d0ec8c25_stocks_etl_dag","filename":"stocks_etl_dag.py","lineno":31}
{"timestamp":"2026-08-17T19:33:36.998247Z","level":"info","event":"DAG loaded sucessfully!","logger":"unusual_prefix_377e48747e3957bb035dd88b74b86ec1d0ec8c25_stocks_etl_dag","filename":"stocks_etl_dag.py","lineno":96}
{"timestamp":"2026-08-17T19:34:07.607058Z","level":"info","event":"Filling up the DagBag from /opt/airflow/dags/stocks_etl_dag.py","logger":"airflow.dag_processing.dagbag.BundleDagBag","filename":"dagbag.py","lineno":460}
{"timestamp":"2026-08-17T19:34:08.660888Z","level":"info","event":"Pyspark imported, version: 3.5.2","logger":"unusual_prefix_377e48747e3957bb035dd88b74b86ec1d0ec8c25_stocks_etl_dag","filename":"stocks_etl_dag.py","lineno":24}
{"timestamp":"2026-08-17T19:34:08.675459Z","level":"info","event":"ETL function imported succesfully!","logger":"unusual_prefix_377e48747e3957bb035dd88b74b86ec1d0ec8c25_stocks_etl_dag","filename":"stocks_etl_dag.py","lineno":31}
{"timestamp":"2026-08-17T19:34:08.698345Z","level":"info","event":"DAG loaded sucessfully!","logger":"unusual_prefix_377e48747e3957bb035dd88b74b86ec1d0ec8c25_stocks_etl_dag","filename":"stocks_etl_dag.py","lineno":96}
{"timestamp":"2026-08-17T19:34:39.377652Z","level":"info","event":"Filling up the DagBag from /opt/airflow/dags/stocks_etl_dag.py","logger":"airflow.dag_processing.dagbag.BundleDagBag","filename":"dagbag.py","lineno":460}
{"timestamp":"2026-08-17T19:34:41.258331Z","level":"info","event":"Pyspark imported, version: 3.5.2","logger":"unusual_prefix_377e48747e3957bb035dd88b74b86ec1d0ec8c25_stocks_etl_dag","filename":"stocks_etl_dag.py","lineno":24}
{"timestamp":"2026-08-17T19:34:41.273000Z","level":"info","event":"ETL function imported succesfully!","logger":"unusual_prefix_377e48747e3957bb035dd88b74b86ec1d0ec8c25_stocks_etl_dag","filename":"stocks_etl_dag.py","lineno":31}
{"timestamp":"2026-08-17T19:34:41.280043Z","level":"info","event":"DAG loaded sucessfully!","logger":"unusual_prefix_377e48747e3957bb035dd88b74b86ec1d0ec8c25_stocks_etl_dag","filename":"stocks_etl_dag.py","lineno":96}
{"timestamp":"2026-08-17T19:35:11.856087Z","level":"info","event":"Filling up the DagBag from /opt/airflow/dags/stocks_etl_dag.py","logger":"airflow.dag_processing.dagbag.BundleDagBag","filename":"dagbag.py","lineno":460}
{"timestamp":"2026-08-17T19:35:13.725546Z","level":"info","event":"Pyspark imported, version: 3.5.2","logger":"unusual_prefix_377e48747e3957bb035dd88b74b86ec1d0ec8c25_stocks_etl_dag","filename":"stocks_etl_dag.py","lineno":24}
{"timestamp":"2026-08-17T19:35:13.739361Z","level":"info","event":"ETL function imported succesfully!","logger":"unusual_prefix_377e48747e3957bb035dd88b74b86ec1d0ec8c25_stocks_etl_dag","filename":"stocks_etl_dag.py","lineno":31}
{"timestamp":"2026-08-17T19:35:13.749303Z","level":"info","event":"DAG loaded sucessfully!","logger":"unusual_prefix_377e48747e3957bb035dd88b74b86ec1d0ec8c25_stocks_etl_dag","filename":"stocks_etl_dag.py","lineno":96}
{"timestamp":"2026-08-17T19:35:44.304898Z","level":"info","event":"Filling up the DagBag from /opt/airflow/dags/stocks_etl_dag.py","logger":"airflow.dag_processing.dagbag.BundleDagBag","filename":"dagbag.py","lineno":460}
{"timestamp":"2026-08-17T19:35:46.090782Z","level":"info","event":"Pyspark imported, version: 3.5.2","logger":"unusual_prefix_377e48747e3957bb035dd88b74b86ec1d0ec8c25_stocks_etl_dag","filename":"stocks_etl_dag.py","lineno":24}
{"timestamp":"2026-08-17T19:35:46.102224Z","level":"info","event":"ETL function imported succesfully!","logger":"unusual_prefix_377e48747e3957bb035dd88b74b86ec1d0ec8c25_stocks_etl_dag","filename":"stocks_etl_dag.py","lineno":31}
{"timestamp":"2026-08-17T19:35:46.109304Z","level":"info","event":"DAG loaded sucessfully!","logger":"unusual_prefix_377e48747e3957bb035dd88b74b86ec1d0ec8c25_stocks_etl_dag","filename":"stocks_etl_dag.py","lineno":96}
{"timestamp":"2026-08-17T19:36:16.319776Z","level":"info","event":"Filling up the DagBag from /opt/airflow/dags/stocks_etl_dag.py","logger":"airflow.dag_processing.dagbag.BundleDagBag","filename":"dagbag.py","lineno":460}
{"timestamp":"2026-08-17T19:36:18.142773Z","level":"info","event":"Pyspark imported, version: 3.5.2","logger":"unusual_prefix_377e48747e3957bb035dd88b74b86ec1d0ec8c25_stocks_etl_dag","filename":"stocks_etl_dag.py","lineno":24}
{"timestamp":"2026-08-17T19:36:18.153657Z","level":"info","event":"ETL function imported succesfully!","logger":"unusual_prefix_377e48747e3957bb035dd88b74b86ec1d0ec8c25_stocks_etl_dag","filename":"stocks_etl_dag.py","lineno":31}
{"timestamp":"2026-08-17T19:36:18.159188Z","level":"info","event":"DAG loaded sucessfully!","logger":"unusual_prefix_377e48747e3957bb035dd88b74b86ec1d0ec8c25_stocks_etl_dag","filename":"stocks_etl_dag.py","lineno":96}
{"timestamp":"2026-08-17T19:36:48.783979Z","level":"info","event":"Filling up the DagBag from /opt/airflow/dags/stocks_etl_dag.py","logger":"airflow.dag_processing.dagbag.BundleDagBag","filename":"dagbag.py","lineno":460}
{"timestamp":"2026-08-17T19:36:50.525994Z","level":"info","event":"Pyspark imported, version: 3.5.2","logger":"unusual_prefix_377e48747e3957bb035dd88b74b86ec1d0ec8c25_stocks_etl_dag","filename":"stocks_etl_dag.py","lineno":24}
{"timestamp":"2026-08-17T19:36:50.534822Z","level":"info","event":"ETL function imported succesfully!","logger":"unusual_prefix_377e48747e3957bb035dd88b74b86ec1d0ec8c25_stocks_etl_dag","filename":"stocks_etl_dag.py","lineno":31}
{"timestamp":"2026-08-17T19:36:50.559581Z","level":"info","event":"DAG loaded sucessfully!","logger":"unusual_prefix_377e48747e3957bb035dd88b74b86ec1d0ec8c25_stocks_etl_dag","filename":"stocks_etl_dag.py","lineno":96}
{"timestamp":"2026-08-17T19:37:21.295585Z","level":"info","event":"Filling up the DagBag from /opt/airflow/dags/stocks_etl_dag.py","logger":"airflow.dag_processing.dagbag.BundleDagBag","filename":"dagbag.py","lineno":460}
{"timestamp":"2026-08-17T19:37:22.375468Z","level":"info","event":"Pyspark imported, version: 3.5.2","logger":"unusual_prefix_377e48747e3957bb035dd88b74b86ec1d0ec8c25_stocks_etl_dag","filename":"stocks_etl_dag.py","lineno":24}
{"timestamp":"2026-08-17T19:37:22.396785Z","level":"info","event":"ETL function imported succesfully!","logger":"unusual_prefix_377e48747e3957bb035dd88b74b86ec1d0ec8c25_stocks_etl_dag","filename":"stocks_etl_dag.py","lineno":31}
{"timestamp":"2026-08-17T19:37:22.402361Z","level":"info","event":"DAG loaded sucessfully!","logger":"unusual_prefix_377e48747e3957bb035dd88b74b86ec1d0ec8c25_stocks_etl_dag","filename":"stocks_etl_dag.py","lineno":96}
{"timestamp":"2026-08-17T19:37:53.096311Z","level":"info","event":"Filling up the DagBag from /opt/airflow/dags/stocks_etl_dag.py","logger":"airflow.dag_processing.dagbag.BundleDagBag","filename":"dagbag.py","lineno":460}
{"timestamp":"2026-08-17T19:37:54.045154Z","level":"info","event":"Pyspark imported, version: 3.5.2","logger":"unusual_prefix_377e48747e3957bb035dd88b74b86ec1d0ec8c25_stocks_etl_dag","filename":"stocks_etl_dag.py","lineno":24}
{"timestamp":"2026-08-17T19:37:54.056704Z","level":"info","event":"ETL function imported succesfully!","logger":"unusual_prefix_377e48747e3957bb035dd88b74b86ec1d0ec8c25_stocks_etl_dag","filename":"stocks_etl_dag.py","lineno":31}
{"timestamp":"2026-08-17T19:37:54.060741Z","level":"info","event":"DAG loaded sucessfully!","logger":"unusual_prefix_377e48747e3957bb035dd88b74b86ec1d0ec8c25_stocks_etl_dag","filename":"stocks_etl_dag.py","lineno":96}
{"timestamp":"2026-08-17T19:38:24.651249Z","level":"info","event":"Filling up the DagBag from /opt/airflow/dags/stocks_etl_dag.py","logger":"airflow.dag_processing.dagbag.BundleDagBag","filename":"dagbag.py","lineno":460}
{"timestamp":"2026-08-17T19:38:26.855183Z","level":"info","event":"Pyspark imported, version: 3.5.2","logger":"unusual_prefix_377e48747e3957bb035dd88b74b86ec1d0ec8c25_stocks_etl_dag","filename":"stocks_etl_dag.py","lineno":24}
{"timestamp":"2026-08-17T19:38:26.867731Z","level":"info","event":"ETL function imported succesfully!","logger":"unusual_prefix_377e48747e3957bb035dd88b74b86ec1d0ec8c25_stocks_etl_dag","filename":"stocks_etl_dag.py","lineno":31}
{"timestamp":"2026-08-17T19:38:26.904302Z","level":"info","event":"DAG loaded sucessfully!","logger":"unusual_prefix_377e48747e3957bb035dd88b74b86ec1d0ec8c25_stocks_etl_dag","filename":"stocks_etl_dag.py","lineno":96}
{"timestamp":"2026-08-17T19:38:57.448414Z","level":"info","event":"Filling up the DagBag from /opt/airflow/dags/stocks_etl_dag.py","logger":"airflow.dag_processing.dagbag.BundleDagBag","filename":"dagbag.py","lineno":460}
{"timestamp":"2026-08-17T19:38:59.070918Z","level":"info","event":"Pyspark imported, version: 3.5.2","logger":"unusual_prefix_377e48747e3957bb035dd88b74b86ec1d0ec8c25_stocks_etl_dag","filename":"stocks_etl_dag.py","lineno":24}
{"timestamp":"2026-08-17T19:38:59.081222Z","level":"info","event":"ETL function imported succesfully!","logger":"unusual_prefix_377e48747e3957bb035dd88b74b86ec1d0ec8c25_stocks_etl_dag","filename":"stocks_etl_dag.py","lineno":31}
{"timestamp":"2026-08-17T19:38:59.085198Z","level":"info","event":"DAG loaded sucessfully!","logger":"unusual_prefix_377e48747e3957bb035dd88b74b86ec1d0ec8c25_stocks_etl_dag","filename":"stocks_etl_dag.py","lineno":96}
{"timestamp":"2026-08-17T19:39:29.619169Z","level":"info","event":"Filling up the DagBag from /opt/airflow/dags/stocks_etl_dag.py","logger":"airflow.dag_processing.dagbag.BundleDagBag","filename":"dagbag.py","lineno":460}
{"timestamp":"2026-08-17T19:39:31.665494Z","level":"info","event":"Pyspark imported, version: 3.5.2","logger":"unusual_prefix_377e48747e3957bb035dd88b74b86ec1d0ec8c25_stocks_etl_dag","filename":"stocks_etl_dag.py","lineno":24}
{"timestamp":"2026-08-17T19:39:31.679418Z","level":"info","event":"ETL function imported succesfully!","logger":"unusual_prefix_377e48747e3957bb035dd88b74b86ec1d0ec8c25_stocks_etl_dag","filename":"stocks_etl_dag.py","lineno":31}
{"timestamp":"2026-08-17T19:39:31.686232Z","level":"info","event":"DAG loaded sucessfully!","logger":"unusual_prefix_377e48747e3957bb035dd88b74b86ec1d0ec8c25_stocks_etl_dag","filename":"stocks_etl_dag.py","lineno":96}
{"timestamp":"2026-08-17T19:40:02.275420Z","level":"info","event":"Filling up the DagBag from /opt/airflow/dags/stocks_etl_dag.py","logger":"airflow.dag_processing.dagbag.BundleDagBag","filename":"dagbag.py","lineno":460}
{"timestamp":"2026-08-17T19:40:04.300189Z","level":"info","event":"Pyspark imported, version: 3.5.2","logger":"unusual_prefix_377e48747e3957bb035dd88b74b86ec1d0ec8c25_stocks_etl_dag","filename":"stocks_etl_dag.py","lineno":24}
{"timestamp":"2026-08-17T19:40:04.314826Z","level":"info","event":"ETL function imported succesfully!","logger":"unusual_prefix_377e48747e3957bb035dd88b74b86ec1d0ec8c25_stocks_etl_dag","filename":"stocks_etl_dag.py","lineno":31}
{"timestamp":"2026-08-17T19:40:04.327678Z","level":"info","event":"DAG loaded sucessfully!","logger":"unusual_prefix_377e48747e3957bb035dd88b74b86ec1d0ec8c25_stocks_etl_dag","filename":"stocks_etl_dag.py","lineno":96}
{"timestamp":"2026-08-17T19:40:34.889486Z","level":"info","event":"Filling up the DagBag from /opt/airflow/dags/stocks_etl_dag.py","logger":"airflow.dag_processing.dagbag.BundleDagBag","filename":"dagbag.py","lineno":460}
{"timestamp":"2026-08-17T19:40:37.005258Z","level":"info","event":"Pyspark imported, version: 3.5.2","logger":"unusual_prefix_377e48747e3957bb035dd88b74b86ec1d0ec8c25_stocks_etl_dag","filename":"stocks_etl_dag.py","lineno":24}
{"timestamp":"2026-08-17T19:40:37.026473Z","level":"info","event":"ETL function imported succesfully!","logger":"unusual_prefix_377e48747e3957bb035dd88b74b86ec1d0ec8c25_stocks_etl_dag","filename":"stocks_etl_dag.py","lineno":31}
{"timestamp":"2026-08-17T19:40:37.044582Z","level":"info","event":"DAG loaded sucessfully!","logger":"unusual_prefix_377e48747e3957bb035dd88b74b86ec1d0ec8c25_stocks_etl_dag","filename":"stocks_etl_dag.py","lineno":96}
{"timestamp":"2026-08-17T19:41:07.663129Z","level":"info","event":"Filling up the DagBag from /opt/airflow/dags/stocks_etl_dag.py","logger":"airflow.dag_processing.dagbag.BundleDagBag","filename":"dagbag.py","lineno":460}
{"timestamp":"2026-08-17T19:41:08.805917Z","level":"info","event":"Pyspark imported, version: 3.5.2","logger":"unusual_prefix_377e48747e3957bb035dd88b74b86ec1d0ec8c25_stocks_etl_dag","filename":"stocks_etl_dag.py","lineno":24}
{"timestamp":"2026-08-17T19:41:08.819972Z","level":"info","event":"ETL function imported succesfully!","logger":"unusual_prefix_377e48747e3957bb035dd88b74b86ec1d0ec8c25_stocks_etl_dag","filename":"stocks_etl_dag.py","lineno":31}
{"timestamp":"2026-08-17T19:41:08.825658Z","level":"info","event":"DAG loaded sucessfully!","logger":"unusual_prefix_377e48747e3957bb035dd88b74b86ec1d0ec8c25_stocks_etl_dag","filename":"stocks_etl_dag.py","lineno":96}
{"timestamp":"2026-08-17T19:41:39.409377Z","level":"info","event":"Filling up the DagBag from /opt/airflow/dags/stocks_etl_dag.py","logger":"airflow.dag_processing.dagbag.BundleDagBag","filename":"dagbag.py","lineno":460}
{"timestamp":"2026-08-17T19:41:40.806179Z","level":"info","event":"Pyspark imported, version: 3.5.2","logger":"unusual_prefix_377e48747e3957bb035dd88b74b86ec1d0ec8c25_stocks_etl_dag","filename":"stocks_etl_dag.py","lineno":24}
{"timestamp":"2026-08-17T19:41:40.822903Z","level":"info","event":"ETL function imported succesfully!","logger":"unusual_prefix_377e48747e3957bb035dd88b74b86ec1d0ec8c25_stocks_etl_dag","filename":"stocks_etl_dag.py","lineno":31}
{"timestamp":"2026-08-17T19:41:40.829142Z","level":"info","event":"DAG loaded sucessfully!","logger":"unusual_prefix_377e48747e3957bb035dd88b74b86ec1d0ec8c25_stocks_etl_dag","filename":"stocks_etl_dag.py","lineno":96}
{"timestamp":"2026-08-17T19:42:11.366460Z","level":"info","event":"Filling up the DagBag from /opt/airflow/dags/stocks_etl_dag.py","logger":"airflow.dag_processing.dagbag.BundleDagBag","filename":"dagbag.py","lineno":460}
{"timestamp":"2026-08-17T19:42:12.706499Z","level":"info","event":"Pyspark imported, version: 3.5.2","logger":"unusual_prefix_377e48747e3957bb035dd88b74b86ec1d0ec8c25_stocks_etl_dag","filename":"stocks_etl_dag.py","lineno":24}
{"timestamp":"2026-08-17T19:42:12.723388Z","level":"info","event":"ETL function imported succesfully!","logger":"unusual_prefix_377e48747e3957bb035dd88b74b86ec1d0ec8c25_stocks_etl_dag","filename":"stocks_etl_dag.py","lineno":31}
{"timestamp":"2026-08-17T19:42:12.729772Z","level":"info","event":"DAG loaded sucessfully!","logger":"unusual_prefix_377e48747e3957bb035dd88b74b86ec1d0ec8c25_stocks_etl_dag","filename":"stocks_etl_dag.py","lineno":96}
{"timestamp":"2026-08-17T19:42:43.235898Z","level":"info","event":"Filling up the DagBag from /opt/airflow/dags/stocks_etl_dag.py","logger":"airflow.dag_processing.dagbag.BundleDagBag","filename":"dagbag.py","lineno":460}
{"timestamp":"2026-08-17T19:42:44.964195Z","level":"info","event":"Pyspark imported, version: 3.5.2","logger":"unusual_prefix_377e48747e3957bb035dd88b74b86ec1d0ec8c25_stocks_etl_dag","filename":"stocks_etl_dag.py","lineno":24}
{"timestamp":"2026-08-17T19:42:44.980322Z","level":"info","event":"ETL function imported succesfully!","logger":"unusual_prefix_377e48747e3957bb035dd88b74b86ec1d0ec8c25_stocks_etl_dag","filename":"stocks_etl_dag.py","lineno":31}
{"timestamp":"2026-08-17T19:42:44.987908Z","level":"info","event":"DAG loaded sucessfully!","logger":"unusual_prefix_377e48747e3957bb035dd88b74b86ec1d0ec8c25_stocks_etl_dag","filename":"stocks_etl_dag.py","lineno":96}
{"timestamp":"2026-08-17T19:43:15.666257Z","level":"info","event":"Filling up the DagBag from /opt/airflow/dags/stocks_etl_dag.py","logger":"airflow.dag_processing.dagbag.BundleDagBag","filename":"dagbag.py","lineno":460}
{"timestamp":"2026-08-17T19:43:17.531848Z","level":"info","event":"Pyspark imported, version: 3.5.2","logger":"unusual_prefix_377e48747e3957bb035dd88b74b86ec1d0ec8c25_stocks_etl_dag","filename":"stocks_etl_dag.py","lineno":24}
{"timestamp":"2026-08-17T19:43:17.551013Z","level":"info","event":"ETL function imported succesfully!","logger":"unusual_prefix_377e48747e3957bb035dd88b74b86ec1d0ec8c25_stocks_etl_dag","filename":"stocks_etl_dag.py","lineno":31}
{"timestamp":"2026-08-17T19:43:17.559978Z","level":"info","event":"DAG loaded sucessfully!","logger":"unusual_prefix_377e48747e3957bb035dd88b74b86ec1d0ec8c25_stocks_etl_dag","filename":"stocks_etl_dag.py","lineno":96}
{"timestamp":"2026-08-17T19:43:47.729037Z","level":"info","event":"Filling up the DagBag from /opt/airflow/dags/stocks_etl_dag.py","logger":"airflow.dag_processing.dagbag.BundleDagBag","filename":"dagbag.py","lineno":460}
{"timestamp":"2026-08-17T19:43:48.942013Z","level":"info","event":"Pyspark imported, version: 3.5.2","logger":"unusual_prefix_377e48747e3957bb035dd88b74b86ec1d0ec8c25_stocks_etl_dag","filename":"stocks_etl_dag.py","lineno":24}
{"timestamp":"2026-08-17T19:43:48.957447Z","level":"info","event":"ETL function imported succesfully!","logger":"unusual_prefix_377e48747e3957bb035dd88b74b86ec1d0ec8c25_stocks_etl_dag","filename":"stocks_etl_dag.py","lineno":31}
{"timestamp":"2026-08-17T19:43:48.963987Z","level":"info","event":"DAG loaded sucessfully!","logger":"unusual_prefix_377e48747e3957bb035dd88b74b86ec1d0ec8c25_stocks_etl_dag","filename":"stocks_etl_dag.py","lineno":96}
{"timestamp":"2026-08-17T19:44:19.691712Z","level":"info","event":"Filling up the DagBag from /opt/airflow/dags/stocks_etl_dag.py","logger":"airflow.dag_processing.dagbag.BundleDagBag","filename":"dagbag.py","lineno":460}
{"timestamp":"2026-08-17T19:44:21.504331Z","level":"info","event":"Pyspark imported, version: 3.5.2","logger":"unusual_prefix_377e48747e3957bb035dd88b74b86ec1d0ec8c25_stocks_etl_dag","filename":"stocks_etl_dag.py","lineno":24}
{"timestamp":"2026-08-17T19:44:21.523592Z","level":"info","event":"ETL function imported succesfully!","logger":"unusual_prefix_377e48747e3957bb035dd88b74b86ec1d0ec8c25_stocks_etl_dag","filename":"stocks_etl_dag.py","lineno":31}
{"timestamp":"2026-08-17T19:44:21.533036Z","level":"info","event":"DAG loaded sucessfully!","logger":"unusual_prefix_377e48747e3957bb035dd88b74b86ec1d0ec8c25_stocks_etl_dag","filename":"stocks_etl_dag.py","lineno":96}
{"timestamp":"2026-08-17T19:44:52.105560Z","level":"info","event":"Filling up the DagBag from /opt/airflow/dags/stocks_etl_dag.py","logger":"airflow.dag_processing.dagbag.BundleDagBag","filename":"dagbag.py","lineno":460}
{"timestamp":"2026-08-17T19:44:53.708243Z","level":"info","event":"Pyspark imported, version: 3.5.2","logger":"unusual_prefix_377e48747e3957bb035dd88b74b86ec1d0ec8c25_stocks_etl_dag","filename":"stocks_etl_dag.py","lineno":24}
{"timestamp":"2026-08-17T19:44:53.722037Z","level":"info","event":"ETL function imported succesfully!","logger":"unusual_prefix_377e48747e3957bb035dd88b74b86ec1d0ec8c25_stocks_etl_dag","filename":"stocks_etl_dag.py","lineno":31}
{"timestamp":"2026-08-17T19:44:53.730773Z","level":"info","event":"DAG loaded sucessfully!","logger":"unusual_prefix_377e48747e3957bb035dd88b74b86ec1d0ec8c25_stocks_etl_dag","filename":"stocks_etl_dag.py","lineno":96}
{"timestamp":"2026-08-17T19:45:24.423403Z","level":"info","event":"Filling up the DagBag from /opt/airflow/dags/stocks_etl_dag.py","logger":"airflow.dag_processing.dagbag.BundleDagBag","filename":"dagbag.py","lineno":460}
{"timestamp":"2026-08-17T19:45:25.822448Z","level":"info","event":"Pyspark imported, version: 3.5.2","logger":"unusual_prefix_377e48747e3957bb035dd88b74b86ec1d0ec8c25_stocks_etl_dag","filename":"stocks_etl_dag.py","lineno":24}
{"timestamp":"2026-08-17T19:45:25.835890Z","level":"info","event":"ETL function imported succesfully!","logger":"unusual_prefix_377e48747e3957bb035dd88b74b86ec1d0ec8c25_stocks_etl_dag","filename":"stocks_etl_dag.py","lineno":31}
{"timestamp":"2026-08-17T19:45:25.842063Z","level":"info","event":"DAG loaded sucessfully!","logger":"unusual_prefix_377e48747e3957bb035dd88b74b86ec1d0ec8c25_stocks_etl_dag","filename":"stocks_etl_dag.py","lineno":96}
{"timestamp":"2026-08-17T19:45:56.305347Z","level":"info","event":"Filling up the DagBag from /opt/airflow/dags/stocks_etl_dag.py","logger":"airflow.dag_processing.dagbag.BundleDagBag","filename":"dagbag.py","lineno":460}
{"timestamp":"2026-08-17T19:45:58.032360Z","level":"info","event":"Pyspark imported, version: 3.5.2","logger":"unusual_prefix_377e48747e3957bb035dd88b74b86ec1d0ec8c25_stocks_etl_dag","filename":"stocks_etl_dag.py","lineno":24}
{"timestamp":"2026-08-17T19:45:58.046321Z","level":"info","event":"ETL function imported succesfully!","logger":"unusual_prefix_377e48747e3957bb035dd88b74b86ec1d0ec8c25_stocks_etl_dag","filename":"stocks_etl_dag.py","lineno":31}
{"timestamp":"2026-08-17T19:45:58.055683Z","level":"info","event":"DAG loaded sucessfully!","logger":"unusual_prefix_377e48747e3957bb035dd88b74b86ec1d0ec8c25_stocks_etl_dag","filename":"stocks_etl_dag.py","lineno":96}
{"timestamp":"2026-08-17T19:46:28.370072Z","level":"info","event":"Filling up the DagBag from /opt/airflow/dags/stocks_etl_dag.py","logger":"airflow.dag_processing.dagbag.BundleDagBag","filename":"dagbag.py","lineno":460}
{"timestamp":"2026-08-17T19:46:29.535967Z","level":"info","event":"Pyspark imported, version: 3.5.2","logger":"unusual_prefix_377e48747e3957bb035dd88b74b86ec1d0ec8c25_stocks_etl_dag","filename":"stocks_etl_dag.py","lineno":24}
{"timestamp":"2026-08-17T19:46:29.549752Z","level":"info","event":"ETL function imported succesfully!","logger":"unusual_prefix_377e48747e3957bb035dd88b74b86ec1d0ec8c25_stocks_etl_dag","filename":"stocks_etl_dag.py","lineno":31}
{"timestamp":"2026-08-17T19:46:29.554216Z","level":"info","event":"DAG loaded sucessfully!","logger":"unusual_prefix_377e48747e3957bb035dd88b74b86ec1d0ec8c25_stocks_etl_dag","filename":"stocks_etl_dag.py","lineno":96}
{"timestamp":"2026-08-17T19:47:00.255077Z","level":"info","event":"Filling up the DagBag from /opt/airflow/dags/stocks_etl_dag.py","logger":"airflow.dag_processing.dagbag.BundleDagBag","filename":"dagbag.py","lineno":460}
{"timestamp":"2026-08-17T19:47:01.373336Z","level":"info","event":"Pyspark imported, version: 3.5.2","logger":"unusual_prefix_377e48747e3957bb035dd88b74b86ec1d0ec8c25_stocks_etl_dag","filename":"stocks_etl_dag.py","lineno":24}
{"timestamp":"2026-08-17T19:47:01.386609Z","level":"info","event":"ETL function imported succesfully!","logger":"unusual_prefix_377e48747e3957bb035dd88b74b86ec1d0ec8c25_stocks_etl_dag","filename":"stocks_etl_dag.py","lineno":31}
{"timestamp":"2026-08-17T19:47:01.391277Z","level":"info","event":"DAG loaded sucessfully!","logger":"unusual_prefix_377e48747e3957bb035dd88b74b86ec1d0ec8c25_stocks_etl_dag","filename":"stocks_etl_dag.py","lineno":96}
{"timestamp":"2026-08-17T19:47:32.677036Z","level":"info","event":"Filling up the DagBag from /opt/airflow/dags/stocks_etl_dag.py","logger":"airflow.dag_processing.dagbag.BundleDagBag","filename":"dagbag.py","lineno":460}
{"timestamp":"2026-08-17T19:47:38.142297Z","level":"info","event":"Pyspark imported, version: 3.5.2","logger":"unusual_prefix_377e48747e3957bb035dd88b74b86ec1d0ec8c25_stocks_etl_dag","filename":"stocks_etl_dag.py","lineno":24}
{"timestamp":"2026-08-17T19:47:38.190024Z","level":"info","event":"ETL function imported succesfully!","logger":"unusual_prefix_377e48747e3957bb035dd88b74b86ec1d0ec8c25_stocks_etl_dag","filename":"stocks_etl_dag.py","lineno":31}
{"timestamp":"2026-08-17T19:47:38.200507Z","level":"info","event":"DAG loaded sucessfully!","logger":"unusual_prefix_377e48747e3957bb035dd88b74b86ec1d0ec8c25_stocks_etl_dag","filename":"stocks_etl_dag.py","lineno":96}
{"timestamp":"2026-08-17T19:48:08.428014Z","level":"info","event":"Filling up the DagBag from /opt/airflow/dags/stocks_etl_dag.py","logger":"airflow.dag_processing.dagbag.BundleDagBag","filename":"dagbag.py","lineno":460}
{"timestamp":"2026-08-17T19:48:11.569173Z","level":"info","event":"Pyspark imported, version: 3.5.2","logger":"unusual_prefix_377e48747e3957bb035dd88b74b86ec1d0ec8c25_stocks_etl_dag","filename":"stocks_etl_dag.py","lineno":24}
{"timestamp":"2026-08-17T19:48:11.583951Z","level":"info","event":"ETL function imported succesfully!","logger":"unusual_prefix_377e48747e3957bb035dd88b74b86ec1d0ec8c25_stocks_etl_dag","filename":"stocks_etl_dag.py","lineno":31}
{"timestamp":"2026-08-17T19:48:11.594521Z","level":"info","event":"DAG loaded sucessfully!","logger":"unusual_prefix_377e48747e3957bb035dd88b74b86ec1d0ec8c25_stocks_etl_dag","filename":"stocks_etl_dag.py","lineno":96}
{"timestamp":"2026-08-17T19:48:42.102853Z","level":"info","event":"Filling up the DagBag from /opt/airflow/dags/stocks_etl_dag.py","logger":"airflow.dag_processing.dagbag.BundleDagBag","filename":"dagbag.py","lineno":460}
{"timestamp":"2026-08-17T19:48:44.967183Z","level":"info","event":"Pyspark imported, version: 3.5.2","logger":"unusual_prefix_377e48747e3957bb035dd88b74b86ec1d0ec8c25_stocks_etl_dag","filename":"stocks_etl_dag.py","lineno":24}
{"timestamp":"2026-08-17T19:48:44.986386Z","level":"info","event":"ETL function imported succesfully!","logger":"unusual_prefix_377e48747e3957bb035dd88b74b86ec1d0ec8c25_stocks_etl_dag","filename":"stocks_etl_dag.py","lineno":31}
{"timestamp":"2026-08-17T19:48:44.997332Z","level":"info","event":"DAG loaded sucessfully!","logger":"unusual_prefix_377e48747e3957bb035dd88b74b86ec1d0ec8c25_stocks_etl_dag","filename":"stocks_etl_dag.py","lineno":96}
{"timestamp":"2026-08-17T19:49:15.407168Z","level":"info","event":"Filling up the DagBag from /opt/airflow/dags/stocks_etl_dag.py","logger":"airflow.dag_processing.dagbag.BundleDagBag","filename":"dagbag.py","lineno":460}
{"timestamp":"2026-08-17T19:49:16.780817Z","level":"info","event":"Pyspark imported, version: 3.5.2","logger":"unusual_prefix_377e48747e3957bb035dd88b74b86ec1d0ec8c25_stocks_etl_dag","filename":"stocks_etl_dag.py","lineno":24}
{"timestamp":"2026-08-17T19:49:16.793624Z","level":"info","event":"ETL function imported succesfully!","logger":"unusual_prefix_377e48747e3957bb035dd88b74b86ec1d0ec8c25_stocks_etl_dag","filename":"stocks_etl_dag.py","lineno":31}
{"timestamp":"2026-08-17T19:49:16.798102Z","level":"info","event":"DAG loaded sucessfully!","logger":"unusual_prefix_377e48747e3957bb035dd88b74b86ec1d0ec8c25_stocks_etl_dag","filename":"stocks_etl_dag.py","lineno":96}
{"timestamp":"2026-08-17T19:49:47.334139Z","level":"info","event":"Filling up the DagBag from /opt/airflow/dags/stocks_etl_dag.py","logger":"airflow.dag_processing.dagbag.BundleDagBag","filename":"dagbag.py","lineno":460}
{"timestamp":"2026-08-17T19:49:48.220915Z","level":"info","event":"Pyspark imported, version: 3.5.2","logger":"unusual_prefix_377e48747e3957bb035dd88b74b86ec1d0ec8c25_stocks_etl_dag","filename":"stocks_etl_dag.py","lineno":24}
{"timestamp":"2026-08-17T19:49:48.233759Z","level":"info","event":"ETL function imported succesfully!","logger":"unusual_prefix_377e48747e3957bb035dd88b74b86ec1d0ec8c25_stocks_etl_dag","filename":"stocks_etl_dag.py","lineno":31}
{"timestamp":"2026-08-17T19:49:48.237592Z","level":"info","event":"DAG loaded sucessfully!","logger":"unusual_prefix_377e48747e3957bb035dd88b74b86ec1d0ec8c25_stocks_etl_dag","filename":"stocks_etl_dag.py","lineno":96}
{"timestamp":"2026-08-17T19:50:18.893967Z","level":"info","event":"Filling up the DagBag from /opt/airflow/dags/stocks_etl_dag.py","logger":"airflow.dag_processing.dagbag.BundleDagBag","filename":"dagbag.py","lineno":460}
{"timestamp":"2026-08-17T19:50:19.897099Z","level":"info","event":"Pyspark imported, version: 3.5.2","logger":"unusual_prefix_377e48747e3957bb035dd88b74b86ec1d0ec8c25_stocks_etl_dag","filename":"stocks_etl_dag.py","lineno":24}
{"timestamp":"2026-08-17T19:50:19.907715Z","level":"info","event":"ETL function imported succesfully!","logger":"unusual_prefix_377e48747e3957bb035dd88b74b86ec1d0ec8c25_stocks_etl_dag","filename":"stocks_etl_dag.py","lineno":31}
{"timestamp":"2026-08-17T19:50:19.911497Z","level":"info","event":"DAG loaded sucessfully!","logger":"unusual_prefix_377e48747e3957bb035dd88b74b86ec1d0ec8c25_stocks_etl_dag","filename":"stocks_etl_dag.py","lineno":96}
{"timestamp":"2026-08-17T19:50:50.535310Z","level":"info","event":"Filling up the DagBag from /opt/airflow/dags/stocks_etl_dag.py","logger":"airflow.dag_processing.dagbag.BundleDagBag","filename":"dagbag.py","lineno":460}
{"timestamp":"2026-08-17T19:50:51.511408Z","level":"info","event":"Pyspark imported, version: 3.5.2","logger":"unusual_prefix_377e48747e3957bb035dd88b74b86ec1d0ec8c25_stocks_etl_dag","filename":"stocks_etl_dag.py","lineno":24}
{"timestamp":"2026-08-17T19:50:51.525103Z","level":"info","event":"ETL function imported succesfully!","logger":"unusual_prefix_377e48747e3957bb035dd88b74b86ec1d0ec8c25_stocks_etl_dag","filename":"stocks_etl_dag.py","lineno":31}
{"timestamp":"2026-08-17T19:50:51.528859Z","level":"info","event":"DAG loaded sucessfully!","logger":"unusual_prefix_377e48747e3957bb035dd88b74b86ec1d0ec8c25_stocks_etl_dag","filename":"stocks_etl_dag.py","lineno":96}
{"timestamp":"2026-08-17T19:51:22.259040Z","level":"info","event":"Filling up the DagBag from /opt/airflow/dags/stocks_etl_dag.py","logger":"airflow.dag_processing.dagbag.BundleDagBag","filename":"dagbag.py","lineno":460}
{"timestamp":"2026-08-17T19:51:23.299419Z","level":"info","event":"Pyspark imported, version: 3.5.2","logger":"unusual_prefix_377e48747e3957bb035dd88b74b86ec1d0ec8c25_stocks_etl_dag","filename":"stocks_etl_dag.py","lineno":24}
{"timestamp":"2026-08-17T19:51:23.312715Z","level":"info","event":"ETL function imported succesfully!","logger":"unusual_prefix_377e48747e3957bb035dd88b74b86ec1d0ec8c25_stocks_etl_dag","filename":"stocks_etl_dag.py","lineno":31}
{"timestamp":"2026-08-17T19:51:23.316753Z","level":"info","event":"DAG loaded sucessfully!","logger":"unusual_prefix_377e48747e3957bb035dd88b74b86ec1d0ec8c25_stocks_etl_dag","filename":"stocks_etl_dag.py","lineno":96}
{"timestamp":"2026-08-17T19:51:53.888787Z","level":"info","event":"Filling up the DagBag from /opt/airflow/dags/stocks_etl_dag.py","logger":"airflow.dag_processing.dagbag.BundleDagBag","filename":"dagbag.py","lineno":460}
{"timestamp":"2026-08-17T19:51:54.913180Z","level":"info","event":"Pyspark imported, version: 3.5.2","logger":"unusual_prefix_377e48747e3957bb035dd88b74b86ec1d0ec8c25_stocks_etl_dag","filename":"stocks_etl_dag.py","lineno":24}
{"timestamp":"2026-08-17T19:51:54.926754Z","level":"info","event":"ETL function imported succesfully!","logger":"unusual_prefix_377e48747e3957bb035dd88b74b86ec1d0ec8c25_stocks_etl_dag","filename":"stocks_etl_dag.py","lineno":31}
{"timestamp":"2026-08-17T19:51:54.930709Z","level":"info","event":"DAG loaded sucessfully!","logger":"unusual_prefix_377e48747e3957bb035dd88b74b86ec1d0ec8c25_stocks_etl_dag","filename":"stocks_etl_dag.py","lineno":96}
{"timestamp":"2026-08-17T19:52:25.459181Z","level":"info","event":"Filling up the DagBag from /opt/airflow/dags/stocks_etl_dag.py","logger":"airflow.dag_processing.dagbag.BundleDagBag","filename":"dagbag.py","lineno":460}
{"timestamp":"2026-08-17T19:52:26.422338Z","level":"info","event":"Pyspark imported, version: 3.5.2","logger":"unusual_prefix_377e48747e3957bb035dd88b74b86ec1d0ec8c25_stocks_etl_dag","filename":"stocks_etl_dag.py","lineno":24}
{"timestamp":"2026-08-17T19:52:26.435012Z","level":"info","event":"ETL function imported succesfully!","logger":"unusual_prefix_377e48747e3957bb035dd88b74b86ec1d0ec8c25_stocks_etl_dag","filename":"stocks_etl_dag.py","lineno":31}
{"timestamp":"2026-08-17T19:52:26.439171Z","level":"info","event":"DAG loaded sucessfully!","logger":"unusual_prefix_377e48747e3957bb035dd88b74b86ec1d0ec8c25_stocks_etl_dag","filename":"stocks_etl_dag.py","lineno":96}
{"timestamp":"2026-08-17T19:52:57.074374Z","level":"info","event":"Filling up the DagBag from /opt/airflow/dags/stocks_etl_dag.py","logger":"airflow.dag_processing.dagbag.BundleDagBag","filename":"dagbag.py","lineno":460}
{"timestamp":"2026-08-17T19:52:58.384263Z","level":"info","event":"Pyspark imported, version: 3.5.2","logger":"unusual_prefix_377e48747e3957bb035dd88b74b86ec1d0ec8c25_stocks_etl_dag","filename":"stocks_etl_dag.py","lineno":24}
{"timestamp":"2026-08-17T19:52:58.396062Z","level":"info","event":"ETL function imported succesfully!","logger":"unusual_prefix_377e48747e3957bb035dd88b74b86ec1d0ec8c25_stocks_etl_dag","filename":"stocks_etl_dag.py","lineno":31}
{"timestamp":"2026-08-17T19:52:58.401590Z","level":"info","event":"DAG loaded sucessfully!","logger":"unusual_prefix_377e48747e3957bb035dd88b74b86ec1d0ec8c25_stocks_etl_dag","filename":"stocks_etl_dag.py","lineno":96}
{"timestamp":"2026-08-17T19:53:28.979502Z","level":"info","event":"Filling up the DagBag from /opt/airflow/dags/stocks_etl_dag.py","logger":"airflow.dag_processing.dagbag.BundleDagBag","filename":"dagbag.py","lineno":460}
{"timestamp":"2026-08-17T19:53:30.938396Z","level":"info","event":"Pyspark imported, version: 3.5.2","logger":"unusual_prefix_377e48747e3957bb035dd88b74b86ec1d0ec8c25_stocks_etl_dag","filename":"stocks_etl_dag.py","lineno":24}
{"timestamp":"2026-08-17T19:53:30.953851Z","level":"info","event":"ETL function imported succesfully!","logger":"unusual_prefix_377e48747e3957bb035dd88b74b86ec1d0ec8c25_stocks_etl_dag","filename":"stocks_etl_dag.py","lineno":31}
{"timestamp":"2026-08-17T19:53:30.961868Z","level":"info","event":"DAG loaded sucessfully!","logger":"unusual_prefix_377e48747e3957bb035dd88b74b86ec1d0ec8c25_stocks_etl_dag","filename":"stocks_etl_dag.py","lineno":96}
{"timestamp":"2026-08-17T19:54:01.127724Z","level":"info","event":"Filling up the DagBag from /opt/airflow/dags/stocks_etl_dag.py","logger":"airflow.dag_processing.dagbag.BundleDagBag","filename":"dagbag.py","lineno":460}
{"timestamp":"2026-08-17T19:54:02.788480Z","level":"info","event":"Pyspark imported, version: 3.5.2","logger":"unusual_prefix_377e48747e3957bb035dd88b74b86ec1d0ec8c25_stocks_etl_dag","filename":"stocks_etl_dag.py","lineno":24}
{"timestamp":"2026-08-17T19:54:02.803035Z","level":"info","event":"ETL function imported succesfully!","logger":"unusual_prefix_377e48747e3957bb035dd88b74b86ec1d0ec8c25_stocks_etl_dag","filename":"stocks_etl_dag.py","lineno":31}
{"timestamp":"2026-08-17T19:54:02.807660Z","level":"info","event":"DAG loaded sucessfully!","logger":"unusual_prefix_377e48747e3957bb035dd88b74b86ec1d0ec8c25_stocks_etl_dag","filename":"stocks_etl_dag.py","lineno":96}
{"timestamp":"2026-08-17T19:54:33.119479Z","level":"info","event":"Filling up the DagBag from /opt/airflow/dags/stocks_etl_dag.py","logger":"airflow.dag_processing.dagbag.BundleDagBag","filename":"dagbag.py","lineno":460}
{"timestamp":"2026-08-17T19:54:34.157350Z","level":"info","event":"Pyspark imported, version: 3.5.2","logger":"unusual_prefix_377e48747e3957bb035dd88b74b86ec1d0ec8c25_stocks_etl_dag","filename":"stocks_etl_dag.py","lineno":24}
{"timestamp":"2026-08-17T19:54:34.169768Z","level":"info","event":"ETL function imported succesfully!","logger":"unusual_prefix_377e48747e3957bb035dd88b74b86ec1d0ec8c25_stocks_etl_dag","filename":"stocks_etl_dag.py","lineno":31}
{"timestamp":"2026-08-17T19:54:34.184571Z","level":"info","event":"DAG loaded sucessfully!","logger":"unusual_prefix_377e48747e3957bb035dd88b74b86ec1d0ec8c25_stocks_etl_dag","filename":"stocks_etl_dag.py","lineno":96}
{"timestamp":"2026-08-17T19:55:04.784069Z","level":"info","event":"Filling up the DagBag from /opt/airflow/dags/stocks_etl_dag.py","logger":"airflow.dag_processing.dagbag.BundleDagBag","filename":"dagbag.py","lineno":460}
{"timestamp":"2026-08-17T19:55:05.974573Z","level":"info","event":"Pyspark imported, version: 3.5.2","logger":"unusual_prefix_377e48747e3957bb035dd88b74b86ec1d0ec8c25_stocks_etl_dag","filename":"stocks_etl_dag.py","lineno":24}
{"timestamp":"2026-08-17T19:55:05.989940Z","level":"info","event":"ETL function imported succesfully!","logger":"unusual_prefix_377e48747e3957bb035dd88b74b86ec1d0ec8c25_stocks_etl_dag","filename":"stocks_etl_dag.py","lineno":31}
{"timestamp":"2026-08-17T19:55:05.995311Z","level":"info","event":"DAG loaded sucessfully!","logger":"unusual_prefix_377e48747e3957bb035dd88b74b86ec1d0ec8c25_stocks_etl_dag","filename":"stocks_etl_dag.py","lineno":96}
{"timestamp":"2026-08-17T19:55:36.492360Z","level":"info","event":"Filling up the DagBag from /opt/airflow/dags/stocks_etl_dag.py","logger":"airflow.dag_processing.dagbag.BundleDagBag","filename":"dagbag.py","lineno":460}
{"timestamp":"2026-08-17T19:55:37.908458Z","level":"info","event":"Pyspark imported, version: 3.5.2","logger":"unusual_prefix_377e48747e3957bb035dd88b74b86ec1d0ec8c25_stocks_etl_dag","filename":"stocks_etl_dag.py","lineno":24}
{"timestamp":"2026-08-17T19:55:37.925666Z","level":"info","event":"ETL function imported succesfully!","logger":"unusual_prefix_377e48747e3957bb035dd88b74b86ec1d0ec8c25_stocks_etl_dag","filename":"stocks_etl_dag.py","lineno":31}
{"timestamp":"2026-08-17T19:55:37.932429Z","level":"info","event":"DAG loaded sucessfully!","logger":"unusual_prefix_377e48747e3957bb035dd88b74b86ec1d0ec8c25_stocks_etl_dag","filename":"stocks_etl_dag.py","lineno":96}
{"timestamp":"2026-08-17T19:56:08.562606Z","level":"info","event":"Filling up the DagBag from /opt/airflow/dags/stocks_etl_dag.py","logger":"airflow.dag_processing.dagbag.BundleDagBag","filename":"dagbag.py","lineno":460}
{"timestamp":"2026-08-17T19:56:10.271548Z","level":"info","event":"Pyspark imported, version: 3.5.2","logger":"unusual_prefix_377e48747e3957bb035dd88b74b86ec1d0ec8c25_stocks_etl_dag","filename":"stocks_etl_dag.py","lineno":24}
{"timestamp":"2026-08-17T19:56:10.286038Z","level":"info","event":"ETL function imported succesfully!","logger":"unusual_prefix_377e48747e3957bb035dd88b74b86ec1d0ec8c25_stocks_etl_dag","filename":"stocks_etl_dag.py","lineno":31}
{"timestamp":"2026-08-17T19:56:10.291636Z","level":"info","event":"DAG loaded sucessfully!","logger":"unusual_prefix_377e48747e3957bb035dd88b74b86ec1d0ec8c25_stocks_etl_dag","filename":"stocks_etl_dag.py","lineno":96}
{"timestamp":"2026-08-17T19:56:40.458683Z","level":"info","event":"Filling up the DagBag from /opt/airflow/dags/stocks_etl_dag.py","logger":"airflow.dag_processing.dagbag.BundleDagBag","filename":"dagbag.py","lineno":460}
{"timestamp":"2026-08-17T19:56:41.713693Z","level":"info","event":"Pyspark imported, version: 3.5.2","logger":"unusual_prefix_377e48747e3957bb035dd88b74b86ec1d0ec8c25_stocks_etl_dag","filename":"stocks_etl_dag.py","lineno":24}
{"timestamp":"2026-08-17T19:56:41.728625Z","level":"info","event":"ETL function imported succesfully!","logger":"unusual_prefix_377e48747e3957bb035dd88b74b86ec1d0ec8c25_stocks_etl_dag","filename":"stocks_etl_dag.py","lineno":31}
{"timestamp":"2026-08-17T19:56:41.734670Z","level":"info","event":"DAG loaded sucessfully!","logger":"unusual_prefix_377e48747e3957bb035dd88b74b86ec1d0ec8c25_stocks_etl_dag","filename":"stocks_etl_dag.py","lineno":96}
{"timestamp":"2026-08-17T19:57:12.223560Z","level":"info","event":"Filling up the DagBag from /opt/airflow/dags/stocks_etl_dag.py","logger":"airflow.dag_processing.dagbag.BundleDagBag","filename":"dagbag.py","lineno":460}
{"timestamp":"2026-08-17T19:57:13.588714Z","level":"info","event":"Pyspark imported, version: 3.5.2","logger":"unusual_prefix_377e48747e3957bb035dd88b74b86ec1d0ec8c25_stocks_etl_dag","filename":"stocks_etl_dag.py","lineno":24}
{"timestamp":"2026-08-17T19:57:13.603828Z","level":"info","event":"ETL function imported succesfully!","logger":"unusual_prefix_377e48747e3957bb035dd88b74b86ec1d0ec8c25_stocks_etl_dag","filename":"stocks_etl_dag.py","lineno":31}
{"timestamp":"2026-08-17T19:57:13.611092Z","level":"info","event":"DAG loaded sucessfully!","logger":"unusual_prefix_377e48747e3957bb035dd88b74b86ec1d0ec8c25_stocks_etl_dag","filename":"stocks_etl_dag.py","lineno":96}
{"timestamp":"2026-08-17T19:57:44.239481Z","level":"info","event":"Filling up the DagBag from /opt/airflow/dags/stocks_etl_dag.py","logger":"airflow.dag_processing.dagbag.BundleDagBag","filename":"dagbag.py","lineno":460}
{"timestamp":"2026-08-17T19:57:46.243308Z","level":"info","event":"Pyspark imported, version: 3.5.2","logger":"unusual_prefix_377e48747e3957bb035dd88b74b86ec1d0ec8c25_stocks_etl_dag","filename":"stocks_etl_dag.py","lineno":24}
{"timestamp":"2026-08-17T19:57:46.257271Z","level":"info","event":"ETL function imported succesfully!","logger":"unusual_prefix_377e48747e3957bb035dd88b74b86ec1d0ec8c25_stocks_etl_dag","filename":"stocks_etl_dag.py","lineno":31}
{"timestamp":"2026-08-17T19:57:46.268203Z","level":"info","event":"DAG loaded sucessfully!","logger":"unusual_prefix_377e48747e3957bb035dd88b74b86ec1d0ec8c25_stocks_etl_dag","filename":"stocks_etl_dag.py","lineno":96}
{"timestamp":"2026-08-17T19:58:16.827562Z","level":"info","event":"Filling up the DagBag from /opt/airflow/dags/stocks_etl_dag.py","logger":"airflow.dag_processing.dagbag.BundleDagBag","filename":"dagbag.py","lineno":460}
{"timestamp":"2026-08-17T19:58:18.650696Z","level":"info","event":"Pyspark imported, version: 3.5.2","logger":"unusual_prefix_377e48747e3957bb035dd88b74b86ec1d0ec8c25_stocks_etl_dag","filename":"stocks_etl_dag.py","lineno":24}
{"timestamp":"2026-08-17T19:58:18.667324Z","level":"info","event":"ETL function imported succesfully!","logger":"unusual_prefix_377e48747e3957bb035dd88b74b86ec1d0ec8c25_stocks_etl_dag","filename":"stocks_etl_dag.py","lineno":31}
{"timestamp":"2026-08-17T19:58:18.687886Z","level":"info","event":"DAG loaded sucessfully!","logger":"unusual_prefix_377e48747e3957bb035dd88b74b86ec1d0ec8c25_stocks_etl_dag","filename":"stocks_etl_dag.py","lineno":96}
{"timestamp":"2026-08-17T19:58:48.973740Z","level":"info","event":"Filling up the DagBag from /opt/airflow/dags/stocks_etl_dag.py","logger":"airflow.dag_processing.dagbag.BundleDagBag","filename":"dagbag.py","lineno":460}
{"timestamp":"2026-08-17T19:58:50.404901Z","level":"info","event":"Pyspark imported, version: 3.5.2","logger":"unusual_prefix_377e48747e3957bb035dd88b74b86ec1d0ec8c25_stocks_etl_dag","filename":"stocks_etl_dag.py","lineno":24}
{"timestamp":"2026-08-17T19:58:50.444204Z","level":"info","event":"ETL function imported succesfully!","logger":"unusual_prefix_377e48747e3957bb035dd88b74b86ec1d0ec8c25_stocks_etl_dag","filename":"stocks_etl_dag.py","lineno":31}
{"timestamp":"2026-08-17T19:58:50.450209Z","level":"info","event":"DAG loaded sucessfully!","logger":"unusual_prefix_377e48747e3957bb035dd88b74b86ec1d0ec8c25_stocks_etl_dag","filename":"stocks_etl_dag.py","lineno":96}
{"timestamp":"2026-08-17T19:59:21.084971Z","level":"info","event":"Filling up the DagBag from /opt/airflow/dags/stocks_etl_dag.py","logger":"airflow.dag_processing.dagbag.BundleDagBag","filename":"dagbag.py","lineno":460}
{"timestamp":"2026-08-17T19:59:22.007628Z","level":"info","event":"Pyspark imported, version: 3.5.2","logger":"unusual_prefix_377e48747e3957bb035dd88b74b86ec1d0ec8c25_stocks_etl_dag","filename":"stocks_etl_dag.py","lineno":24}
{"timestamp":"2026-08-17T19:59:22.019404Z","level":"info","event":"ETL function imported succesfully!","logger":"unusual_prefix_377e48747e3957bb035dd88b74b86ec1d0ec8c25_stocks_etl_dag","filename":"stocks_etl_dag.py","lineno":31}
{"timestamp":"2026-08-17T19:59:22.023087Z","level":"info","event":"DAG loaded sucessfully!","logger":"unusual_prefix_377e48747e3957bb035dd88b74b86ec1d0ec8c25_stocks_etl_dag","filename":"stocks_etl_dag.py","lineno":96}
{"timestamp":"2026-08-17T19:59:52.706920Z","level":"info","event":"Filling up the DagBag from /opt/airflow/dags/stocks_etl_dag.py","logger":"airflow.dag_processing.dagbag.BundleDagBag","filename":"dagbag.py","lineno":460}
{"timestamp":"2026-08-17T19:59:53.708390Z","level":"info","event":"Pyspark imported, version: 3.5.2","logger":"unusual_prefix_377e48747e3957bb035dd88b74b86ec1d0ec8c25_stocks_etl_dag","filename":"stocks_etl_dag.py","lineno":24}
{"timestamp":"2026-08-17T19:59:53.741846Z","level":"info","event":"ETL function imported succesfully!","logger":"unusual_prefix_377e48747e3957bb035dd88b74b86ec1d0ec8c25_stocks_etl_dag","filename":"stocks_etl_dag.py","lineno":31}
{"timestamp":"2026-08-17T19:59:53.748597Z","level":"info","event":"DAG loaded sucessfully!","logger":"unusual_prefix_377e48747e3957bb035dd88b74b86ec1d0ec8c25_stocks_etl_dag","filename":"stocks_etl_dag.py","lineno":96}
{"timestamp":"2026-08-17T20:00:24.385422Z","level":"info","event":"Filling up the DagBag from /opt/airflow/dags/stocks_etl_dag.py","logger":"airflow.dag_processing.dagbag.BundleDagBag","filename":"dagbag.py","lineno":460}
{"timestamp":"2026-08-17T20:00:25.488801Z","level":"info","event":"Pyspark imported, version: 3.5.2","logger":"unusual_prefix_377e48747e3957bb035dd88b74b86ec1d0ec8c25_stocks_etl_dag","filename":"stocks_etl_dag.py","lineno":24}
{"timestamp":"2026-08-17T20:00:25.501460Z","level":"info","event":"ETL function imported succesfully!","logger":"unusual_prefix_377e48747e3957bb035dd88b74b86ec1d0ec8c25_stocks_etl_dag","filename":"stocks_etl_dag.py","lineno":31}
{"timestamp":"2026-08-17T20:00:25.505385Z","level":"info","event":"DAG loaded sucessfully!","logger":"unusual_prefix_377e48747e3957bb035dd88b74b86ec1d0ec8c25_stocks_etl_dag","filename":"stocks_etl_dag.py","lineno":96}
{"timestamp":"2026-08-17T20:00:56.086599Z","level":"info","event":"Filling up the DagBag from /opt/airflow/dags/stocks_etl_dag.py","logger":"airflow.dag_processing.dagbag.BundleDagBag","filename":"dagbag.py","lineno":460}
{"timestamp":"2026-08-17T20:00:57.002462Z","level":"info","event":"Pyspark imported, version: 3.5.2","logger":"unusual_prefix_377e48747e3957bb035dd88b74b86ec1d0ec8c25_stocks_etl_dag","filename":"stocks_etl_dag.py","lineno":24}
{"timestamp":"2026-08-17T20:00:57.014845Z","level":"info","event":"ETL function imported succesfully!","logger":"unusual_prefix_377e48747e3957bb035dd88b74b86ec1d0ec8c25_stocks_etl_dag","filename":"stocks_etl_dag.py","lineno":31}
{"timestamp":"2026-08-17T20:00:57.018912Z","level":"info","event":"DAG loaded sucessfully!","logger":"unusual_prefix_377e48747e3957bb035dd88b74b86ec1d0ec8c25_stocks_etl_dag","filename":"stocks_etl_dag.py","lineno":96}
{"timestamp":"2026-08-17T20:01:27.551714Z","level":"info","event":"Filling up the DagBag from /opt/airflow/dags/stocks_etl_dag.py","logger":"airflow.dag_processing.dagbag.BundleDagBag","filename":"dagbag.py","lineno":460}
{"timestamp":"2026-08-17T20:01:28.500458Z","level":"info","event":"Pyspark imported, version: 3.5.2","logger":"unusual_prefix_377e48747e3957bb035dd88b74b86ec1d0ec8c25_stocks_etl_dag","filename":"stocks_etl_dag.py","lineno":24}
{"timestamp":"2026-08-17T20:01:28.512154Z","level":"info","event":"ETL function imported succesfully!","logger":"unusual_prefix_377e48747e3957bb035dd88b74b86ec1d0ec8c25_stocks_etl_dag","filename":"stocks_etl_dag.py","lineno":31}
{"timestamp":"2026-08-17T20:01:28.515853Z","level":"info","event":"DAG loaded sucessfully!","logger":"unusual_prefix_377e48747e3957bb035dd88b74b86ec1d0ec8c25_stocks_etl_dag","filename":"stocks_etl_dag.py","lineno":96}
{"timestamp":"2026-08-17T20:01:59.137554Z","level":"info","event":"Filling up the DagBag from /opt/airflow/dags/stocks_etl_dag.py","logger":"airflow.dag_processing.dagbag.BundleDagBag","filename":"dagbag.py","lineno":460}
{"timestamp":"2026-08-17T20:02:00.166892Z","level":"info","event":"Pyspark imported, version: 3.5.2","logger":"unusual_prefix_377e48747e3957bb035dd88b74b86ec1d0ec8c25_stocks_etl_dag","filename":"stocks_etl_dag.py","lineno":24}
{"timestamp":"2026-08-17T20:02:00.179865Z","level":"info","event":"ETL function imported succesfully!","logger":"unusual_prefix_377e48747e3957bb035dd88b74b86ec1d0ec8c25_stocks_etl_dag","filename":"stocks_etl_dag.py","lineno":31}
{"timestamp":"2026-08-17T20:02:00.183817Z","level":"info","event":"DAG loaded sucessfully!","logger":"unusual_prefix_377e48747e3957bb035dd88b74b86ec1d0ec8c25_stocks_etl_dag","filename":"stocks_etl_dag.py","lineno":96}
{"timestamp":"2026-08-17T20:02:30.849212Z","level":"info","event":"Filling up the DagBag from /opt/airflow/dags/stocks_etl_dag.py","logger":"airflow.dag_processing.dagbag.BundleDagBag","filename":"dagbag.py","lineno":460}
{"timestamp":"2026-08-17T20:02:32.157224Z","level":"info","event":"Pyspark imported, version: 3.5.2","logger":"unusual_prefix_377e48747e3957bb035dd88b74b86ec1d0ec8c25_stocks_etl_dag","filename":"stocks_etl_dag.py","lineno":24}
{"timestamp":"2026-08-17T20:02:32.170025Z","level":"info","event":"ETL function imported succesfully!","logger":"unusual_prefix_377e48747e3957bb035dd88b74b86ec1d0ec8c25_stocks_etl_dag","filename":"stocks_etl_dag.py","lineno":31}
{"timestamp":"2026-08-17T20:02:32.174027Z","level":"info","event":"DAG loaded sucessfully!","logger":"unusual_prefix_377e48747e3957bb035dd88b74b86ec1d0ec8c25_stocks_etl_dag","filename":"stocks_etl_dag.py","lineno":96}
{"timestamp":"2026-08-17T20:03:02.769844Z","level":"info","event":"Filling up the DagBag from /opt/airflow/dags/stocks_etl_dag.py","logger":"airflow.dag_processing.dagbag.BundleDagBag","filename":"dagbag.py","lineno":460}
{"timestamp":"2026-08-17T20:03:04.786908Z","level":"info","event":"Pyspark imported, version: 3.5.2","logger":"unusual_prefix_377e48747e3957bb035dd88b74b86ec1d0ec8c25_stocks_etl_dag","filename":"stocks_etl_dag.py","lineno":24}
{"timestamp":"2026-08-17T20:03:04.798704Z","level":"info","event":"ETL function imported succesfully!","logger":"unusual_prefix_377e48747e3957bb035dd88b74b86ec1d0ec8c25_stocks_etl_dag","filename":"stocks_etl_dag.py","lineno":31}
{"timestamp":"2026-08-17T20:03:04.833194Z","level":"info","event":"DAG loaded sucessfully!","logger":"unusual_prefix_377e48747e3957bb035dd88b74b86ec1d0ec8c25_stocks_etl_dag","filename":"stocks_etl_dag.py","lineno":96}
{"timestamp":"2026-08-17T20:03:35.513932Z","level":"info","event":"Filling up the DagBag from /opt/airflow/dags/stocks_etl_dag.py","logger":"airflow.dag_processing.dagbag.BundleDagBag","filename":"dagbag.py","lineno":460}
{"timestamp":"2026-08-17T20:03:37.325586Z","level":"info","event":"Pyspark imported, version: 3.5.2","logger":"unusual_prefix_377e48747e3957bb035dd88b74b86ec1d0ec8c25_stocks_etl_dag","filename":"stocks_etl_dag.py","lineno":24}
{"timestamp":"2026-08-17T20:03:37.335346Z","level":"info","event":"ETL function imported succesfully!","logger":"unusual_prefix_377e48747e3957bb035dd88b74b86ec1d0ec8c25_stocks_etl_dag","filename":"stocks_etl_dag.py","lineno":31}
{"timestamp":"2026-08-17T20:03:37.354042Z","level":"info","event":"DAG loaded sucessfully!","logger":"unusual_prefix_377e48747e3957bb035dd88b74b86ec1d0ec8c25_stocks_etl_dag","filename":"stocks_etl_dag.py","lineno":96}
{"timestamp":"2026-08-17T20:04:07.560207Z","level":"info","event":"Filling up the DagBag from /opt/airflow/dags/stocks_etl_dag.py","logger":"airflow.dag_processing.dagbag.BundleDagBag","filename":"dagbag.py","lineno":460}
{"timestamp":"2026-08-17T20:04:08.474652Z","level":"info","event":"Pyspark imported, version: 3.5.2","logger":"unusual_prefix_377e48747e3957bb035dd88b74b86ec1d0ec8c25_stocks_etl_dag","filename":"stocks_etl_dag.py","lineno":24}
{"timestamp":"2026-08-17T20:04:08.486141Z","level":"info","event":"ETL function imported succesfully!","logger":"unusual_prefix_377e48747e3957bb035dd88b74b86ec1d0ec8c25_stocks_etl_dag","filename":"stocks_etl_dag.py","lineno":31}
{"timestamp":"2026-08-17T20:04:08.490057Z","level":"info","event":"DAG loaded sucessfully!","logger":"unusual_prefix_377e48747e3957bb035dd88b74b86ec1d0ec8c25_stocks_etl_dag","filename":"stocks_etl_dag.py","lineno":96}
{"timestamp":"2026-08-17T20:04:39.183242Z","level":"info","event":"Filling up the DagBag from /opt/airflow/dags/stocks_etl_dag.py","logger":"airflow.dag_processing.dagbag.BundleDagBag","filename":"dagbag.py","lineno":460}
{"timestamp":"2026-08-17T20:04:40.091154Z","level":"info","event":"Pyspark imported, version: 3.5.2","logger":"unusual_prefix_377e48747e3957bb035dd88b74b86ec1d0ec8c25_stocks_etl_dag","filename":"stocks_etl_dag.py","lineno":24}
{"timestamp":"2026-08-17T20:04:40.103438Z","level":"info","event":"ETL function imported succesfully!","logger":"unusual_prefix_377e48747e3957bb035dd88b74b86ec1d0ec8c25_stocks_etl_dag","filename":"stocks_etl_dag.py","lineno":31}
{"timestamp":"2026-08-17T20:04:40.107144Z","level":"info","event":"DAG loaded sucessfully!","logger":"unusual_prefix_377e48747e3957bb035dd88b74b86ec1d0ec8c25_stocks_etl_dag","filename":"stocks_etl_dag.py","lineno":96}
{"timestamp":"2026-08-17T20:05:10.760562Z","level":"info","event":"Filling up the DagBag from /opt/airflow/dags/stocks_etl_dag.py","logger":"airflow.dag_processing.dagbag.BundleDagBag","filename":"dagbag.py","lineno":460}
{"timestamp":"2026-08-17T20:05:11.797860Z","level":"info","event":"Pyspark imported, version: 3.5.2","logger":"unusual_prefix_377e48747e3957bb035dd88b74b86ec1d0ec8c25_stocks_etl_dag","filename":"stocks_etl_dag.py","lineno":24}
{"timestamp":"2026-08-17T20:05:11.810331Z","level":"info","event":"ETL function imported succesfully!","logger":"unusual_prefix_377e48747e3957bb035dd88b74b86ec1d0ec8c25_stocks_etl_dag","filename":"stocks_etl_dag.py","lineno":31}
{"timestamp":"2026-08-17T20:05:11.814149Z","level":"info","event":"DAG loaded sucessfully!","logger":"unusual_prefix_377e48747e3957bb035dd88b74b86ec1d0ec8c25_stocks_etl_dag","filename":"stocks_etl_dag.py","lineno":96}
{"timestamp":"2026-08-17T20:05:42.446277Z","level":"info","event":"Filling up the DagBag from /opt/airflow/dags/stocks_etl_dag.py","logger":"airflow.dag_processing.dagbag.BundleDagBag","filename":"dagbag.py","lineno":460}
{"timestamp":"2026-08-17T20:05:43.374165Z","level":"info","event":"Pyspark imported, version: 3.5.2","logger":"unusual_prefix_377e48747e3957bb035dd88b74b86ec1d0ec8c25_stocks_etl_dag","filename":"stocks_etl_dag.py","lineno":24}
{"timestamp":"2026-08-17T20:05:43.409648Z","level":"info","event":"ETL function imported succesfully!","logger":"unusual_prefix_377e48747e3957bb035dd88b74b86ec1d0ec8c25_stocks_etl_dag","filename":"stocks_etl_dag.py","lineno":31}
{"timestamp":"2026-08-17T20:05:43.419719Z","level":"info","event":"DAG loaded sucessfully!","logger":"unusual_prefix_377e48747e3957bb035dd88b74b86ec1d0ec8c25_stocks_etl_dag","filename":"stocks_etl_dag.py","lineno":96}
{"timestamp":"2026-08-17T20:06:14.057008Z","level":"info","event":"Filling up the DagBag from /opt/airflow/dags/stocks_etl_dag.py","logger":"airflow.dag_processing.dagbag.BundleDagBag","filename":"dagbag.py","lineno":460}
{"timestamp":"2026-08-17T20:06:15.377188Z","level":"info","event":"Pyspark imported, version: 3.5.2","logger":"unusual_prefix_377e48747e3957bb035dd88b74b86ec1d0ec8c25_stocks_etl_dag","filename":"stocks_etl_dag.py","lineno":24}
{"timestamp":"2026-08-17T20:06:15.389096Z","level":"info","event":"ETL function imported succesfully!","logger":"unusual_prefix_377e48747e3957bb035dd88b74b86ec1d0ec8c25_stocks_etl_dag","filename":"stocks_etl_dag.py","lineno":31}
{"timestamp":"2026-08-17T20:06:15.392960Z","level":"info","event":"DAG loaded sucessfully!","logger":"unusual_prefix_377e48747e3957bb035dd88b74b86ec1d0ec8c25_stocks_etl_dag","filename":"stocks_etl_dag.py","lineno":96}
{"timestamp":"2026-08-17T20:06:45.609085Z","level":"info","event":"Filling up the DagBag from /opt/airflow/dags/stocks_etl_dag.py","logger":"airflow.dag_processing.dagbag.BundleDagBag","filename":"dagbag.py","lineno":460}
{"timestamp":"2026-08-17T20:06:47.077602Z","level":"info","event":"Pyspark imported, version: 3.5.2","logger":"unusual_prefix_377e48747e3957bb035dd88b74b86ec1d0ec8c25_stocks_etl_dag","filename":"stocks_etl_dag.py","lineno":24}
{"timestamp":"2026-08-17T20:06:47.102614Z","level":"info","event":"ETL function imported succesfully!","logger":"unusual_prefix_377e48747e3957bb035dd88b74b86ec1d0ec8c25_stocks_etl_dag","filename":"stocks_etl_dag.py","lineno":31}
{"timestamp":"2026-08-17T20:06:47.113477Z","level":"info","event":"DAG loaded sucessfully!","logger":"unusual_prefix_377e48747e3957bb035dd88b74b86ec1d0ec8c25_stocks_etl_dag","filename":"stocks_etl_dag.py","lineno":96}
{"timestamp":"2026-08-17T20:07:17.861309Z","level":"info","event":"Filling up the DagBag from /opt/airflow/dags/stocks_etl_dag.py","logger":"airflow.dag_processing.dagbag.BundleDagBag","filename":"dagbag.py","lineno":460}
{"timestamp":"2026-08-17T20:07:20.780593Z","level":"info","event":"Pyspark imported, version: 3.5.2","logger":"unusual_prefix_377e48747e3957bb035dd88b74b86ec1d0ec8c25_stocks_etl_dag","filename":"stocks_etl_dag.py","lineno":24}
{"timestamp":"2026-08-17T20:07:20.815955Z","level":"info","event":"ETL function imported succesfully!","logger":"unusual_prefix_377e48747e3957bb035dd88b74b86ec1d0ec8c25_stocks_etl_dag","filename":"stocks_etl_dag.py","lineno":31}
{"timestamp":"2026-08-17T20:07:20.937742Z","level":"info","event":"DAG loaded sucessfully!","logger":"unusual_prefix_377e48747e3957bb035dd88b74b86ec1d0ec8c25_stocks_etl_dag","filename":"stocks_etl_dag.py","lineno":96}
{"timestamp":"2026-08-17T20:07:51.505084Z","level":"info","event":"Filling up the DagBag from /opt/airflow/dags/stocks_etl_dag.py","logger":"airflow.dag_processing.dagbag.BundleDagBag","filename":"dagbag.py","lineno":460}
{"timestamp":"2026-08-17T20:07:53.028004Z","level":"info","event":"Pyspark imported, version: 3.5.2","logger":"unusual_prefix_377e48747e3957bb035dd88b74b86ec1d0ec8c25_stocks_etl_dag","filename":"stocks_etl_dag.py","lineno":24}
{"timestamp":"2026-08-17T20:07:53.046296Z","level":"info","event":"ETL function imported succesfully!","logger":"unusual_prefix_377e48747e3957bb035dd88b74b86ec1d0ec8c25_stocks_etl_dag","filename":"stocks_etl_dag.py","lineno":31}
{"timestamp":"2026-08-17T20:07:53.060185Z","level":"info","event":"DAG loaded sucessfully!","logger":"unusual_prefix_377e48747e3957bb035dd88b74b86ec1d0ec8c25_stocks_etl_dag","filename":"stocks_etl_dag.py","lineno":96}
{"timestamp":"2026-08-17T20:08:23.406357Z","level":"info","event":"Filling up the DagBag from /opt/airflow/dags/stocks_etl_dag.py","logger":"airflow.dag_processing.dagbag.BundleDagBag","filename":"dagbag.py","lineno":460}
{"timestamp":"2026-08-17T20:08:25.299970Z","level":"info","event":"Pyspark imported, version: 3.5.2","logger":"unusual_prefix_377e48747e3957bb035dd88b74b86ec1d0ec8c25_stocks_etl_dag","filename":"stocks_etl_dag.py","lineno":24}
{"timestamp":"2026-08-17T20:08:25.315514Z","level":"info","event":"ETL function imported succesfully!","logger":"unusual_prefix_377e48747e3957bb035dd88b74b86ec1d0ec8c25_stocks_etl_dag","filename":"stocks_etl_dag.py","lineno":31}
{"timestamp":"2026-08-17T20:08:25.338072Z","level":"info","event":"DAG loaded sucessfully!","logger":"unusual_prefix_377e48747e3957bb035dd88b74b86ec1d0ec8c25_stocks_etl_dag","filename":"stocks_etl_dag.py","lineno":96}
{"timestamp":"2026-08-17T20:08:55.844063Z","level":"info","event":"Filling up the DagBag from /opt/airflow/dags/stocks_etl_dag.py","logger":"airflow.dag_processing.dagbag.BundleDagBag","filename":"dagbag.py","lineno":460}
{"timestamp":"2026-08-17T20:08:56.818172Z","level":"info","event":"Pyspark imported, version: 3.5.2","logger":"unusual_prefix_377e48747e3957bb035dd88b74b86ec1d0ec8c25_stocks_etl_dag","filename":"stocks_etl_dag.py","lineno":24}
{"timestamp":"2026-08-17T20:08:56.833637Z","level":"info","event":"ETL function imported succesfully!","logger":"unusual_prefix_377e48747e3957bb035dd88b74b86ec1d0ec8c25_stocks_etl_dag","filename":"stocks_etl_dag.py","lineno":31}
{"timestamp":"2026-08-17T20:08:56.837435Z","level":"info","event":"DAG loaded sucessfully!","logger":"unusual_prefix_377e48747e3957bb035dd88b74b86ec1d0ec8c25_stocks_etl_dag","filename":"stocks_etl_dag.py","lineno":96}
{"timestamp":"2026-08-17T20:09:29.492707Z","level":"info","event":"Filling up the DagBag from /opt/airflow/dags/stocks_etl_dag.py","logger":"airflow.dag_processing.dagbag.BundleDagBag","filename":"dagbag.py","lineno":460}
{"timestamp":"2026-08-17T20:09:34.989903Z","level":"info","event":"Pyspark imported, version: 3.5.2","logger":"unusual_prefix_377e48747e3957bb035dd88b74b86ec1d0ec8c25_stocks_etl_dag","filename":"stocks_etl_dag.py","lineno":24}
{"timestamp":"2026-08-17T20:09:35.020386Z","level":"info","event":"ETL function imported succesfully!","logger":"unusual_prefix_377e48747e3957bb035dd88b74b86ec1d0ec8c25_stocks_etl_dag","filename":"stocks_etl_dag.py","lineno":31}
{"timestamp":"2026-08-17T20:09:35.052427Z","level":"info","event":"DAG loaded sucessfully!","logger":"unusual_prefix_377e48747e3957bb035dd88b74b86ec1d0ec8c25_stocks_etl_dag","filename":"stocks_etl_dag.py","lineno":96}
{"timestamp":"2026-08-17T20:10:05.824493Z","level":"info","event":"Filling up the DagBag from /opt/airflow/dags/stocks_etl_dag.py","logger":"airflow.dag_processing.dagbag.BundleDagBag","filename":"dagbag.py","lineno":460}
{"timestamp":"2026-08-17T20:10:07.226923Z","level":"info","event":"Pyspark imported, version: 3.5.2","logger":"unusual_prefix_377e48747e3957bb035dd88b74b86ec1d0ec8c25_stocks_etl_dag","filename":"stocks_etl_dag.py","lineno":24}
{"timestamp":"2026-08-17T20:10:07.238332Z","level":"info","event":"ETL function imported succesfully!","logger":"unusual_prefix_377e48747e3957bb035dd88b74b86ec1d0ec8c25_stocks_etl_dag","filename":"stocks_etl_dag.py","lineno":31}
{"timestamp":"2026-08-17T20:10:07.242669Z","level":"info","event":"DAG loaded sucessfully!","logger":"unusual_prefix_377e48747e3957bb035dd88b74b86ec1d0ec8c25_stocks_etl_dag","filename":"stocks_etl_dag.py","lineno":96}
{"timestamp":"2026-08-17T20:10:38.915391Z","level":"info","event":"Filling up the DagBag from /opt/airflow/dags/stocks_etl_dag.py","logger":"airflow.dag_processing.dagbag.BundleDagBag","filename":"dagbag.py","lineno":460}
{"timestamp":"2026-08-17T20:10:43.967708Z","level":"info","event":"Pyspark imported, version: 3.5.2","logger":"unusual_prefix_377e48747e3957bb035dd88b74b86ec1d0ec8c25_stocks_etl_dag","filename":"stocks_etl_dag.py","lineno":24}
{"timestamp":"2026-08-17T20:10:43.978750Z","level":"info","event":"ETL function imported succesfully!","logger":"unusual_prefix_377e48747e3957bb035dd88b74b86ec1d0ec8c25_stocks_etl_dag","filename":"stocks_etl_dag.py","lineno":31}
{"timestamp":"2026-08-17T20:10:43.985190Z","level":"info","event":"DAG loaded sucessfully!","logger":"unusual_prefix_377e48747e3957bb035dd88b74b86ec1d0ec8c25_stocks_etl_dag","filename":"stocks_etl_dag.py","lineno":96}
{"timestamp":"2026-08-17T20:11:14.933911Z","level":"info","event":"Filling up the DagBag from /opt/airflow/dags/stocks_etl_dag.py","logger":"airflow.dag_processing.dagbag.BundleDagBag","filename":"dagbag.py","lineno":460}
{"timestamp":"2026-08-17T20:11:18.395482Z","level":"info","event":"Pyspark imported, version: 3.5.2","logger":"unusual_prefix_377e48747e3957bb035dd88b74b86ec1d0ec8c25_stocks_etl_dag","filename":"stocks_etl_dag.py","lineno":24}
{"timestamp":"2026-08-17T20:11:18.438129Z","level":"info","event":"ETL function imported succesfully!","logger":"unusual_prefix_377e48747e3957bb035dd88b74b86ec1d0ec8c25_stocks_etl_dag","filename":"stocks_etl_dag.py","lineno":31}
{"timestamp":"2026-08-17T20:11:18.462786Z","level":"info","event":"DAG loaded sucessfully!","logger":"unusual_prefix_377e48747e3957bb035dd88b74b86ec1d0ec8c25_stocks_etl_dag","filename":"stocks_etl_dag.py","lineno":96}
{"timestamp":"2026-08-17T20:11:49.430757Z","level":"info","event":"Filling up the DagBag from /opt/airflow/dags/stocks_etl_dag.py","logger":"airflow.dag_processing.dagbag.BundleDagBag","filename":"dagbag.py","lineno":460}
{"timestamp":"2026-08-17T20:11:52.247171Z","level":"info","event":"Pyspark imported, version: 3.5.2","logger":"unusual_prefix_377e48747e3957bb035dd88b74b86ec1d0ec8c25_stocks_etl_dag","filename":"stocks_etl_dag.py","lineno":24}
{"timestamp":"2026-08-17T20:11:52.254385Z","level":"info","event":"ETL function imported succesfully!","logger":"unusual_prefix_377e48747e3957bb035dd88b74b86ec1d0ec8c25_stocks_etl_dag","filename":"stocks_etl_dag.py","lineno":31}
{"timestamp":"2026-08-17T20:11:52.259701Z","level":"info","event":"DAG loaded sucessfully!","logger":"unusual_prefix_377e48747e3957bb035dd88b74b86ec1d0ec8c25_stocks_etl_dag","filename":"stocks_etl_dag.py","lineno":96}
{"timestamp":"2026-08-17T20:12:23.016898Z","level":"info","event":"Filling up the DagBag from /opt/airflow/dags/stocks_etl_dag.py","logger":"airflow.dag_processing.dagbag.BundleDagBag","filename":"dagbag.py","lineno":460}
{"timestamp":"2026-08-17T20:12:24.173269Z","level":"info","event":"Pyspark imported, version: 3.5.2","logger":"unusual_prefix_377e48747e3957bb035dd88b74b86ec1d0ec8c25_stocks_etl_dag","filename":"stocks_etl_dag.py","lineno":24}
{"timestamp":"2026-08-17T20:12:24.191834Z","level":"info","event":"ETL function imported succesfully!","logger":"unusual_prefix_377e48747e3957bb035dd88b74b86ec1d0ec8c25_stocks_etl_dag","filename":"stocks_etl_dag.py","lineno":31}
{"timestamp":"2026-08-17T20:12:24.197506Z","level":"info","event":"DAG loaded sucessfully!","logger":"unusual_prefix_377e48747e3957bb035dd88b74b86ec1d0ec8c25_stocks_etl_dag","filename":"stocks_etl_dag.py","lineno":96}
{"timestamp":"2026-08-17T20:12:54.483604Z","level":"info","event":"Filling up the DagBag from /opt/airflow/dags/stocks_etl_dag.py","logger":"airflow.dag_processing.dagbag.BundleDagBag","filename":"dagbag.py","lineno":460}
{"timestamp":"2026-08-17T20:12:55.660810Z","level":"info","event":"Pyspark imported, version: 3.5.2","logger":"unusual_prefix_377e48747e3957bb035dd88b74b86ec1d0ec8c25_stocks_etl_dag","filename":"stocks_etl_dag.py","lineno":24}
{"timestamp":"2026-08-17T20:12:55.674429Z","level":"info","event":"ETL function imported succesfully!","logger":"unusual_prefix_377e48747e3957bb035dd88b74b86ec1d0ec8c25_stocks_etl_dag","filename":"stocks_etl_dag.py","lineno":31}
{"timestamp":"2026-08-17T20:12:55.678443Z","level":"info","event":"DAG loaded sucessfully!","logger":"unusual_prefix_377e48747e3957bb035dd88b74b86ec1d0ec8c25_stocks_etl_dag","filename":"stocks_etl_dag.py","lineno":96}
{"timestamp":"2026-08-17T20:13:26.049217Z","level":"info","event":"Filling up the DagBag from /opt/airflow/dags/stocks_etl_dag.py","logger":"airflow.dag_processing.dagbag.BundleDagBag","filename":"dagbag.py","lineno":460}
{"timestamp":"2026-08-17T20:13:27.087059Z","level":"info","event":"Pyspark imported, version: 3.5.2","logger":"unusual_prefix_377e48747e3957bb035dd88b74b86ec1d0ec8c25_stocks_etl_dag","filename":"stocks_etl_dag.py","lineno":24}
{"timestamp":"2026-08-17T20:13:27.114964Z","level":"info","event":"ETL function imported succesfully!","logger":"unusual_prefix_377e48747e3957bb035dd88b74b86ec1d0ec8c25_stocks_etl_dag","filename":"stocks_etl_dag.py","lineno":31}
{"timestamp":"2026-08-17T20:13:27.125301Z","level":"info","event":"DAG loaded sucessfully!","logger":"unusual_prefix_377e48747e3957bb035dd88b74b86ec1d0ec8c25_stocks_etl_dag","filename":"stocks_etl_dag.py","lineno":96}
{"timestamp":"2026-08-17T20:13:57.848410Z","level":"info","event":"Filling up the DagBag from /opt/airflow/dags/stocks_etl_dag.py","logger":"airflow.dag_processing.dagbag.BundleDagBag","filename":"dagbag.py","lineno":460}
{"timestamp":"2026-08-17T20:14:00.285463Z","level":"info","event":"Pyspark imported, version: 3.5.2","logger":"unusual_prefix_377e48747e3957bb035dd88b74b86ec1d0ec8c25_stocks_etl_dag","filename":"stocks_etl_dag.py","lineno":24}
{"timestamp":"2026-08-17T20:14:00.296494Z","level":"info","event":"ETL function imported succesfully!","logger":"unusual_prefix_377e48747e3957bb035dd88b74b86ec1d0ec8c25_stocks_etl_dag","filename":"stocks_etl_dag.py","lineno":31}
{"timestamp":"2026-08-17T20:14:00.302702Z","level":"info","event":"DAG loaded sucessfully!","logger":"unusual_prefix_377e48747e3957bb035dd88b74b86ec1d0ec8c25_stocks_etl_dag","filename":"stocks_etl_dag.py","lineno":96}
{"timestamp":"2026-08-17T20:14:31.117746Z","level":"info","event":"Filling up the DagBag from /opt/airflow/dags/stocks_etl_dag.py","logger":"airflow.dag_processing.dagbag.BundleDagBag","filename":"dagbag.py","lineno":460}
{"timestamp":"2026-08-17T20:14:37.453680Z","level":"info","event":"Pyspark imported, version: 3.5.2","logger":"unusual_prefix_377e48747e3957bb035dd88b74b86ec1d0ec8c25_stocks_etl_dag","filename":"stocks_etl_dag.py","lineno":24}
{"timestamp":"2026-08-17T20:14:37.480834Z","level":"info","event":"ETL function imported succesfully!","logger":"unusual_prefix_377e48747e3957bb035dd88b74b86ec1d0ec8c25_stocks_etl_dag","filename":"stocks_etl_dag.py","lineno":31}
{"timestamp":"2026-08-17T20:14:37.533988Z","level":"info","event":"DAG loaded sucessfully!","logger":"unusual_prefix_377e48747e3957bb035dd88b74b86ec1d0ec8c25_stocks_etl_dag","filename":"stocks_etl_dag.py","lineno":96}
{"timestamp":"2026-08-17T20:15:08.051312Z","level":"info","event":"Filling up the DagBag from /opt/airflow/dags/stocks_etl_dag.py","logger":"airflow.dag_processing.dagbag.BundleDagBag","filename":"dagbag.py","lineno":460}
{"timestamp":"2026-08-17T20:15:09.265803Z","level":"info","event":"Pyspark imported, version: 3.5.2","logger":"unusual_prefix_377e48747e3957bb035dd88b74b86ec1d0ec8c25_stocks_etl_dag","filename":"stocks_etl_dag.py","lineno":24}
{"timestamp":"2026-08-17T20:15:09.281384Z","level":"info","event":"ETL function imported succesfully!","logger":"unusual_prefix_377e48747e3957bb035dd88b74b86ec1d0ec8c25_stocks_etl_dag","filename":"stocks_etl_dag.py","lineno":31}
{"timestamp":"2026-08-17T20:15:09.285817Z","level":"info","event":"DAG loaded sucessfully!","logger":"unusual_prefix_377e48747e3957bb035dd88b74b86ec1d0ec8c25_stocks_etl_dag","filename":"stocks_etl_dag.py","lineno":96}
{"timestamp":"2026-08-17T20:15:39.533797Z","level":"info","event":"Filling up the DagBag from /opt/airflow/dags/stocks_etl_dag.py","logger":"airflow.dag_processing.dagbag.BundleDagBag","filename":"dagbag.py","lineno":460}
{"timestamp":"2026-08-17T20:15:40.847000Z","level":"info","event":"Pyspark imported, version: 3.5.2","logger":"unusual_prefix_377e48747e3957bb035dd88b74b86ec1d0ec8c25_stocks_etl_dag","filename":"stocks_etl_dag.py","lineno":24}
{"timestamp":"2026-08-17T20:15:40.882750Z","level":"info","event":"ETL function imported succesfully!","logger":"unusual_prefix_377e48747e3957bb035dd88b74b86ec1d0ec8c25_stocks_etl_dag","filename":"stocks_etl_dag.py","lineno":31}
{"timestamp":"2026-08-17T20:15:40.890796Z","level":"info","event":"DAG loaded sucessfully!","logger":"unusual_prefix_377e48747e3957bb035dd88b74b86ec1d0ec8c25_stocks_etl_dag","filename":"stocks_etl_dag.py","lineno":96}
{"timestamp":"2026-08-17T20:16:11.049470Z","level":"info","event":"Filling up the DagBag from /opt/airflow/dags/stocks_etl_dag.py","logger":"airflow.dag_processing.dagbag.BundleDagBag","filename":"dagbag.py","lineno":460}
{"timestamp":"2026-08-17T20:16:12.320577Z","level":"info","event":"Pyspark imported, version: 3.5.2","logger":"unusual_prefix_377e48747e3957bb035dd88b74b86ec1d0ec8c25_stocks_etl_dag","filename":"stocks_etl_dag.py","lineno":24}
{"timestamp":"2026-08-17T20:16:12.355049Z","level":"info","event":"ETL function imported succesfully!","logger":"unusual_prefix_377e48747e3957bb035dd88b74b86ec1d0ec8c25_stocks_etl_dag","filename":"stocks_etl_dag.py","lineno":31}
{"timestamp":"2026-08-17T20:16:12.362579Z","level":"info","event":"DAG loaded sucessfully!","logger":"unusual_prefix_377e48747e3957bb035dd88b74b86ec1d0ec8c25_stocks_etl_dag","filename":"stocks_etl_dag.py","lineno":96}
{"timestamp":"2026-08-17T20:16:44.029779Z","level":"info","event":"Filling up the DagBag from /opt/airflow/dags/stocks_etl_dag.py","logger":"airflow.dag_processing.dagbag.BundleDagBag","filename":"dagbag.py","lineno":460}
{"timestamp":"2026-08-17T20:16:46.879229Z","level":"info","event":"Pyspark imported, version: 3.5.2","logger":"unusual_prefix_377e48747e3957bb035dd88b74b86ec1d0ec8c25_stocks_etl_dag","filename":"stocks_etl_dag.py","lineno":24}
{"timestamp":"2026-08-17T20:16:46.917189Z","level":"info","event":"ETL function imported succesfully!","logger":"unusual_prefix_377e48747e3957bb035dd88b74b86ec1d0ec8c25_stocks_etl_dag","filename":"stocks_etl_dag.py","lineno":31}
{"timestamp":"2026-08-17T20:16:46.931128Z","level":"info","event":"DAG loaded sucessfully!","logger":"unusual_prefix_377e48747e3957bb035dd88b74b86ec1d0ec8c25_stocks_etl_dag","filename":"stocks_etl_dag.py","lineno":96}
{"timestamp":"2026-08-17T20:17:17.905307Z","level":"info","event":"Filling up the DagBag from /opt/airflow/dags/stocks_etl_dag.py","logger":"airflow.dag_processing.dagbag.BundleDagBag","filename":"dagbag.py","lineno":460}
{"timestamp":"2026-08-17T20:17:19.077723Z","level":"info","event":"Pyspark imported, version: 3.5.2","logger":"unusual_prefix_377e48747e3957bb035dd88b74b86ec1d0ec8c25_stocks_etl_dag","filename":"stocks_etl_dag.py","lineno":24}
{"timestamp":"2026-08-17T20:17:19.089457Z","level":"info","event":"ETL function imported succesfully!","logger":"unusual_prefix_377e48747e3957bb035dd88b74b86ec1d0ec8c25_stocks_etl_dag","filename":"stocks_etl_dag.py","lineno":31}
{"timestamp":"2026-08-17T20:17:19.093824Z","level":"info","event":"DAG loaded sucessfully!","logger":"unusual_prefix_377e48747e3957bb035dd88b74b86ec1d0ec8c25_stocks_etl_dag","filename":"stocks_etl_dag.py","lineno":96}
{"timestamp":"2026-08-17T20:17:49.907990Z","level":"info","event":"Filling up the DagBag from /opt/airflow/dags/stocks_etl_dag.py","logger":"airflow.dag_processing.dagbag.BundleDagBag","filename":"dagbag.py","lineno":460}
{"timestamp":"2026-08-17T20:17:53.742984Z","level":"info","event":"Pyspark imported, version: 3.5.2","logger":"unusual_prefix_377e48747e3957bb035dd88b74b86ec1d0ec8c25_stocks_etl_dag","filename":"stocks_etl_dag.py","lineno":24}
{"timestamp":"2026-08-17T20:17:53.755537Z","level":"info","event":"ETL function imported succesfully!","logger":"unusual_prefix_377e48747e3957bb035dd88b74b86ec1d0ec8c25_stocks_etl_dag","filename":"stocks_etl_dag.py","lineno":31}
{"timestamp":"2026-08-17T20:17:53.787009Z","level":"info","event":"DAG loaded sucessfully!","logger":"unusual_prefix_377e48747e3957bb035dd88b74b86ec1d0ec8c25_stocks_etl_dag","filename":"stocks_etl_dag.py","lineno":96}
{"timestamp":"2026-08-17T20:18:24.566258Z","level":"info","event":"Filling up the DagBag from /opt/airflow/dags/stocks_etl_dag.py","logger":"airflow.dag_processing.dagbag.BundleDagBag","filename":"dagbag.py","lineno":460}
{"timestamp":"2026-08-17T20:18:25.864577Z","level":"info","event":"Pyspark imported, version: 3.5.2","logger":"unusual_prefix_377e48747e3957bb035dd88b74b86ec1d0ec8c25_stocks_etl_dag","filename":"stocks_etl_dag.py","lineno":24}
{"timestamp":"2026-08-17T20:18:25.879894Z","level":"info","event":"ETL function imported succesfully!","logger":"unusual_prefix_377e48747e3957bb035dd88b74b86ec1d0ec8c25_stocks_etl_dag","filename":"stocks_etl_dag.py","lineno":31}
{"timestamp":"2026-08-17T20:18:25.884741Z","level":"info","event":"DAG loaded sucessfully!","logger":"unusual_prefix_377e48747e3957bb035dd88b74b86ec1d0ec8c25_stocks_etl_dag","filename":"stocks_etl_dag.py","lineno":96}
{"timestamp":"2026-08-17T20:18:56.291188Z","level":"info","event":"Filling up the DagBag from /opt/airflow/dags/stocks_etl_dag.py","logger":"airflow.dag_processing.dagbag.BundleDagBag","filename":"dagbag.py","lineno":460}
{"timestamp":"2026-08-17T20:18:57.605167Z","level":"info","event":"Pyspark imported, version: 3.5.2","logger":"unusual_prefix_377e48747e3957bb035dd88b74b86ec1d0ec8c25_stocks_etl_dag","filename":"stocks_etl_dag.py","lineno":24}
{"timestamp":"2026-08-17T20:18:57.621955Z","level":"info","event":"ETL function imported succesfully!","logger":"unusual_prefix_377e48747e3957bb035dd88b74b86ec1d0ec8c25_stocks_etl_dag","filename":"stocks_etl_dag.py","lineno":31}
{"timestamp":"2026-08-17T20:18:57.625873Z","level":"info","event":"DAG loaded sucessfully!","logger":"unusual_prefix_377e48747e3957bb035dd88b74b86ec1d0ec8c25_stocks_etl_dag","filename":"stocks_etl_dag.py","lineno":96}
{"timestamp":"2026-08-17T20:19:27.853716Z","level":"info","event":"Filling up the DagBag from /opt/airflow/dags/stocks_etl_dag.py","logger":"airflow.dag_processing.dagbag.BundleDagBag","filename":"dagbag.py","lineno":460}
{"timestamp":"2026-08-17T20:19:29.138631Z","level":"info","event":"Pyspark imported, version: 3.5.2","logger":"unusual_prefix_377e48747e3957bb035dd88b74b86ec1d0ec8c25_stocks_etl_dag","filename":"stocks_etl_dag.py","lineno":24}
{"timestamp":"2026-08-17T20:19:29.167174Z","level":"info","event":"ETL function imported succesfully!","logger":"unusual_prefix_377e48747e3957bb035dd88b74b86ec1d0ec8c25_stocks_etl_dag","filename":"stocks_etl_dag.py","lineno":31}
{"timestamp":"2026-08-17T20:19:29.177759Z","level":"info","event":"DAG loaded sucessfully!","logger":"unusual_prefix_377e48747e3957bb035dd88b74b86ec1d0ec8c25_stocks_etl_dag","filename":"stocks_etl_dag.py","lineno":96}
{"timestamp":"2026-08-17T20:19:59.453350Z","level":"info","event":"Filling up the DagBag from /opt/airflow/dags/stocks_etl_dag.py","logger":"airflow.dag_processing.dagbag.BundleDagBag","filename":"dagbag.py","lineno":460}
{"timestamp":"2026-08-17T20:20:00.546230Z","level":"info","event":"Pyspark imported, version: 3.5.2","logger":"unusual_prefix_377e48747e3957bb035dd88b74b86ec1d0ec8c25_stocks_etl_dag","filename":"stocks_etl_dag.py","lineno":24}
{"timestamp":"2026-08-17T20:20:00.559504Z","level":"info","event":"ETL function imported succesfully!","logger":"unusual_prefix_377e48747e3957bb035dd88b74b86ec1d0ec8c25_stocks_etl_dag","filename":"stocks_etl_dag.py","lineno":31}
{"timestamp":"2026-08-17T20:20:00.563243Z","level":"info","event":"DAG loaded sucessfully!","logger":"unusual_prefix_377e48747e3957bb035dd88b74b86ec1d0ec8c25_stocks_etl_dag","filename":"stocks_etl_dag.py","lineno":96}
{"timestamp":"2026-08-17T20:20:31.482229Z","level":"info","event":"Filling up the DagBag from /opt/airflow/dags/stocks_etl_dag.py","logger":"airflow.dag_processing.dagbag.BundleDagBag","filename":"dagbag.py","lineno":460}
{"timestamp":"2026-08-17T20:20:35.256253Z","level":"info","event":"Pyspark imported, version: 3.5.2","logger":"unusual_prefix_377e48747e3957bb035dd88b74b86ec1d0ec8c25_stocks_etl_dag","filename":"stocks_etl_dag.py","lineno":24}
{"timestamp":"2026-08-17T20:20:35.264537Z","level":"info","event":"ETL function imported succesfully!","logger":"unusual_prefix_377e48747e3957bb035dd88b74b86ec1d0ec8c25_stocks_etl_dag","filename":"stocks_etl_dag.py","lineno":31}
{"timestamp":"2026-08-17T20:20:35.289082Z","level":"info","event":"DAG loaded sucessfully!","logger":"unusual_prefix_377e48747e3957bb035dd88b74b86ec1d0ec8c25_stocks_etl_dag","filename":"stocks_etl_dag.py","lineno":96}
{"timestamp":"2026-08-17T20:21:05.555846Z","level":"info","event":"Filling up the DagBag from /opt/airflow/dags/stocks_etl_dag.py","logger":"airflow.dag_processing.dagbag.BundleDagBag","filename":"dagbag.py","lineno":460}
{"timestamp":"2026-08-17T20:21:09.700012Z","level":"info","event":"Pyspark imported, version: 3.5.2","logger":"unusual_prefix_377e48747e3957bb035dd88b74b86ec1d0ec8c25_stocks_etl_dag","filename":"stocks_etl_dag.py","lineno":24}
{"timestamp":"2026-08-17T20:21:09.739034Z","level":"info","event":"ETL function imported succesfully!","logger":"unusual_prefix_377e48747e3957bb035dd88b74b86ec1d0ec8c25_stocks_etl_dag","filename":"stocks_etl_dag.py","lineno":31}
{"timestamp":"2026-08-17T20:21:09.763102Z","level":"info","event":"DAG loaded sucessfully!","logger":"unusual_prefix_377e48747e3957bb035dd88b74b86ec1d0ec8c25_stocks_etl_dag","filename":"stocks_etl_dag.py","lineno":96}
{"timestamp":"2026-08-17T20:21:40.964209Z","level":"info","event":"Filling up the DagBag from /opt/airflow/dags/stocks_etl_dag.py","logger":"airflow.dag_processing.dagbag.BundleDagBag","filename":"dagbag.py","lineno":460}
{"timestamp":"2026-08-17T20:21:42.138425Z","level":"info","event":"Pyspark imported, version: 3.5.2","logger":"unusual_prefix_377e48747e3957bb035dd88b74b86ec1d0ec8c25_stocks_etl_dag","filename":"stocks_etl_dag.py","lineno":24}
{"timestamp":"2026-08-17T20:21:42.151602Z","level":"info","event":"ETL function imported succesfully!","logger":"unusual_prefix_377e48747e3957bb035dd88b74b86ec1d0ec8c25_stocks_etl_dag","filename":"stocks_etl_dag.py","lineno":31}
{"timestamp":"2026-08-17T20:21:42.155987Z","level":"info","event":"DAG loaded sucessfully!","logger":"unusual_prefix_377e48747e3957bb035dd88b74b86ec1d0ec8c25_stocks_etl_dag","filename":"stocks_etl_dag.py","lineno":96}
{"timestamp":"2026-08-17T20:22:12.350318Z","level":"info","event":"Filling up the DagBag from /opt/airflow/dags/stocks_etl_dag.py","logger":"airflow.dag_processing.dagbag.BundleDagBag","filename":"dagbag.py","lineno":460}
{"timestamp":"2026-08-17T20:22:13.523078Z","level":"info","event":"Pyspark imported, version: 3.5.2","logger":"unusual_prefix_377e48747e3957bb035dd88b74b86ec1d0ec8c25_stocks_etl_dag","filename":"stocks_etl_dag.py","lineno":24}
{"timestamp":"2026-08-17T20:22:13.540828Z","level":"info","event":"ETL function imported succesfully!","logger":"unusual_prefix_377e48747e3957bb035dd88b74b86ec1d0ec8c25_stocks_etl_dag","filename":"stocks_etl_dag.py","lineno":31}
{"timestamp":"2026-08-17T20:22:13.558999Z","level":"info","event":"DAG loaded sucessfully!","logger":"unusual_prefix_377e48747e3957bb035dd88b74b86ec1d0ec8c25_stocks_etl_dag","filename":"stocks_etl_dag.py","lineno":96}
{"timestamp":"2026-08-17T20:22:43.950210Z","level":"info","event":"Filling up the DagBag from /opt/airflow/dags/stocks_etl_dag.py","logger":"airflow.dag_processing.dagbag.BundleDagBag","filename":"dagbag.py","lineno":460}
{"timestamp":"2026-08-17T20:22:45.490002Z","level":"info","event":"Pyspark imported, version: 3.5.2","logger":"unusual_prefix_377e48747e3957bb035dd88b74b86ec1d0ec8c25_stocks_etl_dag","filename":"stocks_etl_dag.py","lineno":24}
{"timestamp":"2026-08-17T20:22:45.518388Z","level":"info","event":"ETL function imported succesfully!","logger":"unusual_prefix_377e48747e3957bb035dd88b74b86ec1d0ec8c25_stocks_etl_dag","filename":"stocks_etl_dag.py","lineno":31}
{"timestamp":"2026-08-17T20:22:45.551150Z","level":"info","event":"DAG loaded sucessfully!","logger":"unusual_prefix_377e48747e3957bb035dd88b74b86ec1d0ec8c25_stocks_etl_dag","filename":"stocks_etl_dag.py","lineno":96}
{"timestamp":"2026-08-17T20:23:15.814357Z","level":"info","event":"Filling up the DagBag from /opt/airflow/dags/stocks_etl_dag.py","logger":"airflow.dag_processing.dagbag.BundleDagBag","filename":"dagbag.py","lineno":460}
{"timestamp":"2026-08-17T20:23:17.014878Z","level":"info","event":"Pyspark imported, version: 3.5.2","logger":"unusual_prefix_377e48747e3957bb035dd88b74b86ec1d0ec8c25_stocks_etl_dag","filename":"stocks_etl_dag.py","lineno":24}
{"timestamp":"2026-08-17T20:23:17.047783Z","level":"info","event":"ETL function imported succesfully!","logger":"unusual_prefix_377e48747e3957bb035dd88b74b86ec1d0ec8c25_stocks_etl_dag","filename":"stocks_etl_dag.py","lineno":31}
{"timestamp":"2026-08-17T20:23:17.054692Z","level":"info","event":"DAG loaded sucessfully!","logger":"unusual_prefix_377e48747e3957bb035dd88b74b86ec1d0ec8c25_stocks_etl_dag","filename":"stocks_etl_dag.py","lineno":96}
{"timestamp":"2026-08-17T20:23:47.348147Z","level":"info","event":"Filling up the DagBag from /opt/airflow/dags/stocks_etl_dag.py","logger":"airflow.dag_processing.dagbag.BundleDagBag","filename":"dagbag.py","lineno":460}
{"timestamp":"2026-08-17T20:23:49.105639Z","level":"info","event":"Pyspark imported, version: 3.5.2","logger":"unusual_prefix_377e48747e3957bb035dd88b74b86ec1d0ec8c25_stocks_etl_dag","filename":"stocks_etl_dag.py","lineno":24}
{"timestamp":"2026-08-17T20:23:49.116884Z","level":"info","event":"ETL function imported succesfully!","logger":"unusual_prefix_377e48747e3957bb035dd88b74b86ec1d0ec8c25_stocks_etl_dag","filename":"stocks_etl_dag.py","lineno":31}
{"timestamp":"2026-08-17T20:23:49.141625Z","level":"info","event":"DAG loaded sucessfully!","logger":"unusual_prefix_377e48747e3957bb035dd88b74b86ec1d0ec8c25_stocks_etl_dag","filename":"stocks_etl_dag.py","lineno":96}
{"timestamp":"2026-08-17T20:24:19.596896Z","level":"info","event":"Filling up the DagBag from /opt/airflow/dags/stocks_etl_dag.py","logger":"airflow.dag_processing.dagbag.BundleDagBag","filename":"dagbag.py","lineno":460}
{"timestamp":"2026-08-17T20:24:24.027322Z","level":"info","event":"Pyspark imported, version: 3.5.2","logger":"unusual_prefix_377e48747e3957bb035dd88b74b86ec1d0ec8c25_stocks_etl_dag","filename":"stocks_etl_dag.py","lineno":24}
{"timestamp":"2026-08-17T20:24:24.041974Z","level":"info","event":"ETL function imported succesfully!","logger":"unusual_prefix_377e48747e3957bb035dd88b74b86ec1d0ec8c25_stocks_etl_dag","filename":"stocks_etl_dag.py","lineno":31}
{"timestamp":"2026-08-17T20:24:24.059501Z","level":"info","event":"DAG loaded sucessfully!","logger":"unusual_prefix_377e48747e3957bb035dd88b74b86ec1d0ec8c25_stocks_etl_dag","filename":"stocks_etl_dag.py","lineno":96}
{"timestamp":"2026-08-17T20:24:54.791230Z","level":"info","event":"Filling up the DagBag from /opt/airflow/dags/stocks_etl_dag.py","logger":"airflow.dag_processing.dagbag.BundleDagBag","filename":"dagbag.py","lineno":460}
{"timestamp":"2026-08-17T20:24:56.586954Z","level":"info","event":"Pyspark imported, version: 3.5.2","logger":"unusual_prefix_377e48747e3957bb035dd88b74b86ec1d0ec8c25_stocks_etl_dag","filename":"stocks_etl_dag.py","lineno":24}
{"timestamp":"2026-08-17T20:24:56.617666Z","level":"info","event":"ETL function imported succesfully!","logger":"unusual_prefix_377e48747e3957bb035dd88b74b86ec1d0ec8c25_stocks_etl_dag","filename":"stocks_etl_dag.py","lineno":31}
{"timestamp":"2026-08-17T20:24:56.627178Z","level":"info","event":"DAG loaded sucessfully!","logger":"unusual_prefix_377e48747e3957bb035dd88b74b86ec1d0ec8c25_stocks_etl_dag","filename":"stocks_etl_dag.py","lineno":96}
{"timestamp":"2026-08-17T20:25:26.813260Z","level":"info","event":"Filling up the DagBag from /opt/airflow/dags/stocks_etl_dag.py","logger":"airflow.dag_processing.dagbag.BundleDagBag","filename":"dagbag.py","lineno":460}
{"timestamp":"2026-08-17T20:25:27.988835Z","level":"info","event":"Pyspark imported, version: 3.5.2","logger":"unusual_prefix_377e48747e3957bb035dd88b74b86ec1d0ec8c25_stocks_etl_dag","filename":"stocks_etl_dag.py","lineno":24}
{"timestamp":"2026-08-17T20:25:28.005287Z","level":"info","event":"ETL function imported succesfully!","logger":"unusual_prefix_377e48747e3957bb035dd88b74b86ec1d0ec8c25_stocks_etl_dag","filename":"stocks_etl_dag.py","lineno":31}
{"timestamp":"2026-08-17T20:25:28.009328Z","level":"info","event":"DAG loaded sucessfully!","logger":"unusual_prefix_377e48747e3957bb035dd88b74b86ec1d0ec8c25_stocks_etl_dag","filename":"stocks_etl_dag.py","lineno":96}
{"timestamp":"2026-08-17T20:25:58.434853Z","level":"info","event":"Filling up the DagBag from /opt/airflow/dags/stocks_etl_dag.py","logger":"airflow.dag_processing.dagbag.BundleDagBag","filename":"dagbag.py","lineno":460}
{"timestamp":"2026-08-17T20:25:59.469088Z","level":"info","event":"Pyspark imported, version: 3.5.2","logger":"unusual_prefix_377e48747e3957bb035dd88b74b86ec1d0ec8c25_stocks_etl_dag","filename":"stocks_etl_dag.py","lineno":24}
{"timestamp":"2026-08-17T20:25:59.480586Z","level":"info","event":"ETL function imported succesfully!","logger":"unusual_prefix_377e48747e3957bb035dd88b74b86ec1d0ec8c25_stocks_etl_dag","filename":"stocks_etl_dag.py","lineno":31}
{"timestamp":"2026-08-17T20:25:59.484871Z","level":"info","event":"DAG loaded sucessfully!","logger":"unusual_prefix_377e48747e3957bb035dd88b74b86ec1d0ec8c25_stocks_etl_dag","filename":"stocks_etl_dag.py","lineno":96}
{"timestamp":"2026-08-17T20:26:30.122068Z","level":"info","event":"Filling up the DagBag from /opt/airflow/dags/stocks_etl_dag.py","logger":"airflow.dag_processing.dagbag.BundleDagBag","filename":"dagbag.py","lineno":460}
{"timestamp":"2026-08-17T20:26:31.378992Z","level":"info","event":"Pyspark imported, version: 3.5.2","logger":"unusual_prefix_377e48747e3957bb035dd88b74b86ec1d0ec8c25_stocks_etl_dag","filename":"stocks_etl_dag.py","lineno":24}
{"timestamp":"2026-08-17T20:26:31.392927Z","level":"info","event":"ETL function imported succesfully!","logger":"unusual_prefix_377e48747e3957bb035dd88b74b86ec1d0ec8c25_stocks_etl_dag","filename":"stocks_etl_dag.py","lineno":31}
{"timestamp":"2026-08-17T20:26:31.396684Z","level":"info","event":"DAG loaded sucessfully!","logger":"unusual_prefix_377e48747e3957bb035dd88b74b86ec1d0ec8c25_stocks_etl_dag","filename":"stocks_etl_dag.py","lineno":96}
{"timestamp":"2026-08-17T20:27:02.130474Z","level":"info","event":"Filling up the DagBag from /opt/airflow/dags/stocks_etl_dag.py","logger":"airflow.dag_processing.dagbag.BundleDagBag","filename":"dagbag.py","lineno":460}
{"timestamp":"2026-08-17T20:27:03.516592Z","level":"info","event":"Pyspark imported, version: 3.5.2","logger":"unusual_prefix_377e48747e3957bb035dd88b74b86ec1d0ec8c25_stocks_etl_dag","filename":"stocks_etl_dag.py","lineno":24}
{"timestamp":"2026-08-17T20:27:03.527741Z","level":"info","event":"ETL function imported succesfully!","logger":"unusual_prefix_377e48747e3957bb035dd88b74b86ec1d0ec8c25_stocks_etl_dag","filename":"stocks_etl_dag.py","lineno":31}
{"timestamp":"2026-08-17T20:27:03.532039Z","level":"info","event":"DAG loaded sucessfully!","logger":"unusual_prefix_377e48747e3957bb035dd88b74b86ec1d0ec8c25_stocks_etl_dag","filename":"stocks_etl_dag.py","lineno":96}
{"timestamp":"2026-08-17T20:27:34.211220Z","level":"info","event":"Filling up the DagBag from /opt/airflow/dags/stocks_etl_dag.py","logger":"airflow.dag_processing.dagbag.BundleDagBag","filename":"dagbag.py","lineno":460}
{"timestamp":"2026-08-17T20:27:35.475058Z","level":"info","event":"Pyspark imported, version: 3.5.2","logger":"unusual_prefix_377e48747e3957bb035dd88b74b86ec1d0ec8c25_stocks_etl_dag","filename":"stocks_etl_dag.py","lineno":24}
{"timestamp":"2026-08-17T20:27:35.487792Z","level":"info","event":"ETL function imported succesfully!","logger":"unusual_prefix_377e48747e3957bb035dd88b74b86ec1d0ec8c25_stocks_etl_dag","filename":"stocks_etl_dag.py","lineno":31}
{"timestamp":"2026-08-17T20:27:35.491579Z","level":"info","event":"DAG loaded sucessfully!","logger":"unusual_prefix_377e48747e3957bb035dd88b74b86ec1d0ec8c25_stocks_etl_dag","filename":"stocks_etl_dag.py","lineno":96}
{"timestamp":"2026-08-17T20:28:05.978539Z","level":"info","event":"Filling up the DagBag from /opt/airflow/dags/stocks_etl_dag.py","logger":"airflow.dag_processing.dagbag.BundleDagBag","filename":"dagbag.py","lineno":460}
{"timestamp":"2026-08-17T20:28:08.537180Z","level":"info","event":"Pyspark imported, version: 3.5.2","logger":"unusual_prefix_377e48747e3957bb035dd88b74b86ec1d0ec8c25_stocks_etl_dag","filename":"stocks_etl_dag.py","lineno":24}
{"timestamp":"2026-08-17T20:28:08.561387Z","level":"info","event":"ETL function imported succesfully!","logger":"unusual_prefix_377e48747e3957bb035dd88b74b86ec1d0ec8c25_stocks_etl_dag","filename":"stocks_etl_dag.py","lineno":31}
{"timestamp":"2026-08-17T20:28:08.587812Z","level":"info","event":"DAG loaded sucessfully!","logger":"unusual_prefix_377e48747e3957bb035dd88b74b86ec1d0ec8c25_stocks_etl_dag","filename":"stocks_etl_dag.py","lineno":96}
{"timestamp":"2026-08-17T20:28:38.814878Z","level":"info","event":"Filling up the DagBag from /opt/airflow/dags/stocks_etl_dag.py","logger":"airflow.dag_processing.dagbag.BundleDagBag","filename":"dagbag.py","lineno":460}
{"timestamp":"2026-08-17T20:28:40.495845Z","level":"info","event":"Pyspark imported, version: 3.5.2","logger":"unusual_prefix_377e48747e3957bb035dd88b74b86ec1d0ec8c25_stocks_etl_dag","filename":"stocks_etl_dag.py","lineno":24}
{"timestamp":"2026-08-17T20:28:40.535117Z","level":"info","event":"ETL function imported succesfully!","logger":"unusual_prefix_377e48747e3957bb035dd88b74b86ec1d0ec8c25_stocks_etl_dag","filename":"stocks_etl_dag.py","lineno":31}
{"timestamp":"2026-08-17T20:28:40.542739Z","level":"info","event":"DAG loaded sucessfully!","logger":"unusual_prefix_377e48747e3957bb035dd88b74b86ec1d0ec8c25_stocks_etl_dag","filename":"stocks_etl_dag.py","lineno":96}
{"timestamp":"2026-08-17T20:29:10.823168Z","level":"info","event":"Filling up the DagBag from /opt/airflow/dags/stocks_etl_dag.py","logger":"airflow.dag_processing.dagbag.BundleDagBag","filename":"dagbag.py","lineno":460}
{"timestamp":"2026-08-17T20:29:12.037663Z","level":"info","event":"Pyspark imported, version: 3.5.2","logger":"unusual_prefix_377e48747e3957bb035dd88b74b86ec1d0ec8c25_stocks_etl_dag","filename":"stocks_etl_dag.py","lineno":24}
{"timestamp":"2026-08-17T20:29:12.048191Z","level":"info","event":"ETL function imported succesfully!","logger":"unusual_prefix_377e48747e3957bb035dd88b74b86ec1d0ec8c25_stocks_etl_dag","filename":"stocks_etl_dag.py","lineno":31}
{"timestamp":"2026-08-17T20:29:12.059735Z","level":"info","event":"DAG loaded sucessfully!","logger":"unusual_prefix_377e48747e3957bb035dd88b74b86ec1d0ec8c25_stocks_etl_dag","filename":"stocks_etl_dag.py","lineno":96}
{"timestamp":"2026-08-17T20:29:42.782212Z","level":"info","event":"Filling up the DagBag from /opt/airflow/dags/stocks_etl_dag.py","logger":"airflow.dag_processing.dagbag.BundleDagBag","filename":"dagbag.py","lineno":460}
{"timestamp":"2026-08-17T20:29:44.119588Z","level":"info","event":"Pyspark imported, version: 3.5.2","logger":"unusual_prefix_377e48747e3957bb035dd88b74b86ec1d0ec8c25_stocks_etl_dag","filename":"stocks_etl_dag.py","lineno":24}
{"timestamp":"2026-08-17T20:29:44.137069Z","level":"info","event":"ETL function imported succesfully!","logger":"unusual_prefix_377e48747e3957bb035dd88b74b86ec1d0ec8c25_stocks_etl_dag","filename":"stocks_etl_dag.py","lineno":31}
{"timestamp":"2026-08-17T20:29:44.142581Z","level":"info","event":"DAG loaded sucessfully!","logger":"unusual_prefix_377e48747e3957bb035dd88b74b86ec1d0ec8c25_stocks_etl_dag","filename":"stocks_etl_dag.py","lineno":96}
{"timestamp":"2026-08-17T20:30:14.793782Z","level":"info","event":"Filling up the DagBag from /opt/airflow/dags/stocks_etl_dag.py","logger":"airflow.dag_processing.dagbag.BundleDagBag","filename":"dagbag.py","lineno":460}
{"timestamp":"2026-08-17T20:30:16.438823Z","level":"info","event":"Pyspark imported, version: 3.5.2","logger":"unusual_prefix_377e48747e3957bb035dd88b74b86ec1d0ec8c25_stocks_etl_dag","filename":"stocks_etl_dag.py","lineno":24}
{"timestamp":"2026-08-17T20:30:16.454337Z","level":"info","event":"ETL function imported succesfully!","logger":"unusual_prefix_377e48747e3957bb035dd88b74b86ec1d0ec8c25_stocks_etl_dag","filename":"stocks_etl_dag.py","lineno":31}
{"timestamp":"2026-08-17T20:30:16.459491Z","level":"info","event":"DAG loaded sucessfully!","logger":"unusual_prefix_377e48747e3957bb035dd88b74b86ec1d0ec8c25_stocks_etl_dag","filename":"stocks_etl_dag.py","lineno":96}
{"timestamp":"2026-08-17T20:30:47.309543Z","level":"info","event":"Filling up the DagBag from /opt/airflow/dags/stocks_etl_dag.py","logger":"airflow.dag_processing.dagbag.BundleDagBag","filename":"dagbag.py","lineno":460}
{"timestamp":"2026-08-17T20:30:48.940347Z","level":"info","event":"Pyspark imported, version: 3.5.2","logger":"unusual_prefix_377e48747e3957bb035dd88b74b86ec1d0ec8c25_stocks_etl_dag","filename":"stocks_etl_dag.py","lineno":24}
{"timestamp":"2026-08-17T20:30:48.958092Z","level":"info","event":"ETL function imported succesfully!","logger":"unusual_prefix_377e48747e3957bb035dd88b74b86ec1d0ec8c25_stocks_etl_dag","filename":"stocks_etl_dag.py","lineno":31}
{"timestamp":"2026-08-17T20:30:48.964521Z","level":"info","event":"DAG loaded sucessfully!","logger":"unusual_prefix_377e48747e3957bb035dd88b74b86ec1d0ec8c25_stocks_etl_dag","filename":"stocks_etl_dag.py","lineno":96}
{"timestamp":"2026-08-17T20:31:19.194781Z","level":"info","event":"Filling up the DagBag from /opt/airflow/dags/stocks_etl_dag.py","logger":"airflow.dag_processing.dagbag.BundleDagBag","filename":"dagbag.py","lineno":460}
{"timestamp":"2026-08-17T20:31:20.452693Z","level":"info","event":"Pyspark imported, version: 3.5.2","logger":"unusual_prefix_377e48747e3957bb035dd88b74b86ec1d0ec8c25_stocks_etl_dag","filename":"stocks_etl_dag.py","lineno":24}
{"timestamp":"2026-08-17T20:31:20.467070Z","level":"info","event":"ETL function imported succesfully!","logger":"unusual_prefix_377e48747e3957bb035dd88b74b86ec1d0ec8c25_stocks_etl_dag","filename":"stocks_etl_dag.py","lineno":31}
{"timestamp":"2026-08-17T20:31:20.470959Z","level":"info","event":"DAG loaded sucessfully!","logger":"unusual_prefix_377e48747e3957bb035dd88b74b86ec1d0ec8c25_stocks_etl_dag","filename":"stocks_etl_dag.py","lineno":96}
{"timestamp":"2026-08-17T20:31:51.305570Z","level":"info","event":"Filling up the DagBag from /opt/airflow/dags/stocks_etl_dag.py","logger":"airflow.dag_processing.dagbag.BundleDagBag","filename":"dagbag.py","lineno":460}
{"timestamp":"2026-08-17T20:31:52.724955Z","level":"info","event":"Pyspark imported, version: 3.5.2","logger":"unusual_prefix_377e48747e3957bb035dd88b74b86ec1d0ec8c25_stocks_etl_dag","filename":"stocks_etl_dag.py","lineno":24}
{"timestamp":"2026-08-17T20:31:52.739387Z","level":"info","event":"ETL function imported succesfully!","logger":"unusual_prefix_377e48747e3957bb035dd88b74b86ec1d0ec8c25_stocks_etl_dag","filename":"stocks_etl_dag.py","lineno":31}
{"timestamp":"2026-08-17T20:31:52.744156Z","level":"info","event":"DAG loaded sucessfully!","logger":"unusual_prefix_377e48747e3957bb035dd88b74b86ec1d0ec8c25_stocks_etl_dag","filename":"stocks_etl_dag.py","lineno":96}
{"timestamp":"2026-08-17T20:32:23.431162Z","level":"info","event":"Filling up the DagBag from /opt/airflow/dags/stocks_etl_dag.py","logger":"airflow.dag_processing.dagbag.BundleDagBag","filename":"dagbag.py","lineno":460}
{"timestamp":"2026-08-17T20:32:25.633310Z","level":"info","event":"Pyspark imported, version: 3.5.2","logger":"unusual_prefix_377e48747e3957bb035dd88b74b86ec1d0ec8c25_stocks_etl_dag","filename":"stocks_etl_dag.py","lineno":24}
{"timestamp":"2026-08-17T20:32:25.642409Z","level":"info","event":"ETL function imported succesfully!","logger":"unusual_prefix_377e48747e3957bb035dd88b74b86ec1d0ec8c25_stocks_etl_dag","filename":"stocks_etl_dag.py","lineno":31}
{"timestamp":"2026-08-17T20:32:25.664201Z","level":"info","event":"DAG loaded sucessfully!","logger":"unusual_prefix_377e48747e3957bb035dd88b74b86ec1d0ec8c25_stocks_etl_dag","filename":"stocks_etl_dag.py","lineno":96}
{"timestamp":"2026-08-17T20:32:56.410392Z","level":"info","event":"Filling up the DagBag from /opt/airflow/dags/stocks_etl_dag.py","logger":"airflow.dag_processing.dagbag.BundleDagBag","filename":"dagbag.py","lineno":460}
{"timestamp":"2026-08-17T20:32:58.274846Z","level":"info","event":"Pyspark imported, version: 3.5.2","logger":"unusual_prefix_377e48747e3957bb035dd88b74b86ec1d0ec8c25_stocks_etl_dag","filename":"stocks_etl_dag.py","lineno":24}
{"timestamp":"2026-08-17T20:32:58.294451Z","level":"info","event":"ETL function imported succesfully!","logger":"unusual_prefix_377e48747e3957bb035dd88b74b86ec1d0ec8c25_stocks_etl_dag","filename":"stocks_etl_dag.py","lineno":31}
{"timestamp":"2026-08-17T20:32:58.302671Z","level":"info","event":"DAG loaded sucessfully!","logger":"unusual_prefix_377e48747e3957bb035dd88b74b86ec1d0ec8c25_stocks_etl_dag","filename":"stocks_etl_dag.py","lineno":96}
{"timestamp":"2026-08-17T20:33:29.148729Z","level":"info","event":"Filling up the DagBag from /opt/airflow/dags/stocks_etl_dag.py","logger":"airflow.dag_processing.dagbag.BundleDagBag","filename":"dagbag.py","lineno":460}
{"timestamp":"2026-08-17T20:33:32.596673Z","level":"info","event":"Pyspark imported, version: 3.5.2","logger":"unusual_prefix_377e48747e3957bb035dd88b74b86ec1d0ec8c25_stocks_etl_dag","filename":"stocks_etl_dag.py","lineno":24}
{"timestamp":"2026-08-17T20:33:32.607571Z","level":"info","event":"ETL function imported succesfully!","logger":"unusual_prefix_377e48747e3957bb035dd88b74b86ec1d0ec8c25_stocks_etl_dag","filename":"stocks_etl_dag.py","lineno":31}
{"timestamp":"2026-08-17T20:33:32.632888Z","level":"info","event":"DAG loaded sucessfully!","logger":"unusual_prefix_377e48747e3957bb035dd88b74b86ec1d0ec8c25_stocks_etl_dag","filename":"stocks_etl_dag.py","lineno":96}
{"timestamp":"2026-08-17T20:34:03.363206Z","level":"info","event":"Filling up the DagBag from /opt/airflow/dags/stocks_etl_dag.py","logger":"airflow.dag_processing.dagbag.BundleDagBag","filename":"dagbag.py","lineno":460}
{"timestamp":"2026-08-17T20:34:05.268138Z","level":"info","event":"Pyspark imported, version: 3.5.2","logger":"unusual_prefix_377e48747e3957bb035dd88b74b86ec1d0ec8c25_stocks_etl_dag","filename":"stocks_etl_dag.py","lineno":24}
{"timestamp":"2026-08-17T20:34:05.286270Z","level":"info","event":"ETL function imported succesfully!","logger":"unusual_prefix_377e48747e3957bb035dd88b74b86ec1d0ec8c25_stocks_etl_dag","filename":"stocks_etl_dag.py","lineno":31}
{"timestamp":"2026-08-17T20:34:05.291268Z","level":"info","event":"DAG loaded sucessfully!","logger":"unusual_prefix_377e48747e3957bb035dd88b74b86ec1d0ec8c25_stocks_etl_dag","filename":"stocks_etl_dag.py","lineno":96}
{"timestamp":"2026-08-17T20:34:35.466281Z","level":"info","event":"Filling up the DagBag from /opt/airflow/dags/stocks_etl_dag.py","logger":"airflow.dag_processing.dagbag.BundleDagBag","filename":"dagbag.py","lineno":460}
{"timestamp":"2026-08-17T20:34:37.688207Z","level":"info","event":"Pyspark imported, version: 3.5.2","logger":"unusual_prefix_377e48747e3957bb035dd88b74b86ec1d0ec8c25_stocks_etl_dag","filename":"stocks_etl_dag.py","lineno":24}
{"timestamp":"2026-08-17T20:34:37.698865Z","level":"info","event":"ETL function imported succesfully!","logger":"unusual_prefix_377e48747e3957bb035dd88b74b86ec1d0ec8c25_stocks_etl_dag","filename":"stocks_etl_dag.py","lineno":31}
{"timestamp":"2026-08-17T20:34:37.704122Z","level":"info","event":"DAG loaded sucessfully!","logger":"unusual_prefix_377e48747e3957bb035dd88b74b86ec1d0ec8c25_stocks_etl_dag","filename":"stocks_etl_dag.py","lineno":96}
{"timestamp":"2026-08-17T20:35:08.385599Z","level":"info","event":"Filling up the DagBag from /opt/airflow/dags/stocks_etl_dag.py","logger":"airflow.dag_processing.dagbag.BundleDagBag","filename":"dagbag.py","lineno":460}
{"timestamp":"2026-08-17T20:35:09.581960Z","level":"info","event":"Pyspark imported, version: 3.5.2","logger":"unusual_prefix_377e48747e3957bb035dd88b74b86ec1d0ec8c25_stocks_etl_dag","filename":"stocks_etl_dag.py","lineno":24}
{"timestamp":"2026-08-17T20:35:09.596951Z","level":"info","event":"ETL function imported succesfully!","logger":"unusual_prefix_377e48747e3957bb035dd88b74b86ec1d0ec8c25_stocks_etl_dag","filename":"stocks_etl_dag.py","lineno":31}
{"timestamp":"2026-08-17T20:35:09.601048Z","level":"info","event":"DAG loaded sucessfully!","logger":"unusual_prefix_377e48747e3957bb035dd88b74b86ec1d0ec8c25_stocks_etl_dag","filename":"stocks_etl_dag.py","lineno":96}
{"timestamp":"2026-08-17T20:35:40.202271Z","level":"info","event":"Filling up the DagBag from /opt/airflow/dags/stocks_etl_dag.py","logger":"airflow.dag_processing.dagbag.BundleDagBag","filename":"dagbag.py","lineno":460}
{"timestamp":"2026-08-17T20:35:41.658782Z","level":"info","event":"Pyspark imported, version: 3.5.2","logger":"unusual_prefix_377e48747e3957bb035dd88b74b86ec1d0ec8c25_stocks_etl_dag","filename":"stocks_etl_dag.py","lineno":24}
{"timestamp":"2026-08-17T20:35:41.694053Z","level":"info","event":"ETL function imported succesfully!","logger":"unusual_prefix_377e48747e3957bb035dd88b74b86ec1d0ec8c25_stocks_etl_dag","filename":"stocks_etl_dag.py","lineno":31}
{"timestamp":"2026-08-17T20:35:41.701675Z","level":"info","event":"DAG loaded sucessfully!","logger":"unusual_prefix_377e48747e3957bb035dd88b74b86ec1d0ec8c25_stocks_etl_dag","filename":"stocks_etl_dag.py","lineno":96}
{"timestamp":"2026-08-17T20:36:11.886190Z","level":"info","event":"Filling up the DagBag from /opt/airflow/dags/stocks_etl_dag.py","logger":"airflow.dag_processing.dagbag.BundleDagBag","filename":"dagbag.py","lineno":460}
{"timestamp":"2026-08-17T20:36:13.425844Z","level":"info","event":"Pyspark imported, version: 3.5.2","logger":"unusual_prefix_377e48747e3957bb035dd88b74b86ec1d0ec8c25_stocks_etl_dag","filename":"stocks_etl_dag.py","lineno":24}
{"timestamp":"2026-08-17T20:36:13.455908Z","level":"info","event":"ETL function imported succesfully!","logger":"unusual_prefix_377e48747e3957bb035dd88b74b86ec1d0ec8c25_stocks_etl_dag","filename":"stocks_etl_dag.py","lineno":31}
{"timestamp":"2026-08-17T20:36:13.463286Z","level":"info","event":"DAG loaded sucessfully!","logger":"unusual_prefix_377e48747e3957bb035dd88b74b86ec1d0ec8c25_stocks_etl_dag","filename":"stocks_etl_dag.py","lineno":96}
{"timestamp":"2026-08-17T20:36:43.791290Z","level":"info","event":"Filling up the DagBag from /opt/airflow/dags/stocks_etl_dag.py","logger":"airflow.dag_processing.dagbag.BundleDagBag","filename":"dagbag.py","lineno":460}
{"timestamp":"2026-08-17T20:36:45.125362Z","level":"info","event":"Pyspark imported, version: 3.5.2","logger":"unusual_prefix_377e48747e3957bb035dd88b74b86ec1d0ec8c25_stocks_etl_dag","filename":"stocks_etl_dag.py","lineno":24}
{"timestamp":"2026-08-17T20:36:45.137885Z","level":"info","event":"ETL function imported succesfully!","logger":"unusual_prefix_377e48747e3957bb035dd88b74b86ec1d0ec8c25_stocks_etl_dag","filename":"stocks_etl_dag.py","lineno":31}
{"timestamp":"2026-08-17T20:36:45.160313Z","level":"info","event":"DAG loaded sucessfully!","logger":"unusual_prefix_377e48747e3957bb035dd88b74b86ec1d0ec8c25_stocks_etl_dag","filename":"stocks_etl_dag.py","lineno":96}
{"timestamp":"2026-08-17T20:37:15.823401Z","level":"info","event":"Filling up the DagBag from /opt/airflow/dags/stocks_etl_dag.py","logger":"airflow.dag_processing.dagbag.BundleDagBag","filename":"dagbag.py","lineno":460}
{"timestamp":"2026-08-17T20:37:17.700657Z","level":"info","event":"Pyspark imported, version: 3.5.2","logger":"unusual_prefix_377e48747e3957bb035dd88b74b86ec1d0ec8c25_stocks_etl_dag","filename":"stocks_etl_dag.py","lineno":24}
{"timestamp":"2026-08-17T20:37:17.720253Z","level":"info","event":"ETL function imported succesfully!","logger":"unusual_prefix_377e48747e3957bb035dd88b74b86ec1d0ec8c25_stocks_etl_dag","filename":"stocks_etl_dag.py","lineno":31}
{"timestamp":"2026-08-17T20:37:17.729350Z","level":"info","event":"DAG loaded sucessfully!","logger":"unusual_prefix_377e48747e3957bb035dd88b74b86ec1d0ec8c25_stocks_etl_dag","filename":"stocks_etl_dag.py","lineno":96}
{"timestamp":"2026-08-17T20:37:48.383753Z","level":"info","event":"Filling up the DagBag from /opt/airflow/dags/stocks_etl_dag.py","logger":"airflow.dag_processing.dagbag.BundleDagBag","filename":"dagbag.py","lineno":460}
{"timestamp":"2026-08-17T20:37:49.418158Z","level":"info","event":"Pyspark imported, version: 3.5.2","logger":"unusual_prefix_377e48747e3957bb035dd88b74b86ec1d0ec8c25_stocks_etl_dag","filename":"stocks_etl_dag.py","lineno":24}
{"timestamp":"2026-08-17T20:37:49.445811Z","level":"info","event":"ETL function imported succesfully!","logger":"unusual_prefix_377e48747e3957bb035dd88b74b86ec1d0ec8c25_stocks_etl_dag","filename":"stocks_etl_dag.py","lineno":31}
{"timestamp":"2026-08-17T20:37:49.454644Z","level":"info","event":"DAG loaded sucessfully!","logger":"unusual_prefix_377e48747e3957bb035dd88b74b86ec1d0ec8c25_stocks_etl_dag","filename":"stocks_etl_dag.py","lineno":96}
{"timestamp":"2026-08-17T20:38:20.049553Z","level":"info","event":"Filling up the DagBag from /opt/airflow/dags/stocks_etl_dag.py","logger":"airflow.dag_processing.dagbag.BundleDagBag","filename":"dagbag.py","lineno":460}
{"timestamp":"2026-08-17T20:38:21.321703Z","level":"info","event":"Pyspark imported, version: 3.5.2","logger":"unusual_prefix_377e48747e3957bb035dd88b74b86ec1d0ec8c25_stocks_etl_dag","filename":"stocks_etl_dag.py","lineno":24}
{"timestamp":"2026-08-17T20:38:21.351357Z","level":"info","event":"ETL function imported succesfully!","logger":"unusual_prefix_377e48747e3957bb035dd88b74b86ec1d0ec8c25_stocks_etl_dag","filename":"stocks_etl_dag.py","lineno":31}
{"timestamp":"2026-08-17T20:38:21.358460Z","level":"info","event":"DAG loaded sucessfully!","logger":"unusual_prefix_377e48747e3957bb035dd88b74b86ec1d0ec8c25_stocks_etl_dag","filename":"stocks_etl_dag.py","lineno":96}
{"timestamp":"2026-08-17T20:38:51.600222Z","level":"info","event":"Filling up the DagBag from /opt/airflow/dags/stocks_etl_dag.py","logger":"airflow.dag_processing.dagbag.BundleDagBag","filename":"dagbag.py","lineno":460}
{"timestamp":"2026-08-17T20:38:52.756928Z","level":"info","event":"Pyspark imported, version: 3.5.2","logger":"unusual_prefix_377e48747e3957bb035dd88b74b86ec1d0ec8c25_stocks_etl_dag","filename":"stocks_etl_dag.py","lineno":24}
{"timestamp":"2026-08-17T20:38:52.773241Z","level":"info","event":"ETL function imported succesfully!","logger":"unusual_prefix_377e48747e3957bb035dd88b74b86ec1d0ec8c25_stocks_etl_dag","filename":"stocks_etl_dag.py","lineno":31}
{"timestamp":"2026-08-17T20:38:52.777468Z","level":"info","event":"DAG loaded sucessfully!","logger":"unusual_prefix_377e48747e3957bb035dd88b74b86ec1d0ec8c25_stocks_etl_dag","filename":"stocks_etl_dag.py","lineno":96}
{"timestamp":"2026-08-17T20:39:22.930798Z","level":"info","event":"Filling up the DagBag from /opt/airflow/dags/stocks_etl_dag.py","logger":"airflow.dag_processing.dagbag.BundleDagBag","filename":"dagbag.py","lineno":460}
{"timestamp":"2026-08-17T20:39:24.088935Z","level":"info","event":"Pyspark imported, version: 3.5.2","logger":"unusual_prefix_377e48747e3957bb035dd88b74b86ec1d0ec8c25_stocks_etl_dag","filename":"stocks_etl_dag.py","lineno":24}
{"timestamp":"2026-08-17T20:39:24.121162Z","level":"info","event":"ETL function imported succesfully!","logger":"unusual_prefix_377e48747e3957bb035dd88b74b86ec1d0ec8c25_stocks_etl_dag","filename":"stocks_etl_dag.py","lineno":31}
{"timestamp":"2026-08-17T20:39:24.131958Z","level":"info","event":"DAG loaded sucessfully!","logger":"unusual_prefix_377e48747e3957bb035dd88b74b86ec1d0ec8c25_stocks_etl_dag","filename":"stocks_etl_dag.py","lineno":96}
{"timestamp":"2026-08-17T20:39:54.812820Z","level":"info","event":"Filling up the DagBag from /opt/airflow/dags/stocks_etl_dag.py","logger":"airflow.dag_processing.dagbag.BundleDagBag","filename":"dagbag.py","lineno":460}
{"timestamp":"2026-08-17T20:39:55.935344Z","level":"info","event":"Pyspark imported, version: 3.5.2","logger":"unusual_prefix_377e48747e3957bb035dd88b74b86ec1d0ec8c25_stocks_etl_dag","filename":"stocks_etl_dag.py","lineno":24}
{"timestamp":"2026-08-17T20:39:55.948689Z","level":"info","event":"ETL function imported succesfully!","logger":"unusual_prefix_377e48747e3957bb035dd88b74b86ec1d0ec8c25_stocks_etl_dag","filename":"stocks_etl_dag.py","lineno":31}
{"timestamp":"2026-08-17T20:39:55.971622Z","level":"info","event":"DAG loaded sucessfully!","logger":"unusual_prefix_377e48747e3957bb035dd88b74b86ec1d0ec8c25_stocks_etl_dag","filename":"stocks_etl_dag.py","lineno":96}
{"timestamp":"2026-08-17T20:40:26.539626Z","level":"info","event":"Filling up the DagBag from /opt/airflow/dags/stocks_etl_dag.py","logger":"airflow.dag_processing.dagbag.BundleDagBag","filename":"dagbag.py","lineno":460}
{"timestamp":"2026-08-17T20:40:27.902985Z","level":"info","event":"Pyspark imported, version: 3.5.2","logger":"unusual_prefix_377e48747e3957bb035dd88b74b86ec1d0ec8c25_stocks_etl_dag","filename":"stocks_etl_dag.py","lineno":24}
{"timestamp":"2026-08-17T20:40:27.914863Z","level":"info","event":"ETL function imported succesfully!","logger":"unusual_prefix_377e48747e3957bb035dd88b74b86ec1d0ec8c25_stocks_etl_dag","filename":"stocks_etl_dag.py","lineno":31}
{"timestamp":"2026-08-17T20:40:27.931785Z","level":"info","event":"DAG loaded sucessfully!","logger":"unusual_prefix_377e48747e3957bb035dd88b74b86ec1d0ec8c25_stocks_etl_dag","filename":"stocks_etl_dag.py","lineno":96}
{"timestamp":"2026-08-17T20:40:58.512771Z","level":"info","event":"Filling up the DagBag from /opt/airflow/dags/stocks_etl_dag.py","logger":"airflow.dag_processing.dagbag.BundleDagBag","filename":"dagbag.py","lineno":460}
{"timestamp":"2026-08-17T20:41:00.126767Z","level":"info","event":"Pyspark imported, version: 3.5.2","logger":"unusual_prefix_377e48747e3957bb035dd88b74b86ec1d0ec8c25_stocks_etl_dag","filename":"stocks_etl_dag.py","lineno":24}
{"timestamp":"2026-08-17T20:41:00.161000Z","level":"info","event":"ETL function imported succesfully!","logger":"unusual_prefix_377e48747e3957bb035dd88b74b86ec1d0ec8c25_stocks_etl_dag","filename":"stocks_etl_dag.py","lineno":31}
{"timestamp":"2026-08-17T20:41:00.170985Z","level":"info","event":"DAG loaded sucessfully!","logger":"unusual_prefix_377e48747e3957bb035dd88b74b86ec1d0ec8c25_stocks_etl_dag","filename":"stocks_etl_dag.py","lineno":96}
{"timestamp":"2026-08-17T20:41:30.919070Z","level":"info","event":"Filling up the DagBag from /opt/airflow/dags/stocks_etl_dag.py","logger":"airflow.dag_processing.dagbag.BundleDagBag","filename":"dagbag.py","lineno":460}
{"timestamp":"2026-08-17T20:41:32.414305Z","level":"info","event":"Pyspark imported, version: 3.5.2","logger":"unusual_prefix_377e48747e3957bb035dd88b74b86ec1d0ec8c25_stocks_etl_dag","filename":"stocks_etl_dag.py","lineno":24}
{"timestamp":"2026-08-17T20:41:32.426293Z","level":"info","event":"ETL function imported succesfully!","logger":"unusual_prefix_377e48747e3957bb035dd88b74b86ec1d0ec8c25_stocks_etl_dag","filename":"stocks_etl_dag.py","lineno":31}
{"timestamp":"2026-08-17T20:41:32.430574Z","level":"info","event":"DAG loaded sucessfully!","logger":"unusual_prefix_377e48747e3957bb035dd88b74b86ec1d0ec8c25_stocks_etl_dag","filename":"stocks_etl_dag.py","lineno":96}
{"timestamp":"2026-08-17T20:42:03.186376Z","level":"info","event":"Filling up the DagBag from /opt/airflow/dags/stocks_etl_dag.py","logger":"airflow.dag_processing.dagbag.BundleDagBag","filename":"dagbag.py","lineno":460}
{"timestamp":"2026-08-17T20:42:05.345476Z","level":"info","event":"Pyspark imported, version: 3.5.2","logger":"unusual_prefix_377e48747e3957bb035dd88b74b86ec1d0ec8c25_stocks_etl_dag","filename":"stocks_etl_dag.py","lineno":24}
{"timestamp":"2026-08-17T20:42:05.357246Z","level":"info","event":"ETL function imported succesfully!","logger":"unusual_prefix_377e48747e3957bb035dd88b74b86ec1d0ec8c25_stocks_etl_dag","filename":"stocks_etl_dag.py","lineno":31}
{"timestamp":"2026-08-17T20:42:05.362644Z","level":"info","event":"DAG loaded sucessfully!","logger":"unusual_prefix_377e48747e3957bb035dd88b74b86ec1d0ec8c25_stocks_etl_dag","filename":"stocks_etl_dag.py","lineno":96}
