{"timestamp":"2026-08-19T04:51:53.181972Z","level":"info","event":"Filling up the DagBag from /opt/airflow/dags/stocks_etl_dag.py","logger":"airflow.dag_processing.dagbag.BundleDagBag","filename":"dagbag.py","lineno":460}
{"timestamp":"2026-08-19T04:51:56.056650Z","level":"info","event":"Pyspark imported, version: 3.5.2","logger":"unusual_prefix_377e48747e3957bb035dd88b74b86ec1d0ec8c25_stocks_etl_dag","filename":"stocks_etl_dag.py","lineno":24}
{"timestamp":"2026-08-19T04:52:07.811174Z","level":"info","event":"ETL function imported succesfully!","logger":"unusual_prefix_377e48747e3957bb035dd88b74b86ec1d0ec8c25_stocks_etl_dag","filename":"stocks_etl_dag.py","lineno":32}
{"timestamp":"2026-08-19T04:52:07.828713Z","level":"info","event":"DAG loaded sucessfully!","logger":"unusual_prefix_377e48747e3957bb035dd88b74b86ec1d0ec8c25_stocks_etl_dag","filename":"stocks_etl_dag.py","lineno":103}
{"timestamp":"2026-08-19T04:52:38.216244Z","level":"info","event":"Filling up the DagBag from /opt/airflow/dags/stocks_etl_dag.py","logger":"airflow.dag_processing.dagbag.BundleDagBag","filename":"dagbag.py","lineno":460}
{"timestamp":"2026-08-19T04:52:39.269557Z","level":"info","event":"Pyspark imported, version: 3.5.2","logger":"unusual_prefix_377e48747e3957bb035dd88b74b86ec1d0ec8c25_stocks_etl_dag","filename":"stocks_etl_dag.py","lineno":24}
{"timestamp":"2026-08-19T04:52:43.243357Z","level":"info","event":"ETL function imported succesfully!","logger":"unusual_prefix_377e48747e3957bb035dd88b74b86ec1d0ec8c25_stocks_etl_dag","filename":"stocks_etl_dag.py","lineno":32}
{"timestamp":"2026-08-19T04:52:43.250878Z","level":"info","event":"DAG loaded sucessfully!","logger":"unusual_prefix_377e48747e3957bb035dd88b74b86ec1d0ec8c25_stocks_etl_dag","filename":"stocks_etl_dag.py","lineno":103}
{"timestamp":"2026-08-19T04:53:13.779191Z","level":"info","event":"Filling up the DagBag from /opt/airflow/dags/stocks_etl_dag.py","logger":"airflow.dag_processing.dagbag.BundleDagBag","filename":"dagbag.py","lineno":460}
{"timestamp":"2026-08-19T04:53:13.934791Z","level":"info","event":"Pyspark imported, version: 3.5.2","logger":"unusual_prefix_377e48747e3957bb035dd88b74b86ec1d0ec8c25_stocks_etl_dag","filename":"stocks_etl_dag.py","lineno":24}
{"timestamp":"2026-08-19T04:53:14.651029Z","level":"info","event":"ETL function imported succesfully!","logger":"unusual_prefix_377e48747e3957bb035dd88b74b86ec1d0ec8c25_stocks_etl_dag","filename":"stocks_etl_dag.py","lineno":32}
{"timestamp":"2026-08-19T04:53:14.655118Z","level":"info","event":"DAG loaded sucessfully!","logger":"unusual_prefix_377e48747e3957bb035dd88b74b86ec1d0ec8c25_stocks_etl_dag","filename":"stocks_etl_dag.py","lineno":103}
{"timestamp":"2026-08-19T04:53:44.851748Z","level":"info","event":"Filling up the DagBag from /opt/airflow/dags/stocks_etl_dag.py","logger":"airflow.dag_processing.dagbag.BundleDagBag","filename":"dagbag.py","lineno":460}
{"timestamp":"2026-08-19T04:53:45.095884Z","level":"info","event":"Pyspark imported, version: 3.5.2","logger":"unusual_prefix_377e48747e3957bb035dd88b74b86ec1d0ec8c25_stocks_etl_dag","filename":"stocks_etl_dag.py","lineno":24}
{"timestamp":"2026-08-19T04:53:46.120948Z","level":"info","event":"ETL function imported succesfully!","logger":"unusual_prefix_377e48747e3957bb035dd88b74b86ec1d0ec8c25_stocks_etl_dag","filename":"stocks_etl_dag.py","lineno":32}
{"timestamp":"2026-08-19T04:53:46.125927Z","level":"info","event":"DAG loaded sucessfully!","logger":"unusual_prefix_377e48747e3957bb035dd88b74b86ec1d0ec8c25_stocks_etl_dag","filename":"stocks_etl_dag.py","lineno":103}
{"timestamp":"2026-08-19T04:54:16.821790Z","level":"info","event":"Filling up the DagBag from /opt/airflow/dags/stocks_etl_dag.py","logger":"airflow.dag_processing.dagbag.BundleDagBag","filename":"dagbag.py","lineno":460}
{"timestamp":"2026-08-19T04:54:17.194023Z","level":"info","event":"Pyspark imported, version: 3.5.2","logger":"unusual_prefix_377e48747e3957bb035dd88b74b86ec1d0ec8c25_stocks_etl_dag","filename":"stocks_etl_dag.py","lineno":24}
{"timestamp":"2026-08-19T04:54:18.478893Z","level":"info","event":"ETL function imported succesfully!","logger":"unusual_prefix_377e48747e3957bb035dd88b74b86ec1d0ec8c25_stocks_etl_dag","filename":"stocks_etl_dag.py","lineno":32}
{"timestamp":"2026-08-19T04:54:18.486227Z","level":"info","event":"DAG loaded sucessfully!","logger":"unusual_prefix_377e48747e3957bb035dd88b74b86ec1d0ec8c25_stocks_etl_dag","filename":"stocks_etl_dag.py","lineno":103}
{"timestamp":"2026-08-19T04:54:49.112618Z","level":"info","event":"Filling up the DagBag from /opt/airflow/dags/stocks_etl_dag.py","logger":"airflow.dag_processing.dagbag.BundleDagBag","filename":"dagbag.py","lineno":460}
{"timestamp":"2026-08-19T04:54:49.538717Z","level":"info","event":"Pyspark imported, version: 3.5.2","logger":"unusual_prefix_377e48747e3957bb035dd88b74b86ec1d0ec8c25_stocks_etl_dag","filename":"stocks_etl_dag.py","lineno":24}
{"timestamp":"2026-08-19T04:54:51.366205Z","level":"info","event":"ETL function imported succesfully!","logger":"unusual_prefix_377e48747e3957bb035dd88b74b86ec1d0ec8c25_stocks_etl_dag","filename":"stocks_etl_dag.py","lineno":32}
{"timestamp":"2026-08-19T04:54:51.376633Z","level":"info","event":"DAG loaded sucessfully!","logger":"unusual_prefix_377e48747e3957bb035dd88b74b86ec1d0ec8c25_stocks_etl_dag","filename":"stocks_etl_dag.py","lineno":103}
{"timestamp":"2026-08-19T04:55:21.876833Z","level":"info","event":"Filling up the DagBag from /opt/airflow/dags/stocks_etl_dag.py","logger":"airflow.dag_processing.dagbag.BundleDagBag","filename":"dagbag.py","lineno":460}
{"timestamp":"2026-08-19T04:55:22.120183Z","level":"info","event":"Pyspark imported, version: 3.5.2","logger":"unusual_prefix_377e48747e3957bb035dd88b74b86ec1d0ec8c25_stocks_etl_dag","filename":"stocks_etl_dag.py","lineno":24}
{"timestamp":"2026-08-19T04:55:23.472145Z","level":"info","event":"ETL function imported succesfully!","logger":"unusual_prefix_377e48747e3957bb035dd88b74b86ec1d0ec8c25_stocks_etl_dag","filename":"stocks_etl_dag.py","lineno":32}
{"timestamp":"2026-08-19T04:55:23.478623Z","level":"info","event":"DAG loaded sucessfully!","logger":"unusual_prefix_377e48747e3957bb035dd88b74b86ec1d0ec8c25_stocks_etl_dag","filename":"stocks_etl_dag.py","lineno":103}
{"timestamp":"2026-08-19T04:55:53.950631Z","level":"info","event":"Filling up the DagBag from /opt/airflow/dags/stocks_etl_dag.py","logger":"airflow.dag_processing.dagbag.BundleDagBag","filename":"dagbag.py","lineno":460}
{"timestamp":"2026-08-19T04:55:54.099621Z","level":"info","event":"Pyspark imported, version: 3.5.2","logger":"unusual_prefix_377e48747e3957bb035dd88b74b86ec1d0ec8c25_stocks_etl_dag","filename":"stocks_etl_dag.py","lineno":24}
{"timestamp":"2026-08-19T04:55:55.037459Z","level":"info","event":"ETL function imported succesfully!","logger":"unusual_prefix_377e48747e3957bb035dd88b74b86ec1d0ec8c25_stocks_etl_dag","filename":"stocks_etl_dag.py","lineno":32}
{"timestamp":"2026-08-19T04:55:55.043488Z","level":"info","event":"DAG loaded sucessfully!","logger":"unusual_prefix_377e48747e3957bb035dd88b74b86ec1d0ec8c25_stocks_etl_dag","filename":"stocks_etl_dag.py","lineno":103}
{"timestamp":"2026-08-19T04:56:25.524120Z","level":"info","event":"Filling up the DagBag from /opt/airflow/dags/stocks_etl_dag.py","logger":"airflow.dag_processing.dagbag.BundleDagBag","filename":"dagbag.py","lineno":460}
{"timestamp":"2026-08-19T04:56:25.678692Z","level":"info","event":"Pyspark imported, version: 3.5.2","logger":"unusual_prefix_377e48747e3957bb035dd88b74b86ec1d0ec8c25_stocks_etl_dag","filename":"stocks_etl_dag.py","lineno":24}
{"timestamp":"2026-08-19T04:56:26.424504Z","level":"info","event":"ETL function imported succesfully!","logger":"unusual_prefix_377e48747e3957bb035dd88b74b86ec1d0ec8c25_stocks_etl_dag","filename":"stocks_etl_dag.py","lineno":32}
{"timestamp":"2026-08-19T04:56:26.428173Z","level":"info","event":"DAG loaded sucessfully!","logger":"unusual_prefix_377e48747e3957bb035dd88b74b86ec1d0ec8c25_stocks_etl_dag","filename":"stocks_etl_dag.py","lineno":103}
{"timestamp":"2026-08-19T04:56:56.873814Z","level":"info","event":"Filling up the DagBag from /opt/airflow/dags/stocks_etl_dag.py","logger":"airflow.dag_processing.dagbag.BundleDagBag","filename":"dagbag.py","lineno":460}
{"timestamp":"2026-08-19T04:56:57.022557Z","level":"info","event":"Pyspark imported, version: 3.5.2","logger":"unusual_prefix_377e48747e3957bb035dd88b74b86ec1d0ec8c25_stocks_etl_dag","filename":"stocks_etl_dag.py","lineno":24}
{"timestamp":"2026-08-19T04:56:57.764755Z","level":"info","event":"ETL function imported succesfully!","logger":"unusual_prefix_377e48747e3957bb035dd88b74b86ec1d0ec8c25_stocks_etl_dag","filename":"stocks_etl_dag.py","lineno":32}
{"timestamp":"2026-08-19T04:56:57.769454Z","level":"info","event":"DAG loaded sucessfully!","logger":"unusual_prefix_377e48747e3957bb035dd88b74b86ec1d0ec8c25_stocks_etl_dag","filename":"stocks_etl_dag.py","lineno":103}
{"timestamp":"2026-08-19T04:57:28.238417Z","level":"info","event":"Filling up the DagBag from /opt/airflow/dags/stocks_etl_dag.py","logger":"airflow.dag_processing.dagbag.BundleDagBag","filename":"dagbag.py","lineno":460}
{"timestamp":"2026-08-19T04:57:28.527101Z","level":"info","event":"Pyspark imported, version: 3.5.2","logger":"unusual_prefix_377e48747e3957bb035dd88b74b86ec1d0ec8c25_stocks_etl_dag","filename":"stocks_etl_dag.py","lineno":24}
{"timestamp":"2026-08-19T04:57:29.397318Z","level":"info","event":"ETL function imported succesfully!","logger":"unusual_prefix_377e48747e3957bb035dd88b74b86ec1d0ec8c25_stocks_etl_dag","filename":"stocks_etl_dag.py","lineno":32}
{"timestamp":"2026-08-19T04:57:29.401882Z","level":"info","event":"DAG loaded sucessfully!","logger":"unusual_prefix_377e48747e3957bb035dd88b74b86ec1d0ec8c25_stocks_etl_dag","filename":"stocks_etl_dag.py","lineno":103}
{"timestamp":"2026-08-19T04:57:59.919430Z","level":"info","event":"Filling up the DagBag from /opt/airflow/dags/stocks_etl_dag.py","logger":"airflow.dag_processing.dagbag.BundleDagBag","filename":"dagbag.py","lineno":460}
{"timestamp":"2026-08-19T04:58:00.412355Z","level":"info","event":"Pyspark imported, version: 3.5.2","logger":"unusual_prefix_377e48747e3957bb035dd88b74b86ec1d0ec8c25_stocks_etl_dag","filename":"stocks_etl_dag.py","lineno":24}
{"timestamp":"2026-08-19T04:58:02.427905Z","level":"info","event":"ETL function imported succesfully!","logger":"unusual_prefix_377e48747e3957bb035dd88b74b86ec1d0ec8c25_stocks_etl_dag","filename":"stocks_etl_dag.py","lineno":32}
{"timestamp":"2026-08-19T04:58:02.435708Z","level":"info","event":"DAG loaded sucessfully!","logger":"unusual_prefix_377e48747e3957bb035dd88b74b86ec1d0ec8c25_stocks_etl_dag","filename":"stocks_etl_dag.py","lineno":103}
{"timestamp":"2026-08-19T04:58:32.932729Z","level":"info","event":"Filling up the DagBag from /opt/airflow/dags/stocks_etl_dag.py","logger":"airflow.dag_processing.dagbag.BundleDagBag","filename":"dagbag.py","lineno":460}
{"timestamp":"2026-08-19T04:58:33.085770Z","level":"info","event":"Pyspark imported, version: 3.5.2","logger":"unusual_prefix_377e48747e3957bb035dd88b74b86ec1d0ec8c25_stocks_etl_dag","filename":"stocks_etl_dag.py","lineno":24}
{"timestamp":"2026-08-19T04:58:33.806042Z","level":"info","event":"ETL function imported succesfully!","logger":"unusual_prefix_377e48747e3957bb035dd88b74b86ec1d0ec8c25_stocks_etl_dag","filename":"stocks_etl_dag.py","lineno":32}
{"timestamp":"2026-08-19T04:58:33.809532Z","level":"info","event":"DAG loaded sucessfully!","logger":"unusual_prefix_377e48747e3957bb035dd88b74b86ec1d0ec8c25_stocks_etl_dag","filename":"stocks_etl_dag.py","lineno":103}
{"timestamp":"2026-08-19T04:59:04.286026Z","level":"info","event":"Filling up the DagBag from /opt/airflow/dags/stocks_etl_dag.py","logger":"airflow.dag_processing.dagbag.BundleDagBag","filename":"dagbag.py","lineno":460}
{"timestamp":"2026-08-19T04:59:04.477104Z","level":"info","event":"Pyspark imported, version: 3.5.2","logger":"unusual_prefix_377e48747e3957bb035dd88b74b86ec1d0ec8c25_stocks_etl_dag","filename":"stocks_etl_dag.py","lineno":24}
{"timestamp":"2026-08-19T04:59:05.194655Z","level":"info","event":"ETL function imported succesfully!","logger":"unusual_prefix_377e48747e3957bb035dd88b74b86ec1d0ec8c25_stocks_etl_dag","filename":"stocks_etl_dag.py","lineno":32}
{"timestamp":"2026-08-19T04:59:05.199284Z","level":"info","event":"DAG loaded sucessfully!","logger":"unusual_prefix_377e48747e3957bb035dd88b74b86ec1d0ec8c25_stocks_etl_dag","filename":"stocks_etl_dag.py","lineno":103}
{"timestamp":"2026-08-19T04:59:35.707395Z","level":"info","event":"Filling up the DagBag from /opt/airflow/dags/stocks_etl_dag.py","logger":"airflow.dag_processing.dagbag.BundleDagBag","filename":"dagbag.py","lineno":460}
{"timestamp":"2026-08-19T04:59:36.047898Z","level":"info","event":"Pyspark imported, version: 3.5.2","logger":"unusual_prefix_377e48747e3957bb035dd88b74b86ec1d0ec8c25_stocks_etl_dag","filename":"stocks_etl_dag.py","lineno":24}
{"timestamp":"2026-08-19T04:59:37.412213Z","level":"info","event":"ETL function imported succesfully!","logger":"unusual_prefix_377e48747e3957bb035dd88b74b86ec1d0ec8c25_stocks_etl_dag","filename":"stocks_etl_dag.py","lineno":32}
{"timestamp":"2026-08-19T04:59:37.419993Z","level":"info","event":"DAG loaded sucessfully!","logger":"unusual_prefix_377e48747e3957bb035dd88b74b86ec1d0ec8c25_stocks_etl_dag","filename":"stocks_etl_dag.py","lineno":103}
{"timestamp":"2026-08-19T05:00:08.101504Z","level":"info","event":"Filling up the DagBag from /opt/airflow/dags/stocks_etl_dag.py","logger":"airflow.dag_processing.dagbag.BundleDagBag","filename":"dagbag.py","lineno":460}
{"timestamp":"2026-08-19T05:00:08.353681Z","level":"info","event":"Pyspark imported, version: 3.5.2","logger":"unusual_prefix_377e48747e3957bb035dd88b74b86ec1d0ec8c25_stocks_etl_dag","filename":"stocks_etl_dag.py","lineno":24}
{"timestamp":"2026-08-19T05:00:09.753097Z","level":"info","event":"ETL function imported succesfully!","logger":"unusual_prefix_377e48747e3957bb035dd88b74b86ec1d0ec8c25_stocks_etl_dag","filename":"stocks_etl_dag.py","lineno":32}
{"timestamp":"2026-08-19T05:00:09.761586Z","level":"info","event":"DAG loaded sucessfully!","logger":"unusual_prefix_377e48747e3957bb035dd88b74b86ec1d0ec8c25_stocks_etl_dag","filename":"stocks_etl_dag.py","lineno":103}
{"timestamp":"2026-08-19T05:00:40.414170Z","level":"info","event":"Filling up the DagBag from /opt/airflow/dags/stocks_etl_dag.py","logger":"airflow.dag_processing.dagbag.BundleDagBag","filename":"dagbag.py","lineno":460}
{"timestamp":"2026-08-19T05:00:40.762971Z","level":"info","event":"Pyspark imported, version: 3.5.2","logger":"unusual_prefix_377e48747e3957bb035dd88b74b86ec1d0ec8c25_stocks_etl_dag","filename":"stocks_etl_dag.py","lineno":24}
{"timestamp":"2026-08-19T05:00:41.989795Z","level":"info","event":"ETL function imported succesfully!","logger":"unusual_prefix_377e48747e3957bb035dd88b74b86ec1d0ec8c25_stocks_etl_dag","filename":"stocks_etl_dag.py","lineno":32}
{"timestamp":"2026-08-19T05:00:41.997131Z","level":"info","event":"DAG loaded sucessfully!","logger":"unusual_prefix_377e48747e3957bb035dd88b74b86ec1d0ec8c25_stocks_etl_dag","filename":"stocks_etl_dag.py","lineno":103}
{"timestamp":"2026-08-19T05:01:12.454080Z","level":"info","event":"Filling up the DagBag from /opt/airflow/dags/stocks_etl_dag.py","logger":"airflow.dag_processing.dagbag.BundleDagBag","filename":"dagbag.py","lineno":460}
{"timestamp":"2026-08-19T05:01:12.751022Z","level":"info","event":"Pyspark imported, version: 3.5.2","logger":"unusual_prefix_377e48747e3957bb035dd88b74b86ec1d0ec8c25_stocks_etl_dag","filename":"stocks_etl_dag.py","lineno":24}
{"timestamp":"2026-08-19T05:01:13.930605Z","level":"info","event":"ETL function imported succesfully!","logger":"unusual_prefix_377e48747e3957bb035dd88b74b86ec1d0ec8c25_stocks_etl_dag","filename":"stocks_etl_dag.py","lineno":32}
{"timestamp":"2026-08-19T05:01:13.936791Z","level":"info","event":"DAG loaded sucessfully!","logger":"unusual_prefix_377e48747e3957bb035dd88b74b86ec1d0ec8c25_stocks_etl_dag","filename":"stocks_etl_dag.py","lineno":103}
{"timestamp":"2026-08-19T05:01:44.369138Z","level":"info","event":"Filling up the DagBag from /opt/airflow/dags/stocks_etl_dag.py","logger":"airflow.dag_processing.dagbag.BundleDagBag","filename":"dagbag.py","lineno":460}
{"timestamp":"2026-08-19T05:01:44.591550Z","level":"info","event":"Pyspark imported, version: 3.5.2","logger":"unusual_prefix_377e48747e3957bb035dd88b74b86ec1d0ec8c25_stocks_etl_dag","filename":"stocks_etl_dag.py","lineno":24}
{"timestamp":"2026-08-19T05:01:45.636457Z","level":"info","event":"ETL function imported succesfully!","logger":"unusual_prefix_377e48747e3957bb035dd88b74b86ec1d0ec8c25_stocks_etl_dag","filename":"stocks_etl_dag.py","lineno":32}
{"timestamp":"2026-08-19T05:01:45.642200Z","level":"info","event":"DAG loaded sucessfully!","logger":"unusual_prefix_377e48747e3957bb035dd88b74b86ec1d0ec8c25_stocks_etl_dag","filename":"stocks_etl_dag.py","lineno":103}
{"timestamp":"2026-08-19T05:02:16.147205Z","level":"info","event":"Filling up the DagBag from /opt/airflow/dags/stocks_etl_dag.py","logger":"airflow.dag_processing.dagbag.BundleDagBag","filename":"dagbag.py","lineno":460}
{"timestamp":"2026-08-19T05:02:16.290230Z","level":"info","event":"Pyspark imported, version: 3.5.2","logger":"unusual_prefix_377e48747e3957bb035dd88b74b86ec1d0ec8c25_stocks_etl_dag","filename":"stocks_etl_dag.py","lineno":24}
{"timestamp":"2026-08-19T05:02:16.942751Z","level":"info","event":"ETL function imported succesfully!","logger":"unusual_prefix_377e48747e3957bb035dd88b74b86ec1d0ec8c25_stocks_etl_dag","filename":"stocks_etl_dag.py","lineno":32}
{"timestamp":"2026-08-19T05:02:16.946402Z","level":"info","event":"DAG loaded sucessfully!","logger":"unusual_prefix_377e48747e3957bb035dd88b74b86ec1d0ec8c25_stocks_etl_dag","filename":"stocks_etl_dag.py","lineno":103}
{"timestamp":"2026-08-19T05:02:47.419642Z","level":"info","event":"Filling up the DagBag from /opt/airflow/dags/stocks_etl_dag.py","logger":"airflow.dag_processing.dagbag.BundleDagBag","filename":"dagbag.py","lineno":460}
{"timestamp":"2026-08-19T05:02:47.559310Z","level":"info","event":"Pyspark imported, version: 3.5.2","logger":"unusual_prefix_377e48747e3957bb035dd88b74b86ec1d0ec8c25_stocks_etl_dag","filename":"stocks_etl_dag.py","lineno":24}
{"timestamp":"2026-08-19T05:02:48.310383Z","level":"info","event":"ETL function imported succesfully!","logger":"unusual_prefix_377e48747e3957bb035dd88b74b86ec1d0ec8c25_stocks_etl_dag","filename":"stocks_etl_dag.py","lineno":32}
{"timestamp":"2026-08-19T05:02:48.315103Z","level":"info","event":"DAG loaded sucessfully!","logger":"unusual_prefix_377e48747e3957bb035dd88b74b86ec1d0ec8c25_stocks_etl_dag","filename":"stocks_etl_dag.py","lineno":103}
{"timestamp":"2026-08-19T05:03:18.731577Z","level":"info","event":"Filling up the DagBag from /opt/airflow/dags/stocks_etl_dag.py","logger":"airflow.dag_processing.dagbag.BundleDagBag","filename":"dagbag.py","lineno":460}
{"timestamp":"2026-08-19T05:03:19.003989Z","level":"info","event":"Pyspark imported, version: 3.5.2","logger":"unusual_prefix_377e48747e3957bb035dd88b74b86ec1d0ec8c25_stocks_etl_dag","filename":"stocks_etl_dag.py","lineno":24}
{"timestamp":"2026-08-19T05:03:19.874769Z","level":"info","event":"ETL function imported succesfully!","logger":"unusual_prefix_377e48747e3957bb035dd88b74b86ec1d0ec8c25_stocks_etl_dag","filename":"stocks_etl_dag.py","lineno":32}
{"timestamp":"2026-08-19T05:03:19.880198Z","level":"info","event":"DAG loaded sucessfully!","logger":"unusual_prefix_377e48747e3957bb035dd88b74b86ec1d0ec8c25_stocks_etl_dag","filename":"stocks_etl_dag.py","lineno":103}
{"timestamp":"2026-08-19T05:03:50.309303Z","level":"info","event":"Filling up the DagBag from /opt/airflow/dags/stocks_etl_dag.py","logger":"airflow.dag_processing.dagbag.BundleDagBag","filename":"dagbag.py","lineno":460}
{"timestamp":"2026-08-19T05:03:50.462666Z","level":"info","event":"Pyspark imported, version: 3.5.2","logger":"unusual_prefix_377e48747e3957bb035dd88b74b86ec1d0ec8c25_stocks_etl_dag","filename":"stocks_etl_dag.py","lineno":24}
{"timestamp":"2026-08-19T05:03:51.218608Z","level":"info","event":"ETL function imported succesfully!","logger":"unusual_prefix_377e48747e3957bb035dd88b74b86ec1d0ec8c25_stocks_etl_dag","filename":"stocks_etl_dag.py","lineno":32}
{"timestamp":"2026-08-19T05:03:51.225625Z","level":"info","event":"DAG loaded sucessfully!","logger":"unusual_prefix_377e48747e3957bb035dd88b74b86ec1d0ec8c25_stocks_etl_dag","filename":"stocks_etl_dag.py","lineno":103}
{"timestamp":"2026-08-19T05:04:21.730336Z","level":"info","event":"Filling up the DagBag from /opt/airflow/dags/stocks_etl_dag.py","logger":"airflow.dag_processing.dagbag.BundleDagBag","filename":"dagbag.py","lineno":460}
{"timestamp":"2026-08-19T05:04:21.880345Z","level":"info","event":"Pyspark imported, version: 3.5.2","logger":"unusual_prefix_377e48747e3957bb035dd88b74b86ec1d0ec8c25_stocks_etl_dag","filename":"stocks_etl_dag.py","lineno":24}
{"timestamp":"2026-08-19T05:04:22.582594Z","level":"info","event":"ETL function imported succesfully!","logger":"unusual_prefix_377e48747e3957bb035dd88b74b86ec1d0ec8c25_stocks_etl_dag","filename":"stocks_etl_dag.py","lineno":32}
{"timestamp":"2026-08-19T05:04:22.586338Z","level":"info","event":"DAG loaded sucessfully!","logger":"unusual_prefix_377e48747e3957bb035dd88b74b86ec1d0ec8c25_stocks_etl_dag","filename":"stocks_etl_dag.py","lineno":103}
{"timestamp":"2026-08-19T05:04:53.110334Z","level":"info","event":"Filling up the DagBag from /opt/airflow/dags/stocks_etl_dag.py","logger":"airflow.dag_processing.dagbag.BundleDagBag","filename":"dagbag.py","lineno":460}
{"timestamp":"2026-08-19T05:04:53.253256Z","level":"info","event":"Pyspark imported, version: 3.5.2","logger":"unusual_prefix_377e48747e3957bb035dd88b74b86ec1d0ec8c25_stocks_etl_dag","filename":"stocks_etl_dag.py","lineno":24}
{"timestamp":"2026-08-19T05:04:54.013524Z","level":"info","event":"ETL function imported succesfully!","logger":"unusual_prefix_377e48747e3957bb035dd88b74b86ec1d0ec8c25_stocks_etl_dag","filename":"stocks_etl_dag.py","lineno":32}
{"timestamp":"2026-08-19T05:04:54.017294Z","level":"info","event":"DAG loaded sucessfully!","logger":"unusual_prefix_377e48747e3957bb035dd88b74b86ec1d0ec8c25_stocks_etl_dag","filename":"stocks_etl_dag.py","lineno":103}
{"timestamp":"2026-08-19T05:05:24.545877Z","level":"info","event":"Filling up the DagBag from /opt/airflow/dags/stocks_etl_dag.py","logger":"airflow.dag_processing.dagbag.BundleDagBag","filename":"dagbag.py","lineno":460}
{"timestamp":"2026-08-19T05:05:24.751909Z","level":"info","event":"Pyspark imported, version: 3.5.2","logger":"unusual_prefix_377e48747e3957bb035dd88b74b86ec1d0ec8c25_stocks_etl_dag","filename":"stocks_etl_dag.py","lineno":24}
{"timestamp":"2026-08-19T05:05:25.975631Z","level":"info","event":"ETL function imported succesfully!","logger":"unusual_prefix_377e48747e3957bb035dd88b74b86ec1d0ec8c25_stocks_etl_dag","filename":"stocks_etl_dag.py","lineno":32}
{"timestamp":"2026-08-19T05:05:25.991082Z","level":"info","event":"DAG loaded sucessfully!","logger":"unusual_prefix_377e48747e3957bb035dd88b74b86ec1d0ec8c25_stocks_etl_dag","filename":"stocks_etl_dag.py","lineno":103}
{"timestamp":"2026-08-19T05:05:56.528632Z","level":"info","event":"Filling up the DagBag from /opt/airflow/dags/stocks_etl_dag.py","logger":"airflow.dag_processing.dagbag.BundleDagBag","filename":"dagbag.py","lineno":460}
{"timestamp":"2026-08-19T05:05:56.872167Z","level":"info","event":"Pyspark imported, version: 3.5.2","logger":"unusual_prefix_377e48747e3957bb035dd88b74b86ec1d0ec8c25_stocks_etl_dag","filename":"stocks_etl_dag.py","lineno":24}
{"timestamp":"2026-08-19T05:05:58.541637Z","level":"info","event":"ETL function imported succesfully!","logger":"unusual_prefix_377e48747e3957bb035dd88b74b86ec1d0ec8c25_stocks_etl_dag","filename":"stocks_etl_dag.py","lineno":32}
{"timestamp":"2026-08-19T05:05:58.548997Z","level":"info","event":"DAG loaded sucessfully!","logger":"unusual_prefix_377e48747e3957bb035dd88b74b86ec1d0ec8c25_stocks_etl_dag","filename":"stocks_etl_dag.py","lineno":103}
{"timestamp":"2026-08-19T05:06:29.018479Z","level":"info","event":"Filling up the DagBag from /opt/airflow/dags/stocks_etl_dag.py","logger":"airflow.dag_processing.dagbag.BundleDagBag","filename":"dagbag.py","lineno":460}
{"timestamp":"2026-08-19T05:06:29.282066Z","level":"info","event":"Pyspark imported, version: 3.5.2","logger":"unusual_prefix_377e48747e3957bb035dd88b74b86ec1d0ec8c25_stocks_etl_dag","filename":"stocks_etl_dag.py","lineno":24}
{"timestamp":"2026-08-19T05:06:30.345171Z","level":"info","event":"ETL function imported succesfully!","logger":"unusual_prefix_377e48747e3957bb035dd88b74b86ec1d0ec8c25_stocks_etl_dag","filename":"stocks_etl_dag.py","lineno":32}
{"timestamp":"2026-08-19T05:06:30.353792Z","level":"info","event":"DAG loaded sucessfully!","logger":"unusual_prefix_377e48747e3957bb035dd88b74b86ec1d0ec8c25_stocks_etl_dag","filename":"stocks_etl_dag.py","lineno":103}
{"timestamp":"2026-08-19T05:07:00.931203Z","level":"info","event":"Filling up the DagBag from /opt/airflow/dags/stocks_etl_dag.py","logger":"airflow.dag_processing.dagbag.BundleDagBag","filename":"dagbag.py","lineno":460}
{"timestamp":"2026-08-19T05:07:01.173843Z","level":"info","event":"Pyspark imported, version: 3.5.2","logger":"unusual_prefix_377e48747e3957bb035dd88b74b86ec1d0ec8c25_stocks_etl_dag","filename":"stocks_etl_dag.py","lineno":24}
{"timestamp":"2026-08-19T05:07:02.213835Z","level":"info","event":"ETL function imported succesfully!","logger":"unusual_prefix_377e48747e3957bb035dd88b74b86ec1d0ec8c25_stocks_etl_dag","filename":"stocks_etl_dag.py","lineno":32}
{"timestamp":"2026-08-19T05:07:02.220961Z","level":"info","event":"DAG loaded sucessfully!","logger":"unusual_prefix_377e48747e3957bb035dd88b74b86ec1d0ec8c25_stocks_etl_dag","filename":"stocks_etl_dag.py","lineno":103}
{"timestamp":"2026-08-19T05:07:32.701812Z","level":"info","event":"Filling up the DagBag from /opt/airflow/dags/stocks_etl_dag.py","logger":"airflow.dag_processing.dagbag.BundleDagBag","filename":"dagbag.py","lineno":460}
{"timestamp":"2026-08-19T05:07:32.847721Z","level":"info","event":"Pyspark imported, version: 3.5.2","logger":"unusual_prefix_377e48747e3957bb035dd88b74b86ec1d0ec8c25_stocks_etl_dag","filename":"stocks_etl_dag.py","lineno":24}
{"timestamp":"2026-08-19T05:07:33.579536Z","level":"info","event":"ETL function imported succesfully!","logger":"unusual_prefix_377e48747e3957bb035dd88b74b86ec1d0ec8c25_stocks_etl_dag","filename":"stocks_etl_dag.py","lineno":32}
{"timestamp":"2026-08-19T05:07:33.584043Z","level":"info","event":"DAG loaded sucessfully!","logger":"unusual_prefix_377e48747e3957bb035dd88b74b86ec1d0ec8c25_stocks_etl_dag","filename":"stocks_etl_dag.py","lineno":103}
{"timestamp":"2026-08-19T05:08:04.016607Z","level":"info","event":"Filling up the DagBag from /opt/airflow/dags/stocks_etl_dag.py","logger":"airflow.dag_processing.dagbag.BundleDagBag","filename":"dagbag.py","lineno":460}
{"timestamp":"2026-08-19T05:08:04.184065Z","level":"info","event":"Pyspark imported, version: 3.5.2","logger":"unusual_prefix_377e48747e3957bb035dd88b74b86ec1d0ec8c25_stocks_etl_dag","filename":"stocks_etl_dag.py","lineno":24}
{"timestamp":"2026-08-19T05:08:05.043020Z","level":"info","event":"ETL function imported succesfully!","logger":"unusual_prefix_377e48747e3957bb035dd88b74b86ec1d0ec8c25_stocks_etl_dag","filename":"stocks_etl_dag.py","lineno":32}
{"timestamp":"2026-08-19T05:08:05.049637Z","level":"info","event":"DAG loaded sucessfully!","logger":"unusual_prefix_377e48747e3957bb035dd88b74b86ec1d0ec8c25_stocks_etl_dag","filename":"stocks_etl_dag.py","lineno":103}
{"timestamp":"2026-08-19T05:08:35.562621Z","level":"info","event":"Filling up the DagBag from /opt/airflow/dags/stocks_etl_dag.py","logger":"airflow.dag_processing.dagbag.BundleDagBag","filename":"dagbag.py","lineno":460}
{"timestamp":"2026-08-19T05:08:35.789465Z","level":"info","event":"Pyspark imported, version: 3.5.2","logger":"unusual_prefix_377e48747e3957bb035dd88b74b86ec1d0ec8c25_stocks_etl_dag","filename":"stocks_etl_dag.py","lineno":24}
{"timestamp":"2026-08-19T05:08:36.647539Z","level":"info","event":"ETL function imported succesfully!","logger":"unusual_prefix_377e48747e3957bb035dd88b74b86ec1d0ec8c25_stocks_etl_dag","filename":"stocks_etl_dag.py","lineno":32}
{"timestamp":"2026-08-19T05:08:36.653754Z","level":"info","event":"DAG loaded sucessfully!","logger":"unusual_prefix_377e48747e3957bb035dd88b74b86ec1d0ec8c25_stocks_etl_dag","filename":"stocks_etl_dag.py","lineno":103}
{"timestamp":"2026-08-19T05:09:07.133645Z","level":"info","event":"Filling up the DagBag from /opt/airflow/dags/stocks_etl_dag.py","logger":"airflow.dag_processing.dagbag.BundleDagBag","filename":"dagbag.py","lineno":460}
{"timestamp":"2026-08-19T05:09:07.268760Z","level":"info","event":"Pyspark imported, version: 3.5.2","logger":"unusual_prefix_377e48747e3957bb035dd88b74b86ec1d0ec8c25_stocks_etl_dag","filename":"stocks_etl_dag.py","lineno":24}
{"timestamp":"2026-08-19T05:09:07.987992Z","level":"info","event":"ETL function imported succesfully!","logger":"unusual_prefix_377e48747e3957bb035dd88b74b86ec1d0ec8c25_stocks_etl_dag","filename":"stocks_etl_dag.py","lineno":32}
{"timestamp":"2026-08-19T05:09:07.992396Z","level":"info","event":"DAG loaded sucessfully!","logger":"unusual_prefix_377e48747e3957bb035dd88b74b86ec1d0ec8c25_stocks_etl_dag","filename":"stocks_etl_dag.py","lineno":103}
{"timestamp":"2026-08-19T05:09:38.544819Z","level":"info","event":"Filling up the DagBag from /opt/airflow/dags/stocks_etl_dag.py","logger":"airflow.dag_processing.dagbag.BundleDagBag","filename":"dagbag.py","lineno":460}
{"timestamp":"2026-08-19T05:09:38.775440Z","level":"info","event":"Pyspark imported, version: 3.5.2","logger":"unusual_prefix_377e48747e3957bb035dd88b74b86ec1d0ec8c25_stocks_etl_dag","filename":"stocks_etl_dag.py","lineno":24}
{"timestamp":"2026-08-19T05:09:40.025134Z","level":"info","event":"ETL function imported succesfully!","logger":"unusual_prefix_377e48747e3957bb035dd88b74b86ec1d0ec8c25_stocks_etl_dag","filename":"stocks_etl_dag.py","lineno":32}
{"timestamp":"2026-08-19T05:09:40.031328Z","level":"info","event":"DAG loaded sucessfully!","logger":"unusual_prefix_377e48747e3957bb035dd88b74b86ec1d0ec8c25_stocks_etl_dag","filename":"stocks_etl_dag.py","lineno":103}
{"timestamp":"2026-08-19T05:10:10.532881Z","level":"info","event":"Filling up the DagBag from /opt/airflow/dags/stocks_etl_dag.py","logger":"airflow.dag_processing.dagbag.BundleDagBag","filename":"dagbag.py","lineno":460}
{"timestamp":"2026-08-19T05:10:10.766266Z","level":"info","event":"Pyspark imported, version: 3.5.2","logger":"unusual_prefix_377e48747e3957bb035dd88b74b86ec1d0ec8c25_stocks_etl_dag","filename":"stocks_etl_dag.py","lineno":24}
{"timestamp":"2026-08-19T05:10:11.783198Z","level":"info","event":"ETL function imported succesfully!","logger":"unusual_prefix_377e48747e3957bb035dd88b74b86ec1d0ec8c25_stocks_etl_dag","filename":"stocks_etl_dag.py","lineno":32}
{"timestamp":"2026-08-19T05:10:11.788215Z","level":"info","event":"DAG loaded sucessfully!","logger":"unusual_prefix_377e48747e3957bb035dd88b74b86ec1d0ec8c25_stocks_etl_dag","filename":"stocks_etl_dag.py","lineno":103}
{"timestamp":"2026-08-19T05:10:42.209560Z","level":"info","event":"Filling up the DagBag from /opt/airflow/dags/stocks_etl_dag.py","logger":"airflow.dag_processing.dagbag.BundleDagBag","filename":"dagbag.py","lineno":460}
{"timestamp":"2026-08-19T05:10:42.502999Z","level":"info","event":"Pyspark imported, version: 3.5.2","logger":"unusual_prefix_377e48747e3957bb035dd88b74b86ec1d0ec8c25_stocks_etl_dag","filename":"stocks_etl_dag.py","lineno":24}
{"timestamp":"2026-08-19T05:10:43.485186Z","level":"info","event":"ETL function imported succesfully!","logger":"unusual_prefix_377e48747e3957bb035dd88b74b86ec1d0ec8c25_stocks_etl_dag","filename":"stocks_etl_dag.py","lineno":32}
{"timestamp":"2026-08-19T05:10:43.490911Z","level":"info","event":"DAG loaded sucessfully!","logger":"unusual_prefix_377e48747e3957bb035dd88b74b86ec1d0ec8c25_stocks_etl_dag","filename":"stocks_etl_dag.py","lineno":103}
{"timestamp":"2026-08-19T05:11:13.645396Z","level":"info","event":"Filling up the DagBag from /opt/airflow/dags/stocks_etl_dag.py","logger":"airflow.dag_processing.dagbag.BundleDagBag","filename":"dagbag.py","lineno":460}
{"timestamp":"2026-08-19T05:11:14.030052Z","level":"info","event":"Pyspark imported, version: 3.5.2","logger":"unusual_prefix_377e48747e3957bb035dd88b74b86ec1d0ec8c25_stocks_etl_dag","filename":"stocks_etl_dag.py","lineno":24}
{"timestamp":"2026-08-19T05:11:15.414252Z","level":"info","event":"ETL function imported succesfully!","logger":"unusual_prefix_377e48747e3957bb035dd88b74b86ec1d0ec8c25_stocks_etl_dag","filename":"stocks_etl_dag.py","lineno":32}
{"timestamp":"2026-08-19T05:11:15.426138Z","level":"info","event":"DAG loaded sucessfully!","logger":"unusual_prefix_377e48747e3957bb035dd88b74b86ec1d0ec8c25_stocks_etl_dag","filename":"stocks_etl_dag.py","lineno":103}
{"timestamp":"2026-08-19T05:11:45.773928Z","level":"info","event":"Filling up the DagBag from /opt/airflow/dags/stocks_etl_dag.py","logger":"airflow.dag_processing.dagbag.BundleDagBag","filename":"dagbag.py","lineno":460}
{"timestamp":"2026-08-19T05:11:46.216184Z","level":"info","event":"Pyspark imported, version: 3.5.2","logger":"unusual_prefix_377e48747e3957bb035dd88b74b86ec1d0ec8c25_stocks_etl_dag","filename":"stocks_etl_dag.py","lineno":24}
{"timestamp":"2026-08-19T05:11:47.983912Z","level":"info","event":"ETL function imported succesfully!","logger":"unusual_prefix_377e48747e3957bb035dd88b74b86ec1d0ec8c25_stocks_etl_dag","filename":"stocks_etl_dag.py","lineno":32}
{"timestamp":"2026-08-19T05:11:47.989612Z","level":"info","event":"DAG loaded sucessfully!","logger":"unusual_prefix_377e48747e3957bb035dd88b74b86ec1d0ec8c25_stocks_etl_dag","filename":"stocks_etl_dag.py","lineno":103}
{"timestamp":"2026-08-19T05:12:18.614549Z","level":"info","event":"Filling up the DagBag from /opt/airflow/dags/stocks_etl_dag.py","logger":"airflow.dag_processing.dagbag.BundleDagBag","filename":"dagbag.py","lineno":460}
{"timestamp":"2026-08-19T05:12:18.842665Z","level":"info","event":"Pyspark imported, version: 3.5.2","logger":"unusual_prefix_377e48747e3957bb035dd88b74b86ec1d0ec8c25_stocks_etl_dag","filename":"stocks_etl_dag.py","lineno":24}
{"timestamp":"2026-08-19T05:12:19.514638Z","level":"info","event":"ETL function imported succesfully!","logger":"unusual_prefix_377e48747e3957bb035dd88b74b86ec1d0ec8c25_stocks_etl_dag","filename":"stocks_etl_dag.py","lineno":32}
{"timestamp":"2026-08-19T05:12:19.519113Z","level":"info","event":"DAG loaded sucessfully!","logger":"unusual_prefix_377e48747e3957bb035dd88b74b86ec1d0ec8c25_stocks_etl_dag","filename":"stocks_etl_dag.py","lineno":103}
{"timestamp":"2026-08-19T05:12:50.077883Z","level":"info","event":"Filling up the DagBag from /opt/airflow/dags/stocks_etl_dag.py","logger":"airflow.dag_processing.dagbag.BundleDagBag","filename":"dagbag.py","lineno":460}
{"timestamp":"2026-08-19T05:12:50.439352Z","level":"info","event":"Pyspark imported, version: 3.5.2","logger":"unusual_prefix_377e48747e3957bb035dd88b74b86ec1d0ec8c25_stocks_etl_dag","filename":"stocks_etl_dag.py","lineno":24}
{"timestamp":"2026-08-19T05:12:51.360140Z","level":"info","event":"ETL function imported succesfully!","logger":"unusual_prefix_377e48747e3957bb035dd88b74b86ec1d0ec8c25_stocks_etl_dag","filename":"stocks_etl_dag.py","lineno":32}
{"timestamp":"2026-08-19T05:12:51.365606Z","level":"info","event":"DAG loaded sucessfully!","logger":"unusual_prefix_377e48747e3957bb035dd88b74b86ec1d0ec8c25_stocks_etl_dag","filename":"stocks_etl_dag.py","lineno":103}
{"timestamp":"2026-08-19T05:13:21.868500Z","level":"info","event":"Filling up the DagBag from /opt/airflow/dags/stocks_etl_dag.py","logger":"airflow.dag_processing.dagbag.BundleDagBag","filename":"dagbag.py","lineno":460}
{"timestamp":"2026-08-19T05:13:22.111235Z","level":"info","event":"Pyspark imported, version: 3.5.2","logger":"unusual_prefix_377e48747e3957bb035dd88b74b86ec1d0ec8c25_stocks_etl_dag","filename":"stocks_etl_dag.py","lineno":24}
{"timestamp":"2026-08-19T05:13:23.110849Z","level":"info","event":"ETL function imported succesfully!","logger":"unusual_prefix_377e48747e3957bb035dd88b74b86ec1d0ec8c25_stocks_etl_dag","filename":"stocks_etl_dag.py","lineno":32}
{"timestamp":"2026-08-19T05:13:23.119405Z","level":"info","event":"DAG loaded sucessfully!","logger":"unusual_prefix_377e48747e3957bb035dd88b74b86ec1d0ec8c25_stocks_etl_dag","filename":"stocks_etl_dag.py","lineno":103}
{"timestamp":"2026-08-19T05:13:53.668068Z","level":"info","event":"Filling up the DagBag from /opt/airflow/dags/stocks_etl_dag.py","logger":"airflow.dag_processing.dagbag.BundleDagBag","filename":"dagbag.py","lineno":460}
{"timestamp":"2026-08-19T05:13:53.880323Z","level":"info","event":"Pyspark imported, version: 3.5.2","logger":"unusual_prefix_377e48747e3957bb035dd88b74b86ec1d0ec8c25_stocks_etl_dag","filename":"stocks_etl_dag.py","lineno":24}
{"timestamp":"2026-08-19T05:13:54.530100Z","level":"info","event":"ETL function imported succesfully!","logger":"unusual_prefix_377e48747e3957bb035dd88b74b86ec1d0ec8c25_stocks_etl_dag","filename":"stocks_etl_dag.py","lineno":32}
{"timestamp":"2026-08-19T05:13:54.533561Z","level":"info","event":"DAG loaded sucessfully!","logger":"unusual_prefix_377e48747e3957bb035dd88b74b86ec1d0ec8c25_stocks_etl_dag","filename":"stocks_etl_dag.py","lineno":103}
{"timestamp":"2026-08-19T05:14:24.991206Z","level":"info","event":"Filling up the DagBag from /opt/airflow/dags/stocks_etl_dag.py","logger":"airflow.dag_processing.dagbag.BundleDagBag","filename":"dagbag.py","lineno":460}
{"timestamp":"2026-08-19T05:14:25.291272Z","level":"info","event":"Pyspark imported, version: 3.5.2","logger":"unusual_prefix_377e48747e3957bb035dd88b74b86ec1d0ec8c25_stocks_etl_dag","filename":"stocks_etl_dag.py","lineno":24}
{"timestamp":"2026-08-19T05:14:26.278630Z","level":"info","event":"ETL function imported succesfully!","logger":"unusual_prefix_377e48747e3957bb035dd88b74b86ec1d0ec8c25_stocks_etl_dag","filename":"stocks_etl_dag.py","lineno":32}
{"timestamp":"2026-08-19T05:14:26.285130Z","level":"info","event":"DAG loaded sucessfully!","logger":"unusual_prefix_377e48747e3957bb035dd88b74b86ec1d0ec8c25_stocks_etl_dag","filename":"stocks_etl_dag.py","lineno":103}
{"timestamp":"2026-08-19T05:14:56.764920Z","level":"info","event":"Filling up the DagBag from /opt/airflow/dags/stocks_etl_dag.py","logger":"airflow.dag_processing.dagbag.BundleDagBag","filename":"dagbag.py","lineno":460}
{"timestamp":"2026-08-19T05:14:57.124200Z","level":"info","event":"Pyspark imported, version: 3.5.2","logger":"unusual_prefix_377e48747e3957bb035dd88b74b86ec1d0ec8c25_stocks_etl_dag","filename":"stocks_etl_dag.py","lineno":24}
{"timestamp":"2026-08-19T05:14:58.172646Z","level":"info","event":"ETL function imported succesfully!","logger":"unusual_prefix_377e48747e3957bb035dd88b74b86ec1d0ec8c25_stocks_etl_dag","filename":"stocks_etl_dag.py","lineno":32}
{"timestamp":"2026-08-19T05:14:58.180569Z","level":"info","event":"DAG loaded sucessfully!","logger":"unusual_prefix_377e48747e3957bb035dd88b74b86ec1d0ec8c25_stocks_etl_dag","filename":"stocks_etl_dag.py","lineno":103}
{"timestamp":"2026-08-19T05:15:28.637018Z","level":"info","event":"Filling up the DagBag from /opt/airflow/dags/stocks_etl_dag.py","logger":"airflow.dag_processing.dagbag.BundleDagBag","filename":"dagbag.py","lineno":460}
{"timestamp":"2026-08-19T05:15:28.848445Z","level":"info","event":"Pyspark imported, version: 3.5.2","logger":"unusual_prefix_377e48747e3957bb035dd88b74b86ec1d0ec8c25_stocks_etl_dag","filename":"stocks_etl_dag.py","lineno":24}
{"timestamp":"2026-08-19T05:15:29.562459Z","level":"info","event":"ETL function imported succesfully!","logger":"unusual_prefix_377e48747e3957bb035dd88b74b86ec1d0ec8c25_stocks_etl_dag","filename":"stocks_etl_dag.py","lineno":32}
{"timestamp":"2026-08-19T05:15:29.568865Z","level":"info","event":"DAG loaded sucessfully!","logger":"unusual_prefix_377e48747e3957bb035dd88b74b86ec1d0ec8c25_stocks_etl_dag","filename":"stocks_etl_dag.py","lineno":103}
{"timestamp":"2026-08-19T05:16:00.023205Z","level":"info","event":"Filling up the DagBag from /opt/airflow/dags/stocks_etl_dag.py","logger":"airflow.dag_processing.dagbag.BundleDagBag","filename":"dagbag.py","lineno":460}
{"timestamp":"2026-08-19T05:16:00.416715Z","level":"info","event":"Pyspark imported, version: 3.5.2","logger":"unusual_prefix_377e48747e3957bb035dd88b74b86ec1d0ec8c25_stocks_etl_dag","filename":"stocks_etl_dag.py","lineno":24}
{"timestamp":"2026-08-19T05:16:01.592319Z","level":"info","event":"ETL function imported succesfully!","logger":"unusual_prefix_377e48747e3957bb035dd88b74b86ec1d0ec8c25_stocks_etl_dag","filename":"stocks_etl_dag.py","lineno":32}
{"timestamp":"2026-08-19T05:16:01.604404Z","level":"info","event":"DAG loaded sucessfully!","logger":"unusual_prefix_377e48747e3957bb035dd88b74b86ec1d0ec8c25_stocks_etl_dag","filename":"stocks_etl_dag.py","lineno":103}
{"timestamp":"2026-08-19T05:16:32.096234Z","level":"info","event":"Filling up the DagBag from /opt/airflow/dags/stocks_etl_dag.py","logger":"airflow.dag_processing.dagbag.BundleDagBag","filename":"dagbag.py","lineno":460}
{"timestamp":"2026-08-19T05:16:32.302630Z","level":"info","event":"Pyspark imported, version: 3.5.2","logger":"unusual_prefix_377e48747e3957bb035dd88b74b86ec1d0ec8c25_stocks_etl_dag","filename":"stocks_etl_dag.py","lineno":24}
{"timestamp":"2026-08-19T05:16:33.058332Z","level":"info","event":"ETL function imported succesfully!","logger":"unusual_prefix_377e48747e3957bb035dd88b74b86ec1d0ec8c25_stocks_etl_dag","filename":"stocks_etl_dag.py","lineno":32}
{"timestamp":"2026-08-19T05:16:33.063809Z","level":"info","event":"DAG loaded sucessfully!","logger":"unusual_prefix_377e48747e3957bb035dd88b74b86ec1d0ec8c25_stocks_etl_dag","filename":"stocks_etl_dag.py","lineno":103}
{"timestamp":"2026-08-19T05:17:03.472921Z","level":"info","event":"Filling up the DagBag from /opt/airflow/dags/stocks_etl_dag.py","logger":"airflow.dag_processing.dagbag.BundleDagBag","filename":"dagbag.py","lineno":460}
{"timestamp":"2026-08-19T05:17:03.634867Z","level":"info","event":"Pyspark imported, version: 3.5.2","logger":"unusual_prefix_377e48747e3957bb035dd88b74b86ec1d0ec8c25_stocks_etl_dag","filename":"stocks_etl_dag.py","lineno":24}
{"timestamp":"2026-08-19T05:17:04.565789Z","level":"info","event":"ETL function imported succesfully!","logger":"unusual_prefix_377e48747e3957bb035dd88b74b86ec1d0ec8c25_stocks_etl_dag","filename":"stocks_etl_dag.py","lineno":32}
{"timestamp":"2026-08-19T05:17:04.576021Z","level":"info","event":"DAG loaded sucessfully!","logger":"unusual_prefix_377e48747e3957bb035dd88b74b86ec1d0ec8c25_stocks_etl_dag","filename":"stocks_etl_dag.py","lineno":103}
{"timestamp":"2026-08-19T05:17:35.129793Z","level":"info","event":"Filling up the DagBag from /opt/airflow/dags/stocks_etl_dag.py","logger":"airflow.dag_processing.dagbag.BundleDagBag","filename":"dagbag.py","lineno":460}
{"timestamp":"2026-08-19T05:17:35.731149Z","level":"info","event":"Pyspark imported, version: 3.5.2","logger":"unusual_prefix_377e48747e3957bb035dd88b74b86ec1d0ec8c25_stocks_etl_dag","filename":"stocks_etl_dag.py","lineno":24}
{"timestamp":"2026-08-19T05:17:37.546395Z","level":"info","event":"ETL function imported succesfully!","logger":"unusual_prefix_377e48747e3957bb035dd88b74b86ec1d0ec8c25_stocks_etl_dag","filename":"stocks_etl_dag.py","lineno":32}
{"timestamp":"2026-08-19T05:17:37.555576Z","level":"info","event":"DAG loaded sucessfully!","logger":"unusual_prefix_377e48747e3957bb035dd88b74b86ec1d0ec8c25_stocks_etl_dag","filename":"stocks_etl_dag.py","lineno":103}
{"timestamp":"2026-08-19T05:18:08.095646Z","level":"info","event":"Filling up the DagBag from /opt/airflow/dags/stocks_etl_dag.py","logger":"airflow.dag_processing.dagbag.BundleDagBag","filename":"dagbag.py","lineno":460}
{"timestamp":"2026-08-19T05:18:08.469082Z","level":"info","event":"Pyspark imported, version: 3.5.2","logger":"unusual_prefix_377e48747e3957bb035dd88b74b86ec1d0ec8c25_stocks_etl_dag","filename":"stocks_etl_dag.py","lineno":24}
{"timestamp":"2026-08-19T05:18:10.375010Z","level":"info","event":"ETL function imported succesfully!","logger":"unusual_prefix_377e48747e3957bb035dd88b74b86ec1d0ec8c25_stocks_etl_dag","filename":"stocks_etl_dag.py","lineno":32}
{"timestamp":"2026-08-19T05:18:10.385721Z","level":"info","event":"DAG loaded sucessfully!","logger":"unusual_prefix_377e48747e3957bb035dd88b74b86ec1d0ec8c25_stocks_etl_dag","filename":"stocks_etl_dag.py","lineno":103}
{"timestamp":"2026-08-19T05:18:40.981649Z","level":"info","event":"Filling up the DagBag from /opt/airflow/dags/stocks_etl_dag.py","logger":"airflow.dag_processing.dagbag.BundleDagBag","filename":"dagbag.py","lineno":460}
{"timestamp":"2026-08-19T05:18:42.044139Z","level":"info","event":"Pyspark imported, version: 3.5.2","logger":"unusual_prefix_377e48747e3957bb035dd88b74b86ec1d0ec8c25_stocks_etl_dag","filename":"stocks_etl_dag.py","lineno":24}
{"timestamp":"2026-08-19T05:18:44.448643Z","level":"info","event":"ETL function imported succesfully!","logger":"unusual_prefix_377e48747e3957bb035dd88b74b86ec1d0ec8c25_stocks_etl_dag","filename":"stocks_etl_dag.py","lineno":32}
{"timestamp":"2026-08-19T05:18:44.472256Z","level":"info","event":"DAG loaded sucessfully!","logger":"unusual_prefix_377e48747e3957bb035dd88b74b86ec1d0ec8c25_stocks_etl_dag","filename":"stocks_etl_dag.py","lineno":103}
{"timestamp":"2026-08-19T05:19:16.165922Z","level":"info","event":"Filling up the DagBag from /opt/airflow/dags/stocks_etl_dag.py","logger":"airflow.dag_processing.dagbag.BundleDagBag","filename":"dagbag.py","lineno":460}
{"timestamp":"2026-08-19T05:19:17.563503Z","level":"info","event":"Pyspark imported, version: 3.5.2","logger":"unusual_prefix_377e48747e3957bb035dd88b74b86ec1d0ec8c25_stocks_etl_dag","filename":"stocks_etl_dag.py","lineno":24}
{"timestamp":"2026-08-19T05:19:20.859644Z","level":"info","event":"ETL function imported succesfully!","logger":"unusual_prefix_377e48747e3957bb035dd88b74b86ec1d0ec8c25_stocks_etl_dag","filename":"stocks_etl_dag.py","lineno":32}
{"timestamp":"2026-08-19T05:19:20.875068Z","level":"info","event":"DAG loaded sucessfully!","logger":"unusual_prefix_377e48747e3957bb035dd88b74b86ec1d0ec8c25_stocks_etl_dag","filename":"stocks_etl_dag.py","lineno":103}
{"timestamp":"2026-08-19T05:19:52.198149Z","level":"info","event":"Filling up the DagBag from /opt/airflow/dags/stocks_etl_dag.py","logger":"airflow.dag_processing.dagbag.BundleDagBag","filename":"dagbag.py","lineno":460}
{"timestamp":"2026-08-19T05:19:53.238445Z","level":"info","event":"Pyspark imported, version: 3.5.2","logger":"unusual_prefix_377e48747e3957bb035dd88b74b86ec1d0ec8c25_stocks_etl_dag","filename":"stocks_etl_dag.py","lineno":24}
{"timestamp":"2026-08-19T05:19:57.309996Z","level":"info","event":"ETL function imported succesfully!","logger":"unusual_prefix_377e48747e3957bb035dd88b74b86ec1d0ec8c25_stocks_etl_dag","filename":"stocks_etl_dag.py","lineno":32}
{"timestamp":"2026-08-19T05:19:57.325266Z","level":"info","event":"DAG loaded sucessfully!","logger":"unusual_prefix_377e48747e3957bb035dd88b74b86ec1d0ec8c25_stocks_etl_dag","filename":"stocks_etl_dag.py","lineno":103}
{"timestamp":"2026-08-19T05:20:27.626188Z","level":"info","event":"Filling up the DagBag from /opt/airflow/dags/stocks_etl_dag.py","logger":"airflow.dag_processing.dagbag.BundleDagBag","filename":"dagbag.py","lineno":460}
{"timestamp":"2026-08-19T05:20:27.823406Z","level":"info","event":"Pyspark imported, version: 3.5.2","logger":"unusual_prefix_377e48747e3957bb035dd88b74b86ec1d0ec8c25_stocks_etl_dag","filename":"stocks_etl_dag.py","lineno":24}
{"timestamp":"2026-08-19T05:20:28.616809Z","level":"info","event":"ETL function imported succesfully!","logger":"unusual_prefix_377e48747e3957bb035dd88b74b86ec1d0ec8c25_stocks_etl_dag","filename":"stocks_etl_dag.py","lineno":32}
{"timestamp":"2026-08-19T05:20:28.622185Z","level":"info","event":"DAG loaded sucessfully!","logger":"unusual_prefix_377e48747e3957bb035dd88b74b86ec1d0ec8c25_stocks_etl_dag","filename":"stocks_etl_dag.py","lineno":103}
{"timestamp":"2026-08-19T05:20:59.144478Z","level":"info","event":"Filling up the DagBag from /opt/airflow/dags/stocks_etl_dag.py","logger":"airflow.dag_processing.dagbag.BundleDagBag","filename":"dagbag.py","lineno":460}
{"timestamp":"2026-08-19T05:20:59.488648Z","level":"info","event":"Pyspark imported, version: 3.5.2","logger":"unusual_prefix_377e48747e3957bb035dd88b74b86ec1d0ec8c25_stocks_etl_dag","filename":"stocks_etl_dag.py","lineno":24}
{"timestamp":"2026-08-19T05:21:00.696508Z","level":"info","event":"ETL function imported succesfully!","logger":"unusual_prefix_377e48747e3957bb035dd88b74b86ec1d0ec8c25_stocks_etl_dag","filename":"stocks_etl_dag.py","lineno":32}
{"timestamp":"2026-08-19T05:21:00.704289Z","level":"info","event":"DAG loaded sucessfully!","logger":"unusual_prefix_377e48747e3957bb035dd88b74b86ec1d0ec8c25_stocks_etl_dag","filename":"stocks_etl_dag.py","lineno":103}
{"timestamp":"2026-08-19T05:21:31.276371Z","level":"info","event":"Filling up the DagBag from /opt/airflow/dags/stocks_etl_dag.py","logger":"airflow.dag_processing.dagbag.BundleDagBag","filename":"dagbag.py","lineno":460}
{"timestamp":"2026-08-19T05:21:31.980650Z","level":"info","event":"Pyspark imported, version: 3.5.2","logger":"unusual_prefix_377e48747e3957bb035dd88b74b86ec1d0ec8c25_stocks_etl_dag","filename":"stocks_etl_dag.py","lineno":24}
{"timestamp":"2026-08-19T05:21:33.342786Z","level":"info","event":"ETL function imported succesfully!","logger":"unusual_prefix_377e48747e3957bb035dd88b74b86ec1d0ec8c25_stocks_etl_dag","filename":"stocks_etl_dag.py","lineno":32}
{"timestamp":"2026-08-19T05:21:33.350853Z","level":"info","event":"DAG loaded sucessfully!","logger":"unusual_prefix_377e48747e3957bb035dd88b74b86ec1d0ec8c25_stocks_etl_dag","filename":"stocks_etl_dag.py","lineno":103}
{"timestamp":"2026-08-19T05:22:04.023772Z","level":"info","event":"Filling up the DagBag from /opt/airflow/dags/stocks_etl_dag.py","logger":"airflow.dag_processing.dagbag.BundleDagBag","filename":"dagbag.py","lineno":460}
{"timestamp":"2026-08-19T05:22:04.223168Z","level":"info","event":"Pyspark imported, version: 3.5.2","logger":"unusual_prefix_377e48747e3957bb035dd88b74b86ec1d0ec8c25_stocks_etl_dag","filename":"stocks_etl_dag.py","lineno":24}
{"timestamp":"2026-08-19T05:22:05.774048Z","level":"info","event":"ETL function imported succesfully!","logger":"unusual_prefix_377e48747e3957bb035dd88b74b86ec1d0ec8c25_stocks_etl_dag","filename":"stocks_etl_dag.py","lineno":32}
{"timestamp":"2026-08-19T05:22:05.786796Z","level":"info","event":"DAG loaded sucessfully!","logger":"unusual_prefix_377e48747e3957bb035dd88b74b86ec1d0ec8c25_stocks_etl_dag","filename":"stocks_etl_dag.py","lineno":103}
{"timestamp":"2026-08-19T05:22:36.480903Z","level":"info","event":"Filling up the DagBag from /opt/airflow/dags/stocks_etl_dag.py","logger":"airflow.dag_processing.dagbag.BundleDagBag","filename":"dagbag.py","lineno":460}
{"timestamp":"2026-08-19T05:22:36.804473Z","level":"info","event":"Pyspark imported, version: 3.5.2","logger":"unusual_prefix_377e48747e3957bb035dd88b74b86ec1d0ec8c25_stocks_etl_dag","filename":"stocks_etl_dag.py","lineno":24}
{"timestamp":"2026-08-19T05:22:38.172167Z","level":"info","event":"ETL function imported succesfully!","logger":"unusual_prefix_377e48747e3957bb035dd88b74b86ec1d0ec8c25_stocks_etl_dag","filename":"stocks_etl_dag.py","lineno":32}
{"timestamp":"2026-08-19T05:22:38.186478Z","level":"info","event":"DAG loaded sucessfully!","logger":"unusual_prefix_377e48747e3957bb035dd88b74b86ec1d0ec8c25_stocks_etl_dag","filename":"stocks_etl_dag.py","lineno":103}
{"timestamp":"2026-08-19T05:23:08.922429Z","level":"info","event":"Filling up the DagBag from /opt/airflow/dags/stocks_etl_dag.py","logger":"airflow.dag_processing.dagbag.BundleDagBag","filename":"dagbag.py","lineno":460}
{"timestamp":"2026-08-19T05:23:09.345484Z","level":"info","event":"Pyspark imported, version: 3.5.2","logger":"unusual_prefix_377e48747e3957bb035dd88b74b86ec1d0ec8c25_stocks_etl_dag","filename":"stocks_etl_dag.py","lineno":24}
{"timestamp":"2026-08-19T05:23:10.741750Z","level":"info","event":"ETL function imported succesfully!","logger":"unusual_prefix_377e48747e3957bb035dd88b74b86ec1d0ec8c25_stocks_etl_dag","filename":"stocks_etl_dag.py","lineno":32}
{"timestamp":"2026-08-19T05:23:10.749983Z","level":"info","event":"DAG loaded sucessfully!","logger":"unusual_prefix_377e48747e3957bb035dd88b74b86ec1d0ec8c25_stocks_etl_dag","filename":"stocks_etl_dag.py","lineno":103}
{"timestamp":"2026-08-19T05:23:41.224491Z","level":"info","event":"Filling up the DagBag from /opt/airflow/dags/stocks_etl_dag.py","logger":"airflow.dag_processing.dagbag.BundleDagBag","filename":"dagbag.py","lineno":460}
{"timestamp":"2026-08-19T05:23:41.437611Z","level":"info","event":"Pyspark imported, version: 3.5.2","logger":"unusual_prefix_377e48747e3957bb035dd88b74b86ec1d0ec8c25_stocks_etl_dag","filename":"stocks_etl_dag.py","lineno":24}
{"timestamp":"2026-08-19T05:23:42.567860Z","level":"info","event":"ETL function imported succesfully!","logger":"unusual_prefix_377e48747e3957bb035dd88b74b86ec1d0ec8c25_stocks_etl_dag","filename":"stocks_etl_dag.py","lineno":32}
{"timestamp":"2026-08-19T05:23:42.574226Z","level":"info","event":"DAG loaded sucessfully!","logger":"unusual_prefix_377e48747e3957bb035dd88b74b86ec1d0ec8c25_stocks_etl_dag","filename":"stocks_etl_dag.py","lineno":103}
{"timestamp":"2026-08-19T05:24:13.037952Z","level":"info","event":"Filling up the DagBag from /opt/airflow/dags/stocks_etl_dag.py","logger":"airflow.dag_processing.dagbag.BundleDagBag","filename":"dagbag.py","lineno":460}
{"timestamp":"2026-08-19T05:24:13.312512Z","level":"info","event":"Pyspark imported, version: 3.5.2","logger":"unusual_prefix_377e48747e3957bb035dd88b74b86ec1d0ec8c25_stocks_etl_dag","filename":"stocks_etl_dag.py","lineno":24}
{"timestamp":"2026-08-19T05:24:14.382033Z","level":"info","event":"ETL function imported succesfully!","logger":"unusual_prefix_377e48747e3957bb035dd88b74b86ec1d0ec8c25_stocks_etl_dag","filename":"stocks_etl_dag.py","lineno":32}
{"timestamp":"2026-08-19T05:24:14.388425Z","level":"info","event":"DAG loaded sucessfully!","logger":"unusual_prefix_377e48747e3957bb035dd88b74b86ec1d0ec8c25_stocks_etl_dag","filename":"stocks_etl_dag.py","lineno":103}
{"timestamp":"2026-08-19T05:24:44.895998Z","level":"info","event":"Filling up the DagBag from /opt/airflow/dags/stocks_etl_dag.py","logger":"airflow.dag_processing.dagbag.BundleDagBag","filename":"dagbag.py","lineno":460}
{"timestamp":"2026-08-19T05:24:45.201752Z","level":"info","event":"Pyspark imported, version: 3.5.2","logger":"unusual_prefix_377e48747e3957bb035dd88b74b86ec1d0ec8c25_stocks_etl_dag","filename":"stocks_etl_dag.py","lineno":24}
{"timestamp":"2026-08-19T05:24:46.369190Z","level":"info","event":"ETL function imported succesfully!","logger":"unusual_prefix_377e48747e3957bb035dd88b74b86ec1d0ec8c25_stocks_etl_dag","filename":"stocks_etl_dag.py","lineno":32}
{"timestamp":"2026-08-19T05:24:46.392786Z","level":"info","event":"DAG loaded sucessfully!","logger":"unusual_prefix_377e48747e3957bb035dd88b74b86ec1d0ec8c25_stocks_etl_dag","filename":"stocks_etl_dag.py","lineno":103}
{"timestamp":"2026-08-19T05:25:16.846030Z","level":"info","event":"Filling up the DagBag from /opt/airflow/dags/stocks_etl_dag.py","logger":"airflow.dag_processing.dagbag.BundleDagBag","filename":"dagbag.py","lineno":460}
{"timestamp":"2026-08-19T05:25:17.068265Z","level":"info","event":"Pyspark imported, version: 3.5.2","logger":"unusual_prefix_377e48747e3957bb035dd88b74b86ec1d0ec8c25_stocks_etl_dag","filename":"stocks_etl_dag.py","lineno":24}
{"timestamp":"2026-08-19T05:25:18.060169Z","level":"info","event":"ETL function imported succesfully!","logger":"unusual_prefix_377e48747e3957bb035dd88b74b86ec1d0ec8c25_stocks_etl_dag","filename":"stocks_etl_dag.py","lineno":32}
{"timestamp":"2026-08-19T05:25:18.067137Z","level":"info","event":"DAG loaded sucessfully!","logger":"unusual_prefix_377e48747e3957bb035dd88b74b86ec1d0ec8c25_stocks_etl_dag","filename":"stocks_etl_dag.py","lineno":103}
{"timestamp":"2026-08-19T05:25:48.533888Z","level":"info","event":"Filling up the DagBag from /opt/airflow/dags/stocks_etl_dag.py","logger":"airflow.dag_processing.dagbag.BundleDagBag","filename":"dagbag.py","lineno":460}
{"timestamp":"2026-08-19T05:25:48.867906Z","level":"info","event":"Pyspark imported, version: 3.5.2","logger":"unusual_prefix_377e48747e3957bb035dd88b74b86ec1d0ec8c25_stocks_etl_dag","filename":"stocks_etl_dag.py","lineno":24}
{"timestamp":"2026-08-19T05:25:50.133235Z","level":"info","event":"ETL function imported succesfully!","logger":"unusual_prefix_377e48747e3957bb035dd88b74b86ec1d0ec8c25_stocks_etl_dag","filename":"stocks_etl_dag.py","lineno":32}
{"timestamp":"2026-08-19T05:25:50.141382Z","level":"info","event":"DAG loaded sucessfully!","logger":"unusual_prefix_377e48747e3957bb035dd88b74b86ec1d0ec8c25_stocks_etl_dag","filename":"stocks_etl_dag.py","lineno":103}
{"timestamp":"2026-08-19T05:26:20.712089Z","level":"info","event":"Filling up the DagBag from /opt/airflow/dags/stocks_etl_dag.py","logger":"airflow.dag_processing.dagbag.BundleDagBag","filename":"dagbag.py","lineno":460}
{"timestamp":"2026-08-19T05:26:20.898147Z","level":"info","event":"Pyspark imported, version: 3.5.2","logger":"unusual_prefix_377e48747e3957bb035dd88b74b86ec1d0ec8c25_stocks_etl_dag","filename":"stocks_etl_dag.py","lineno":24}
{"timestamp":"2026-08-19T05:26:21.491296Z","level":"info","event":"ETL function imported succesfully!","logger":"unusual_prefix_377e48747e3957bb035dd88b74b86ec1d0ec8c25_stocks_etl_dag","filename":"stocks_etl_dag.py","lineno":32}
{"timestamp":"2026-08-19T05:26:21.495363Z","level":"info","event":"DAG loaded sucessfully!","logger":"unusual_prefix_377e48747e3957bb035dd88b74b86ec1d0ec8c25_stocks_etl_dag","filename":"stocks_etl_dag.py","lineno":103}
{"timestamp":"2026-08-19T05:26:52.069057Z","level":"info","event":"Filling up the DagBag from /opt/airflow/dags/stocks_etl_dag.py","logger":"airflow.dag_processing.dagbag.BundleDagBag","filename":"dagbag.py","lineno":460}
{"timestamp":"2026-08-19T05:26:52.218484Z","level":"info","event":"Pyspark imported, version: 3.5.2","logger":"unusual_prefix_377e48747e3957bb035dd88b74b86ec1d0ec8c25_stocks_etl_dag","filename":"stocks_etl_dag.py","lineno":24}
{"timestamp":"2026-08-19T05:26:52.936577Z","level":"info","event":"ETL function imported succesfully!","logger":"unusual_prefix_377e48747e3957bb035dd88b74b86ec1d0ec8c25_stocks_etl_dag","filename":"stocks_etl_dag.py","lineno":32}
{"timestamp":"2026-08-19T05:26:52.940762Z","level":"info","event":"DAG loaded sucessfully!","logger":"unusual_prefix_377e48747e3957bb035dd88b74b86ec1d0ec8c25_stocks_etl_dag","filename":"stocks_etl_dag.py","lineno":103}
{"timestamp":"2026-08-19T05:27:23.400075Z","level":"info","event":"Filling up the DagBag from /opt/airflow/dags/stocks_etl_dag.py","logger":"airflow.dag_processing.dagbag.BundleDagBag","filename":"dagbag.py","lineno":460}
{"timestamp":"2026-08-19T05:27:23.595187Z","level":"info","event":"Pyspark imported, version: 3.5.2","logger":"unusual_prefix_377e48747e3957bb035dd88b74b86ec1d0ec8c25_stocks_etl_dag","filename":"stocks_etl_dag.py","lineno":24}
{"timestamp":"2026-08-19T05:27:24.385400Z","level":"info","event":"ETL function imported succesfully!","logger":"unusual_prefix_377e48747e3957bb035dd88b74b86ec1d0ec8c25_stocks_etl_dag","filename":"stocks_etl_dag.py","lineno":32}
{"timestamp":"2026-08-19T05:27:24.391872Z","level":"info","event":"DAG loaded sucessfully!","logger":"unusual_prefix_377e48747e3957bb035dd88b74b86ec1d0ec8c25_stocks_etl_dag","filename":"stocks_etl_dag.py","lineno":103}
{"timestamp":"2026-08-19T05:27:54.858974Z","level":"info","event":"Filling up the DagBag from /opt/airflow/dags/stocks_etl_dag.py","logger":"airflow.dag_processing.dagbag.BundleDagBag","filename":"dagbag.py","lineno":460}
{"timestamp":"2026-08-19T05:27:55.287933Z","level":"info","event":"Pyspark imported, version: 3.5.2","logger":"unusual_prefix_377e48747e3957bb035dd88b74b86ec1d0ec8c25_stocks_etl_dag","filename":"stocks_etl_dag.py","lineno":24}
{"timestamp":"2026-08-19T05:27:56.495454Z","level":"info","event":"ETL function imported succesfully!","logger":"unusual_prefix_377e48747e3957bb035dd88b74b86ec1d0ec8c25_stocks_etl_dag","filename":"stocks_etl_dag.py","lineno":32}
{"timestamp":"2026-08-19T05:27:56.502176Z","level":"info","event":"DAG loaded sucessfully!","logger":"unusual_prefix_377e48747e3957bb035dd88b74b86ec1d0ec8c25_stocks_etl_dag","filename":"stocks_etl_dag.py","lineno":103}
{"timestamp":"2026-08-19T05:28:26.988349Z","level":"info","event":"Filling up the DagBag from /opt/airflow/dags/stocks_etl_dag.py","logger":"airflow.dag_processing.dagbag.BundleDagBag","filename":"dagbag.py","lineno":460}
{"timestamp":"2026-08-19T05:28:27.212597Z","level":"info","event":"Pyspark imported, version: 3.5.2","logger":"unusual_prefix_377e48747e3957bb035dd88b74b86ec1d0ec8c25_stocks_etl_dag","filename":"stocks_etl_dag.py","lineno":24}
{"timestamp":"2026-08-19T05:28:28.321241Z","level":"info","event":"ETL function imported succesfully!","logger":"unusual_prefix_377e48747e3957bb035dd88b74b86ec1d0ec8c25_stocks_etl_dag","filename":"stocks_etl_dag.py","lineno":32}
{"timestamp":"2026-08-19T05:28:28.327425Z","level":"info","event":"DAG loaded sucessfully!","logger":"unusual_prefix_377e48747e3957bb035dd88b74b86ec1d0ec8c25_stocks_etl_dag","filename":"stocks_etl_dag.py","lineno":103}
{"timestamp":"2026-08-19T05:28:58.812771Z","level":"info","event":"Filling up the DagBag from /opt/airflow/dags/stocks_etl_dag.py","logger":"airflow.dag_processing.dagbag.BundleDagBag","filename":"dagbag.py","lineno":460}
{"timestamp":"2026-08-19T05:28:58.983480Z","level":"info","event":"Pyspark imported, version: 3.5.2","logger":"unusual_prefix_377e48747e3957bb035dd88b74b86ec1d0ec8c25_stocks_etl_dag","filename":"stocks_etl_dag.py","lineno":24}
{"timestamp":"2026-08-19T05:28:59.907901Z","level":"info","event":"ETL function imported succesfully!","logger":"unusual_prefix_377e48747e3957bb035dd88b74b86ec1d0ec8c25_stocks_etl_dag","filename":"stocks_etl_dag.py","lineno":32}
{"timestamp":"2026-08-19T05:28:59.914060Z","level":"info","event":"DAG loaded sucessfully!","logger":"unusual_prefix_377e48747e3957bb035dd88b74b86ec1d0ec8c25_stocks_etl_dag","filename":"stocks_etl_dag.py","lineno":103}
{"timestamp":"2026-08-19T05:29:30.370640Z","level":"info","event":"Filling up the DagBag from /opt/airflow/dags/stocks_etl_dag.py","logger":"airflow.dag_processing.dagbag.BundleDagBag","filename":"dagbag.py","lineno":460}
{"timestamp":"2026-08-19T05:29:30.661975Z","level":"info","event":"Pyspark imported, version: 3.5.2","logger":"unusual_prefix_377e48747e3957bb035dd88b74b86ec1d0ec8c25_stocks_etl_dag","filename":"stocks_etl_dag.py","lineno":24}
{"timestamp":"2026-08-19T05:29:31.712212Z","level":"info","event":"ETL function imported succesfully!","logger":"unusual_prefix_377e48747e3957bb035dd88b74b86ec1d0ec8c25_stocks_etl_dag","filename":"stocks_etl_dag.py","lineno":32}
{"timestamp":"2026-08-19T05:29:31.718788Z","level":"info","event":"DAG loaded sucessfully!","logger":"unusual_prefix_377e48747e3957bb035dd88b74b86ec1d0ec8c25_stocks_etl_dag","filename":"stocks_etl_dag.py","lineno":103}
{"timestamp":"2026-08-19T05:30:02.185016Z","level":"info","event":"Filling up the DagBag from /opt/airflow/dags/stocks_etl_dag.py","logger":"airflow.dag_processing.dagbag.BundleDagBag","filename":"dagbag.py","lineno":460}
{"timestamp":"2026-08-19T05:30:02.379281Z","level":"info","event":"Pyspark imported, version: 3.5.2","logger":"unusual_prefix_377e48747e3957bb035dd88b74b86ec1d0ec8c25_stocks_etl_dag","filename":"stocks_etl_dag.py","lineno":24}
{"timestamp":"2026-08-19T05:30:03.345849Z","level":"info","event":"ETL function imported succesfully!","logger":"unusual_prefix_377e48747e3957bb035dd88b74b86ec1d0ec8c25_stocks_etl_dag","filename":"stocks_etl_dag.py","lineno":32}
{"timestamp":"2026-08-19T05:30:03.354533Z","level":"info","event":"DAG loaded sucessfully!","logger":"unusual_prefix_377e48747e3957bb035dd88b74b86ec1d0ec8c25_stocks_etl_dag","filename":"stocks_etl_dag.py","lineno":103}
{"timestamp":"2026-08-19T05:30:33.822737Z","level":"info","event":"Filling up the DagBag from /opt/airflow/dags/stocks_etl_dag.py","logger":"airflow.dag_processing.dagbag.BundleDagBag","filename":"dagbag.py","lineno":460}
{"timestamp":"2026-08-19T05:30:34.051471Z","level":"info","event":"Pyspark imported, version: 3.5.2","logger":"unusual_prefix_377e48747e3957bb035dd88b74b86ec1d0ec8c25_stocks_etl_dag","filename":"stocks_etl_dag.py","lineno":24}
{"timestamp":"2026-08-19T05:30:35.221915Z","level":"info","event":"ETL function imported succesfully!","logger":"unusual_prefix_377e48747e3957bb035dd88b74b86ec1d0ec8c25_stocks_etl_dag","filename":"stocks_etl_dag.py","lineno":32}
{"timestamp":"2026-08-19T05:30:35.232225Z","level":"info","event":"DAG loaded sucessfully!","logger":"unusual_prefix_377e48747e3957bb035dd88b74b86ec1d0ec8c25_stocks_etl_dag","filename":"stocks_etl_dag.py","lineno":103}
{"timestamp":"2026-08-19T05:31:05.749336Z","level":"info","event":"Filling up the DagBag from /opt/airflow/dags/stocks_etl_dag.py","logger":"airflow.dag_processing.dagbag.BundleDagBag","filename":"dagbag.py","lineno":460}
{"timestamp":"2026-08-19T05:31:05.990461Z","level":"info","event":"Pyspark imported, version: 3.5.2","logger":"unusual_prefix_377e48747e3957bb035dd88b74b86ec1d0ec8c25_stocks_etl_dag","filename":"stocks_etl_dag.py","lineno":24}
{"timestamp":"2026-08-19T05:31:06.996981Z","level":"info","event":"ETL function imported succesfully!","logger":"unusual_prefix_377e48747e3957bb035dd88b74b86ec1d0ec8c25_stocks_etl_dag","filename":"stocks_etl_dag.py","lineno":32}
{"timestamp":"2026-08-19T05:31:07.005280Z","level":"info","event":"DAG loaded sucessfully!","logger":"unusual_prefix_377e48747e3957bb035dd88b74b86ec1d0ec8c25_stocks_etl_dag","filename":"stocks_etl_dag.py","lineno":103}
{"timestamp":"2026-08-19T05:31:37.555583Z","level":"info","event":"Filling up the DagBag from /opt/airflow/dags/stocks_etl_dag.py","logger":"airflow.dag_processing.dagbag.BundleDagBag","filename":"dagbag.py","lineno":460}
{"timestamp":"2026-08-19T05:31:37.864946Z","level":"info","event":"Pyspark imported, version: 3.5.2","logger":"unusual_prefix_377e48747e3957bb035dd88b74b86ec1d0ec8c25_stocks_etl_dag","filename":"stocks_etl_dag.py","lineno":24}
{"timestamp":"2026-08-19T05:31:39.160031Z","level":"info","event":"ETL function imported succesfully!","logger":"unusual_prefix_377e48747e3957bb035dd88b74b86ec1d0ec8c25_stocks_etl_dag","filename":"stocks_etl_dag.py","lineno":32}
{"timestamp":"2026-08-19T05:31:39.170144Z","level":"info","event":"DAG loaded sucessfully!","logger":"unusual_prefix_377e48747e3957bb035dd88b74b86ec1d0ec8c25_stocks_etl_dag","filename":"stocks_etl_dag.py","lineno":103}
{"timestamp":"2026-08-19T05:32:09.822061Z","level":"info","event":"Filling up the DagBag from /opt/airflow/dags/stocks_etl_dag.py","logger":"airflow.dag_processing.dagbag.BundleDagBag","filename":"dagbag.py","lineno":460}
{"timestamp":"2026-08-19T05:32:10.000836Z","level":"info","event":"Pyspark imported, version: 3.5.2","logger":"unusual_prefix_377e48747e3957bb035dd88b74b86ec1d0ec8c25_stocks_etl_dag","filename":"stocks_etl_dag.py","lineno":24}
{"timestamp":"2026-08-19T05:32:10.818151Z","level":"info","event":"ETL function imported succesfully!","logger":"unusual_prefix_377e48747e3957bb035dd88b74b86ec1d0ec8c25_stocks_etl_dag","filename":"stocks_etl_dag.py","lineno":32}
{"timestamp":"2026-08-19T05:32:10.823749Z","level":"info","event":"DAG loaded sucessfully!","logger":"unusual_prefix_377e48747e3957bb035dd88b74b86ec1d0ec8c25_stocks_etl_dag","filename":"stocks_etl_dag.py","lineno":103}
{"timestamp":"2026-08-19T05:32:41.299984Z","level":"info","event":"Filling up the DagBag from /opt/airflow/dags/stocks_etl_dag.py","logger":"airflow.dag_processing.dagbag.BundleDagBag","filename":"dagbag.py","lineno":460}
{"timestamp":"2026-08-19T05:32:41.642320Z","level":"info","event":"Pyspark imported, version: 3.5.2","logger":"unusual_prefix_377e48747e3957bb035dd88b74b86ec1d0ec8c25_stocks_etl_dag","filename":"stocks_etl_dag.py","lineno":24}
{"timestamp":"2026-08-19T05:32:42.760305Z","level":"info","event":"ETL function imported succesfully!","logger":"unusual_prefix_377e48747e3957bb035dd88b74b86ec1d0ec8c25_stocks_etl_dag","filename":"stocks_etl_dag.py","lineno":32}
{"timestamp":"2026-08-19T05:32:42.767800Z","level":"info","event":"DAG loaded sucessfully!","logger":"unusual_prefix_377e48747e3957bb035dd88b74b86ec1d0ec8c25_stocks_etl_dag","filename":"stocks_etl_dag.py","lineno":103}
{"timestamp":"2026-08-19T05:33:13.199264Z","level":"info","event":"Filling up the DagBag from /opt/airflow/dags/stocks_etl_dag.py","logger":"airflow.dag_processing.dagbag.BundleDagBag","filename":"dagbag.py","lineno":460}
{"timestamp":"2026-08-19T05:33:13.379669Z","level":"info","event":"Pyspark imported, version: 3.5.2","logger":"unusual_prefix_377e48747e3957bb035dd88b74b86ec1d0ec8c25_stocks_etl_dag","filename":"stocks_etl_dag.py","lineno":24}
{"timestamp":"2026-08-19T05:33:14.101887Z","level":"info","event":"ETL function imported succesfully!","logger":"unusual_prefix_377e48747e3957bb035dd88b74b86ec1d0ec8c25_stocks_etl_dag","filename":"stocks_etl_dag.py","lineno":32}
{"timestamp":"2026-08-19T05:33:14.107370Z","level":"info","event":"DAG loaded sucessfully!","logger":"unusual_prefix_377e48747e3957bb035dd88b74b86ec1d0ec8c25_stocks_etl_dag","filename":"stocks_etl_dag.py","lineno":103}
{"timestamp":"2026-08-19T05:33:44.634265Z","level":"info","event":"Filling up the DagBag from /opt/airflow/dags/stocks_etl_dag.py","logger":"airflow.dag_processing.dagbag.BundleDagBag","filename":"dagbag.py","lineno":460}
{"timestamp":"2026-08-19T05:33:44.826555Z","level":"info","event":"Pyspark imported, version: 3.5.2","logger":"unusual_prefix_377e48747e3957bb035dd88b74b86ec1d0ec8c25_stocks_etl_dag","filename":"stocks_etl_dag.py","lineno":24}
{"timestamp":"2026-08-19T05:33:45.786456Z","level":"info","event":"ETL function imported succesfully!","logger":"unusual_prefix_377e48747e3957bb035dd88b74b86ec1d0ec8c25_stocks_etl_dag","filename":"stocks_etl_dag.py","lineno":32}
{"timestamp":"2026-08-19T05:33:45.792316Z","level":"info","event":"DAG loaded sucessfully!","logger":"unusual_prefix_377e48747e3957bb035dd88b74b86ec1d0ec8c25_stocks_etl_dag","filename":"stocks_etl_dag.py","lineno":103}
{"timestamp":"2026-08-19T05:34:16.300750Z","level":"info","event":"Filling up the DagBag from /opt/airflow/dags/stocks_etl_dag.py","logger":"airflow.dag_processing.dagbag.BundleDagBag","filename":"dagbag.py","lineno":460}
{"timestamp":"2026-08-19T05:34:16.506277Z","level":"info","event":"Pyspark imported, version: 3.5.2","logger":"unusual_prefix_377e48747e3957bb035dd88b74b86ec1d0ec8c25_stocks_etl_dag","filename":"stocks_etl_dag.py","lineno":24}
{"timestamp":"2026-08-19T05:34:17.482068Z","level":"info","event":"ETL function imported succesfully!","logger":"unusual_prefix_377e48747e3957bb035dd88b74b86ec1d0ec8c25_stocks_etl_dag","filename":"stocks_etl_dag.py","lineno":32}
{"timestamp":"2026-08-19T05:34:17.491005Z","level":"info","event":"DAG loaded sucessfully!","logger":"unusual_prefix_377e48747e3957bb035dd88b74b86ec1d0ec8c25_stocks_etl_dag","filename":"stocks_etl_dag.py","lineno":103}
{"timestamp":"2026-08-19T05:34:47.982247Z","level":"info","event":"Filling up the DagBag from /opt/airflow/dags/stocks_etl_dag.py","logger":"airflow.dag_processing.dagbag.BundleDagBag","filename":"dagbag.py","lineno":460}
{"timestamp":"2026-08-19T05:34:48.329398Z","level":"info","event":"Pyspark imported, version: 3.5.2","logger":"unusual_prefix_377e48747e3957bb035dd88b74b86ec1d0ec8c25_stocks_etl_dag","filename":"stocks_etl_dag.py","lineno":24}
{"timestamp":"2026-08-19T05:34:49.536404Z","level":"info","event":"ETL function imported succesfully!","logger":"unusual_prefix_377e48747e3957bb035dd88b74b86ec1d0ec8c25_stocks_etl_dag","filename":"stocks_etl_dag.py","lineno":32}
{"timestamp":"2026-08-19T05:34:49.543996Z","level":"info","event":"DAG loaded sucessfully!","logger":"unusual_prefix_377e48747e3957bb035dd88b74b86ec1d0ec8c25_stocks_etl_dag","filename":"stocks_etl_dag.py","lineno":103}
{"timestamp":"2026-08-19T05:35:19.986214Z","level":"info","event":"Filling up the DagBag from /opt/airflow/dags/stocks_etl_dag.py","logger":"airflow.dag_processing.dagbag.BundleDagBag","filename":"dagbag.py","lineno":460}
{"timestamp":"2026-08-19T05:35:20.232493Z","level":"info","event":"Pyspark imported, version: 3.5.2","logger":"unusual_prefix_377e48747e3957bb035dd88b74b86ec1d0ec8c25_stocks_etl_dag","filename":"stocks_etl_dag.py","lineno":24}
{"timestamp":"2026-08-19T05:35:21.490301Z","level":"info","event":"ETL function imported succesfully!","logger":"unusual_prefix_377e48747e3957bb035dd88b74b86ec1d0ec8c25_stocks_etl_dag","filename":"stocks_etl_dag.py","lineno":32}
{"timestamp":"2026-08-19T05:35:21.500679Z","level":"info","event":"DAG loaded sucessfully!","logger":"unusual_prefix_377e48747e3957bb035dd88b74b86ec1d0ec8c25_stocks_etl_dag","filename":"stocks_etl_dag.py","lineno":103}
{"timestamp":"2026-08-19T05:35:51.970063Z","level":"info","event":"Filling up the DagBag from /opt/airflow/dags/stocks_etl_dag.py","logger":"airflow.dag_processing.dagbag.BundleDagBag","filename":"dagbag.py","lineno":460}
{"timestamp":"2026-08-19T05:35:52.118245Z","level":"info","event":"Pyspark imported, version: 3.5.2","logger":"unusual_prefix_377e48747e3957bb035dd88b74b86ec1d0ec8c25_stocks_etl_dag","filename":"stocks_etl_dag.py","lineno":24}
{"timestamp":"2026-08-19T05:35:52.767612Z","level":"info","event":"ETL function imported succesfully!","logger":"unusual_prefix_377e48747e3957bb035dd88b74b86ec1d0ec8c25_stocks_etl_dag","filename":"stocks_etl_dag.py","lineno":32}
{"timestamp":"2026-08-19T05:35:52.772382Z","level":"info","event":"DAG loaded sucessfully!","logger":"unusual_prefix_377e48747e3957bb035dd88b74b86ec1d0ec8c25_stocks_etl_dag","filename":"stocks_etl_dag.py","lineno":103}
{"timestamp":"2026-08-19T05:36:23.338254Z","level":"info","event":"Filling up the DagBag from /opt/airflow/dags/stocks_etl_dag.py","logger":"airflow.dag_processing.dagbag.BundleDagBag","filename":"dagbag.py","lineno":460}
{"timestamp":"2026-08-19T05:36:23.696345Z","level":"info","event":"Pyspark imported, version: 3.5.2","logger":"unusual_prefix_377e48747e3957bb035dd88b74b86ec1d0ec8c25_stocks_etl_dag","filename":"stocks_etl_dag.py","lineno":24}
{"timestamp":"2026-08-19T05:36:25.025901Z","level":"info","event":"ETL function imported succesfully!","logger":"unusual_prefix_377e48747e3957bb035dd88b74b86ec1d0ec8c25_stocks_etl_dag","filename":"stocks_etl_dag.py","lineno":32}
{"timestamp":"2026-08-19T05:36:25.032969Z","level":"info","event":"DAG loaded sucessfully!","logger":"unusual_prefix_377e48747e3957bb035dd88b74b86ec1d0ec8c25_stocks_etl_dag","filename":"stocks_etl_dag.py","lineno":103}
{"timestamp":"2026-08-19T05:36:55.571864Z","level":"info","event":"Filling up the DagBag from /opt/airflow/dags/stocks_etl_dag.py","logger":"airflow.dag_processing.dagbag.BundleDagBag","filename":"dagbag.py","lineno":460}
{"timestamp":"2026-08-19T05:36:55.858645Z","level":"info","event":"Pyspark imported, version: 3.5.2","logger":"unusual_prefix_377e48747e3957bb035dd88b74b86ec1d0ec8c25_stocks_etl_dag","filename":"stocks_etl_dag.py","lineno":24}
{"timestamp":"2026-08-19T05:36:56.883312Z","level":"info","event":"ETL function imported succesfully!","logger":"unusual_prefix_377e48747e3957bb035dd88b74b86ec1d0ec8c25_stocks_etl_dag","filename":"stocks_etl_dag.py","lineno":32}
{"timestamp":"2026-08-19T05:36:56.889837Z","level":"info","event":"DAG loaded sucessfully!","logger":"unusual_prefix_377e48747e3957bb035dd88b74b86ec1d0ec8c25_stocks_etl_dag","filename":"stocks_etl_dag.py","lineno":103}
{"timestamp":"2026-08-19T05:37:27.016486Z","level":"info","event":"Filling up the DagBag from /opt/airflow/dags/stocks_etl_dag.py","logger":"airflow.dag_processing.dagbag.BundleDagBag","filename":"dagbag.py","lineno":460}
{"timestamp":"2026-08-19T05:37:27.209051Z","level":"info","event":"Pyspark imported, version: 3.5.2","logger":"unusual_prefix_377e48747e3957bb035dd88b74b86ec1d0ec8c25_stocks_etl_dag","filename":"stocks_etl_dag.py","lineno":24}
{"timestamp":"2026-08-19T05:37:28.079963Z","level":"info","event":"ETL function imported succesfully!","logger":"unusual_prefix_377e48747e3957bb035dd88b74b86ec1d0ec8c25_stocks_etl_dag","filename":"stocks_etl_dag.py","lineno":32}
{"timestamp":"2026-08-19T05:37:28.085563Z","level":"info","event":"DAG loaded sucessfully!","logger":"unusual_prefix_377e48747e3957bb035dd88b74b86ec1d0ec8c25_stocks_etl_dag","filename":"stocks_etl_dag.py","lineno":103}
{"timestamp":"2026-08-19T05:37:58.634224Z","level":"info","event":"Filling up the DagBag from /opt/airflow/dags/stocks_etl_dag.py","logger":"airflow.dag_processing.dagbag.BundleDagBag","filename":"dagbag.py","lineno":460}
{"timestamp":"2026-08-19T05:37:58.875926Z","level":"info","event":"Pyspark imported, version: 3.5.2","logger":"unusual_prefix_377e48747e3957bb035dd88b74b86ec1d0ec8c25_stocks_etl_dag","filename":"stocks_etl_dag.py","lineno":24}
{"timestamp":"2026-08-19T05:37:59.988858Z","level":"info","event":"ETL function imported succesfully!","logger":"unusual_prefix_377e48747e3957bb035dd88b74b86ec1d0ec8c25_stocks_etl_dag","filename":"stocks_etl_dag.py","lineno":32}
{"timestamp":"2026-08-19T05:37:59.996251Z","level":"info","event":"DAG loaded sucessfully!","logger":"unusual_prefix_377e48747e3957bb035dd88b74b86ec1d0ec8c25_stocks_etl_dag","filename":"stocks_etl_dag.py","lineno":103}
{"timestamp":"2026-08-19T05:38:30.530031Z","level":"info","event":"Filling up the DagBag from /opt/airflow/dags/stocks_etl_dag.py","logger":"airflow.dag_processing.dagbag.BundleDagBag","filename":"dagbag.py","lineno":460}
{"timestamp":"2026-08-19T05:38:30.715654Z","level":"info","event":"Pyspark imported, version: 3.5.2","logger":"unusual_prefix_377e48747e3957bb035dd88b74b86ec1d0ec8c25_stocks_etl_dag","filename":"stocks_etl_dag.py","lineno":24}
{"timestamp":"2026-08-19T05:38:31.405083Z","level":"info","event":"ETL function imported succesfully!","logger":"unusual_prefix_377e48747e3957bb035dd88b74b86ec1d0ec8c25_stocks_etl_dag","filename":"stocks_etl_dag.py","lineno":32}
{"timestamp":"2026-08-19T05:38:31.409857Z","level":"info","event":"DAG loaded sucessfully!","logger":"unusual_prefix_377e48747e3957bb035dd88b74b86ec1d0ec8c25_stocks_etl_dag","filename":"stocks_etl_dag.py","lineno":103}
{"timestamp":"2026-08-19T05:39:01.867303Z","level":"info","event":"Filling up the DagBag from /opt/airflow/dags/stocks_etl_dag.py","logger":"airflow.dag_processing.dagbag.BundleDagBag","filename":"dagbag.py","lineno":460}
{"timestamp":"2026-08-19T05:39:02.091912Z","level":"info","event":"Pyspark imported, version: 3.5.2","logger":"unusual_prefix_377e48747e3957bb035dd88b74b86ec1d0ec8c25_stocks_etl_dag","filename":"stocks_etl_dag.py","lineno":24}
{"timestamp":"2026-08-19T05:39:03.017002Z","level":"info","event":"ETL function imported succesfully!","logger":"unusual_prefix_377e48747e3957bb035dd88b74b86ec1d0ec8c25_stocks_etl_dag","filename":"stocks_etl_dag.py","lineno":32}
{"timestamp":"2026-08-19T05:39:03.023377Z","level":"info","event":"DAG loaded sucessfully!","logger":"unusual_prefix_377e48747e3957bb035dd88b74b86ec1d0ec8c25_stocks_etl_dag","filename":"stocks_etl_dag.py","lineno":103}
{"timestamp":"2026-08-19T05:39:33.511140Z","level":"info","event":"Filling up the DagBag from /opt/airflow/dags/stocks_etl_dag.py","logger":"airflow.dag_processing.dagbag.BundleDagBag","filename":"dagbag.py","lineno":460}
{"timestamp":"2026-08-19T05:39:33.874863Z","level":"info","event":"Pyspark imported, version: 3.5.2","logger":"unusual_prefix_377e48747e3957bb035dd88b74b86ec1d0ec8c25_stocks_etl_dag","filename":"stocks_etl_dag.py","lineno":24}
{"timestamp":"2026-08-19T05:39:35.489260Z","level":"info","event":"ETL function imported succesfully!","logger":"unusual_prefix_377e48747e3957bb035dd88b74b86ec1d0ec8c25_stocks_etl_dag","filename":"stocks_etl_dag.py","lineno":32}
{"timestamp":"2026-08-19T05:39:35.508050Z","level":"info","event":"DAG loaded sucessfully!","logger":"unusual_prefix_377e48747e3957bb035dd88b74b86ec1d0ec8c25_stocks_etl_dag","filename":"stocks_etl_dag.py","lineno":103}
{"timestamp":"2026-08-19T05:40:05.988484Z","level":"info","event":"Filling up the DagBag from /opt/airflow/dags/stocks_etl_dag.py","logger":"airflow.dag_processing.dagbag.BundleDagBag","filename":"dagbag.py","lineno":460}
{"timestamp":"2026-08-19T05:40:06.188756Z","level":"info","event":"Pyspark imported, version: 3.5.2","logger":"unusual_prefix_377e48747e3957bb035dd88b74b86ec1d0ec8c25_stocks_etl_dag","filename":"stocks_etl_dag.py","lineno":24}
{"timestamp":"2026-08-19T05:40:07.066090Z","level":"info","event":"ETL function imported succesfully!","logger":"unusual_prefix_377e48747e3957bb035dd88b74b86ec1d0ec8c25_stocks_etl_dag","filename":"stocks_etl_dag.py","lineno":32}
{"timestamp":"2026-08-19T05:40:07.071712Z","level":"info","event":"DAG loaded sucessfully!","logger":"unusual_prefix_377e48747e3957bb035dd88b74b86ec1d0ec8c25_stocks_etl_dag","filename":"stocks_etl_dag.py","lineno":103}
{"timestamp":"2026-08-19T05:40:37.607747Z","level":"info","event":"Filling up the DagBag from /opt/airflow/dags/stocks_etl_dag.py","logger":"airflow.dag_processing.dagbag.BundleDagBag","filename":"dagbag.py","lineno":460}
{"timestamp":"2026-08-19T05:40:38.004612Z","level":"info","event":"Pyspark imported, version: 3.5.2","logger":"unusual_prefix_377e48747e3957bb035dd88b74b86ec1d0ec8c25_stocks_etl_dag","filename":"stocks_etl_dag.py","lineno":24}
{"timestamp":"2026-08-19T05:40:39.246063Z","level":"info","event":"ETL function imported succesfully!","logger":"unusual_prefix_377e48747e3957bb035dd88b74b86ec1d0ec8c25_stocks_etl_dag","filename":"stocks_etl_dag.py","lineno":32}
{"timestamp":"2026-08-19T05:40:39.253337Z","level":"info","event":"DAG loaded sucessfully!","logger":"unusual_prefix_377e48747e3957bb035dd88b74b86ec1d0ec8c25_stocks_etl_dag","filename":"stocks_etl_dag.py","lineno":103}
{"timestamp":"2026-08-19T05:41:09.953524Z","level":"info","event":"Filling up the DagBag from /opt/airflow/dags/stocks_etl_dag.py","logger":"airflow.dag_processing.dagbag.BundleDagBag","filename":"dagbag.py","lineno":460}
{"timestamp":"2026-08-19T05:41:10.269753Z","level":"info","event":"Pyspark imported, version: 3.5.2","logger":"unusual_prefix_377e48747e3957bb035dd88b74b86ec1d0ec8c25_stocks_etl_dag","filename":"stocks_etl_dag.py","lineno":24}
{"timestamp":"2026-08-19T05:41:11.478017Z","level":"info","event":"ETL function imported succesfully!","logger":"unusual_prefix_377e48747e3957bb035dd88b74b86ec1d0ec8c25_stocks_etl_dag","filename":"stocks_etl_dag.py","lineno":32}
{"timestamp":"2026-08-19T05:41:11.486565Z","level":"info","event":"DAG loaded sucessfully!","logger":"unusual_prefix_377e48747e3957bb035dd88b74b86ec1d0ec8c25_stocks_etl_dag","filename":"stocks_etl_dag.py","lineno":103}
{"timestamp":"2026-08-19T05:41:41.945274Z","level":"info","event":"Filling up the DagBag from /opt/airflow/dags/stocks_etl_dag.py","logger":"airflow.dag_processing.dagbag.BundleDagBag","filename":"dagbag.py","lineno":460}
{"timestamp":"2026-08-19T05:41:42.186639Z","level":"info","event":"Pyspark imported, version: 3.5.2","logger":"unusual_prefix_377e48747e3957bb035dd88b74b86ec1d0ec8c25_stocks_etl_dag","filename":"stocks_etl_dag.py","lineno":24}
{"timestamp":"2026-08-19T05:41:43.049379Z","level":"info","event":"ETL function imported succesfully!","logger":"unusual_prefix_377e48747e3957bb035dd88b74b86ec1d0ec8c25_stocks_etl_dag","filename":"stocks_etl_dag.py","lineno":32}
{"timestamp":"2026-08-19T05:41:43.056134Z","level":"info","event":"DAG loaded sucessfully!","logger":"unusual_prefix_377e48747e3957bb035dd88b74b86ec1d0ec8c25_stocks_etl_dag","filename":"stocks_etl_dag.py","lineno":103}
{"timestamp":"2026-08-19T05:42:13.535045Z","level":"info","event":"Filling up the DagBag from /opt/airflow/dags/stocks_etl_dag.py","logger":"airflow.dag_processing.dagbag.BundleDagBag","filename":"dagbag.py","lineno":460}
{"timestamp":"2026-08-19T05:42:13.727876Z","level":"info","event":"Pyspark imported, version: 3.5.2","logger":"unusual_prefix_377e48747e3957bb035dd88b74b86ec1d0ec8c25_stocks_etl_dag","filename":"stocks_etl_dag.py","lineno":24}
{"timestamp":"2026-08-19T05:42:14.630777Z","level":"info","event":"ETL function imported succesfully!","logger":"unusual_prefix_377e48747e3957bb035dd88b74b86ec1d0ec8c25_stocks_etl_dag","filename":"stocks_etl_dag.py","lineno":32}
{"timestamp":"2026-08-19T05:42:14.637741Z","level":"info","event":"DAG loaded sucessfully!","logger":"unusual_prefix_377e48747e3957bb035dd88b74b86ec1d0ec8c25_stocks_etl_dag","filename":"stocks_etl_dag.py","lineno":103}
{"timestamp":"2026-08-19T05:42:45.136361Z","level":"info","event":"Filling up the DagBag from /opt/airflow/dags/stocks_etl_dag.py","logger":"airflow.dag_processing.dagbag.BundleDagBag","filename":"dagbag.py","lineno":460}
{"timestamp":"2026-08-19T05:42:45.414142Z","level":"info","event":"Pyspark imported, version: 3.5.2","logger":"unusual_prefix_377e48747e3957bb035dd88b74b86ec1d0ec8c25_stocks_etl_dag","filename":"stocks_etl_dag.py","lineno":24}
{"timestamp":"2026-08-19T05:42:46.543759Z","level":"info","event":"ETL function imported succesfully!","logger":"unusual_prefix_377e48747e3957bb035dd88b74b86ec1d0ec8c25_stocks_etl_dag","filename":"stocks_etl_dag.py","lineno":32}
{"timestamp":"2026-08-19T05:42:46.549013Z","level":"info","event":"DAG loaded sucessfully!","logger":"unusual_prefix_377e48747e3957bb035dd88b74b86ec1d0ec8c25_stocks_etl_dag","filename":"stocks_etl_dag.py","lineno":103}
{"timestamp":"2026-08-19T05:43:17.201431Z","level":"info","event":"Filling up the DagBag from /opt/airflow/dags/stocks_etl_dag.py","logger":"airflow.dag_processing.dagbag.BundleDagBag","filename":"dagbag.py","lineno":460}
{"timestamp":"2026-08-19T05:43:18.391507Z","level":"info","event":"Pyspark imported, version: 3.5.2","logger":"unusual_prefix_377e48747e3957bb035dd88b74b86ec1d0ec8c25_stocks_etl_dag","filename":"stocks_etl_dag.py","lineno":24}
{"timestamp":"2026-08-19T05:43:24.953638Z","level":"info","event":"ETL function imported succesfully!","logger":"unusual_prefix_377e48747e3957bb035dd88b74b86ec1d0ec8c25_stocks_etl_dag","filename":"stocks_etl_dag.py","lineno":32}
{"timestamp":"2026-08-19T05:43:24.996559Z","level":"info","event":"DAG loaded sucessfully!","logger":"unusual_prefix_377e48747e3957bb035dd88b74b86ec1d0ec8c25_stocks_etl_dag","filename":"stocks_etl_dag.py","lineno":103}
{"timestamp":"2026-08-19T05:43:57.378218Z","level":"info","event":"Filling up the DagBag from /opt/airflow/dags/stocks_etl_dag.py","logger":"airflow.dag_processing.dagbag.BundleDagBag","filename":"dagbag.py","lineno":460}
{"timestamp":"2026-08-19T05:43:58.499367Z","level":"info","event":"Pyspark imported, version: 3.5.2","logger":"unusual_prefix_377e48747e3957bb035dd88b74b86ec1d0ec8c25_stocks_etl_dag","filename":"stocks_etl_dag.py","lineno":24}
{"timestamp":"2026-08-19T05:44:03.511519Z","level":"info","event":"ETL function imported succesfully!","logger":"unusual_prefix_377e48747e3957bb035dd88b74b86ec1d0ec8c25_stocks_etl_dag","filename":"stocks_etl_dag.py","lineno":32}
{"timestamp":"2026-08-19T05:44:03.523997Z","level":"info","event":"DAG loaded sucessfully!","logger":"unusual_prefix_377e48747e3957bb035dd88b74b86ec1d0ec8c25_stocks_etl_dag","filename":"stocks_etl_dag.py","lineno":103}
{"timestamp":"2026-08-19T05:44:33.896195Z","level":"info","event":"Filling up the DagBag from /opt/airflow/dags/stocks_etl_dag.py","logger":"airflow.dag_processing.dagbag.BundleDagBag","filename":"dagbag.py","lineno":460}
{"timestamp":"2026-08-19T05:44:34.146728Z","level":"info","event":"Pyspark imported, version: 3.5.2","logger":"unusual_prefix_377e48747e3957bb035dd88b74b86ec1d0ec8c25_stocks_etl_dag","filename":"stocks_etl_dag.py","lineno":24}
{"timestamp":"2026-08-19T05:44:35.571648Z","level":"info","event":"ETL function imported succesfully!","logger":"unusual_prefix_377e48747e3957bb035dd88b74b86ec1d0ec8c25_stocks_etl_dag","filename":"stocks_etl_dag.py","lineno":32}
{"timestamp":"2026-08-19T05:44:35.584065Z","level":"info","event":"DAG loaded sucessfully!","logger":"unusual_prefix_377e48747e3957bb035dd88b74b86ec1d0ec8c25_stocks_etl_dag","filename":"stocks_etl_dag.py","lineno":103}
{"timestamp":"2026-08-19T05:45:06.273433Z","level":"info","event":"Filling up the DagBag from /opt/airflow/dags/stocks_etl_dag.py","logger":"airflow.dag_processing.dagbag.BundleDagBag","filename":"dagbag.py","lineno":460}
{"timestamp":"2026-08-19T05:45:06.580643Z","level":"info","event":"Pyspark imported, version: 3.5.2","logger":"unusual_prefix_377e48747e3957bb035dd88b74b86ec1d0ec8c25_stocks_etl_dag","filename":"stocks_etl_dag.py","lineno":24}
{"timestamp":"2026-08-19T05:45:07.930330Z","level":"info","event":"ETL function imported succesfully!","logger":"unusual_prefix_377e48747e3957bb035dd88b74b86ec1d0ec8c25_stocks_etl_dag","filename":"stocks_etl_dag.py","lineno":32}
{"timestamp":"2026-08-19T05:45:07.939596Z","level":"info","event":"DAG loaded sucessfully!","logger":"unusual_prefix_377e48747e3957bb035dd88b74b86ec1d0ec8c25_stocks_etl_dag","filename":"stocks_etl_dag.py","lineno":103}
{"timestamp":"2026-08-19T05:45:38.479021Z","level":"info","event":"Filling up the DagBag from /opt/airflow/dags/stocks_etl_dag.py","logger":"airflow.dag_processing.dagbag.BundleDagBag","filename":"dagbag.py","lineno":460}
{"timestamp":"2026-08-19T05:45:38.888231Z","level":"info","event":"Pyspark imported, version: 3.5.2","logger":"unusual_prefix_377e48747e3957bb035dd88b74b86ec1d0ec8c25_stocks_etl_dag","filename":"stocks_etl_dag.py","lineno":24}
{"timestamp":"2026-08-19T05:45:40.516677Z","level":"info","event":"ETL function imported succesfully!","logger":"unusual_prefix_377e48747e3957bb035dd88b74b86ec1d0ec8c25_stocks_etl_dag","filename":"stocks_etl_dag.py","lineno":32}
{"timestamp":"2026-08-19T05:45:40.525292Z","level":"info","event":"DAG loaded sucessfully!","logger":"unusual_prefix_377e48747e3957bb035dd88b74b86ec1d0ec8c25_stocks_etl_dag","filename":"stocks_etl_dag.py","lineno":103}
{"timestamp":"2026-08-19T05:46:11.114166Z","level":"info","event":"Filling up the DagBag from /opt/airflow/dags/stocks_etl_dag.py","logger":"airflow.dag_processing.dagbag.BundleDagBag","filename":"dagbag.py","lineno":460}
{"timestamp":"2026-08-19T05:46:11.466711Z","level":"info","event":"Pyspark imported, version: 3.5.2","logger":"unusual_prefix_377e48747e3957bb035dd88b74b86ec1d0ec8c25_stocks_etl_dag","filename":"stocks_etl_dag.py","lineno":24}
{"timestamp":"2026-08-19T05:46:13.332357Z","level":"info","event":"ETL function imported succesfully!","logger":"unusual_prefix_377e48747e3957bb035dd88b74b86ec1d0ec8c25_stocks_etl_dag","filename":"stocks_etl_dag.py","lineno":32}
{"timestamp":"2026-08-19T05:46:13.339660Z","level":"info","event":"DAG loaded sucessfully!","logger":"unusual_prefix_377e48747e3957bb035dd88b74b86ec1d0ec8c25_stocks_etl_dag","filename":"stocks_etl_dag.py","lineno":103}
{"timestamp":"2026-08-19T05:46:43.861183Z","level":"info","event":"Filling up the DagBag from /opt/airflow/dags/stocks_etl_dag.py","logger":"airflow.dag_processing.dagbag.BundleDagBag","filename":"dagbag.py","lineno":460}
{"timestamp":"2026-08-19T05:46:44.295763Z","level":"info","event":"Pyspark imported, version: 3.5.2","logger":"unusual_prefix_377e48747e3957bb035dd88b74b86ec1d0ec8c25_stocks_etl_dag","filename":"stocks_etl_dag.py","lineno":24}
{"timestamp":"2026-08-19T05:46:45.804872Z","level":"info","event":"ETL function imported succesfully!","logger":"unusual_prefix_377e48747e3957bb035dd88b74b86ec1d0ec8c25_stocks_etl_dag","filename":"stocks_etl_dag.py","lineno":32}
{"timestamp":"2026-08-19T05:46:45.836188Z","level":"info","event":"DAG loaded sucessfully!","logger":"unusual_prefix_377e48747e3957bb035dd88b74b86ec1d0ec8c25_stocks_etl_dag","filename":"stocks_etl_dag.py","lineno":103}
{"timestamp":"2026-08-19T05:47:16.505085Z","level":"info","event":"Filling up the DagBag from /opt/airflow/dags/stocks_etl_dag.py","logger":"airflow.dag_processing.dagbag.BundleDagBag","filename":"dagbag.py","lineno":460}
{"timestamp":"2026-08-19T05:47:16.884328Z","level":"info","event":"Pyspark imported, version: 3.5.2","logger":"unusual_prefix_377e48747e3957bb035dd88b74b86ec1d0ec8c25_stocks_etl_dag","filename":"stocks_etl_dag.py","lineno":24}
{"timestamp":"2026-08-19T05:47:18.580870Z","level":"info","event":"ETL function imported succesfully!","logger":"unusual_prefix_377e48747e3957bb035dd88b74b86ec1d0ec8c25_stocks_etl_dag","filename":"stocks_etl_dag.py","lineno":32}
{"timestamp":"2026-08-19T05:47:18.589517Z","level":"info","event":"DAG loaded sucessfully!","logger":"unusual_prefix_377e48747e3957bb035dd88b74b86ec1d0ec8c25_stocks_etl_dag","filename":"stocks_etl_dag.py","lineno":103}
{"timestamp":"2026-08-19T05:47:49.054536Z","level":"info","event":"Filling up the DagBag from /opt/airflow/dags/stocks_etl_dag.py","logger":"airflow.dag_processing.dagbag.BundleDagBag","filename":"dagbag.py","lineno":460}
{"timestamp":"2026-08-19T05:47:49.306105Z","level":"info","event":"Pyspark imported, version: 3.5.2","logger":"unusual_prefix_377e48747e3957bb035dd88b74b86ec1d0ec8c25_stocks_etl_dag","filename":"stocks_etl_dag.py","lineno":24}
{"timestamp":"2026-08-19T05:47:50.045836Z","level":"info","event":"ETL function imported succesfully!","logger":"unusual_prefix_377e48747e3957bb035dd88b74b86ec1d0ec8c25_stocks_etl_dag","filename":"stocks_etl_dag.py","lineno":32}
{"timestamp":"2026-08-19T05:47:50.053067Z","level":"info","event":"DAG loaded sucessfully!","logger":"unusual_prefix_377e48747e3957bb035dd88b74b86ec1d0ec8c25_stocks_etl_dag","filename":"stocks_etl_dag.py","lineno":103}
{"timestamp":"2026-08-19T05:48:20.627681Z","level":"info","event":"Filling up the DagBag from /opt/airflow/dags/stocks_etl_dag.py","logger":"airflow.dag_processing.dagbag.BundleDagBag","filename":"dagbag.py","lineno":460}
{"timestamp":"2026-08-19T05:48:20.919029Z","level":"info","event":"Pyspark imported, version: 3.5.2","logger":"unusual_prefix_377e48747e3957bb035dd88b74b86ec1d0ec8c25_stocks_etl_dag","filename":"stocks_etl_dag.py","lineno":24}
{"timestamp":"2026-08-19T05:48:22.142559Z","level":"info","event":"ETL function imported succesfully!","logger":"unusual_prefix_377e48747e3957bb035dd88b74b86ec1d0ec8c25_stocks_etl_dag","filename":"stocks_etl_dag.py","lineno":32}
{"timestamp":"2026-08-19T05:48:22.149727Z","level":"info","event":"DAG loaded sucessfully!","logger":"unusual_prefix_377e48747e3957bb035dd88b74b86ec1d0ec8c25_stocks_etl_dag","filename":"stocks_etl_dag.py","lineno":103}
{"timestamp":"2026-08-19T05:48:52.821062Z","level":"info","event":"Filling up the DagBag from /opt/airflow/dags/stocks_etl_dag.py","logger":"airflow.dag_processing.dagbag.BundleDagBag","filename":"dagbag.py","lineno":460}
{"timestamp":"2026-08-19T05:48:52.969012Z","level":"info","event":"Pyspark imported, version: 3.5.2","logger":"unusual_prefix_377e48747e3957bb035dd88b74b86ec1d0ec8c25_stocks_etl_dag","filename":"stocks_etl_dag.py","lineno":24}
{"timestamp":"2026-08-19T05:48:53.735636Z","level":"info","event":"ETL function imported succesfully!","logger":"unusual_prefix_377e48747e3957bb035dd88b74b86ec1d0ec8c25_stocks_etl_dag","filename":"stocks_etl_dag.py","lineno":32}
{"timestamp":"2026-08-19T05:48:53.743590Z","level":"info","event":"DAG loaded sucessfully!","logger":"unusual_prefix_377e48747e3957bb035dd88b74b86ec1d0ec8c25_stocks_etl_dag","filename":"stocks_etl_dag.py","lineno":103}
{"timestamp":"2026-08-19T05:49:24.243448Z","level":"info","event":"Filling up the DagBag from /opt/airflow/dags/stocks_etl_dag.py","logger":"airflow.dag_processing.dagbag.BundleDagBag","filename":"dagbag.py","lineno":460}
{"timestamp":"2026-08-19T05:49:24.480354Z","level":"info","event":"Pyspark imported, version: 3.5.2","logger":"unusual_prefix_377e48747e3957bb035dd88b74b86ec1d0ec8c25_stocks_etl_dag","filename":"stocks_etl_dag.py","lineno":24}
{"timestamp":"2026-08-19T05:49:25.542156Z","level":"info","event":"ETL function imported succesfully!","logger":"unusual_prefix_377e48747e3957bb035dd88b74b86ec1d0ec8c25_stocks_etl_dag","filename":"stocks_etl_dag.py","lineno":32}
{"timestamp":"2026-08-19T05:49:25.548289Z","level":"info","event":"DAG loaded sucessfully!","logger":"unusual_prefix_377e48747e3957bb035dd88b74b86ec1d0ec8c25_stocks_etl_dag","filename":"stocks_etl_dag.py","lineno":103}
{"timestamp":"2026-08-19T05:49:56.009310Z","level":"info","event":"Filling up the DagBag from /opt/airflow/dags/stocks_etl_dag.py","logger":"airflow.dag_processing.dagbag.BundleDagBag","filename":"dagbag.py","lineno":460}
{"timestamp":"2026-08-19T05:49:56.342471Z","level":"info","event":"Pyspark imported, version: 3.5.2","logger":"unusual_prefix_377e48747e3957bb035dd88b74b86ec1d0ec8c25_stocks_etl_dag","filename":"stocks_etl_dag.py","lineno":24}
{"timestamp":"2026-08-19T05:49:58.373223Z","level":"info","event":"ETL function imported succesfully!","logger":"unusual_prefix_377e48747e3957bb035dd88b74b86ec1d0ec8c25_stocks_etl_dag","filename":"stocks_etl_dag.py","lineno":32}
{"timestamp":"2026-08-19T05:49:58.380769Z","level":"info","event":"DAG loaded sucessfully!","logger":"unusual_prefix_377e48747e3957bb035dd88b74b86ec1d0ec8c25_stocks_etl_dag","filename":"stocks_etl_dag.py","lineno":103}
{"timestamp":"2026-08-19T05:50:28.885917Z","level":"info","event":"Filling up the DagBag from /opt/airflow/dags/stocks_etl_dag.py","logger":"airflow.dag_processing.dagbag.BundleDagBag","filename":"dagbag.py","lineno":460}
{"timestamp":"2026-08-19T05:50:29.244982Z","level":"info","event":"Pyspark imported, version: 3.5.2","logger":"unusual_prefix_377e48747e3957bb035dd88b74b86ec1d0ec8c25_stocks_etl_dag","filename":"stocks_etl_dag.py","lineno":24}
{"timestamp":"2026-08-19T05:50:30.663690Z","level":"info","event":"ETL function imported succesfully!","logger":"unusual_prefix_377e48747e3957bb035dd88b74b86ec1d0ec8c25_stocks_etl_dag","filename":"stocks_etl_dag.py","lineno":32}
{"timestamp":"2026-08-19T05:50:30.672478Z","level":"info","event":"DAG loaded sucessfully!","logger":"unusual_prefix_377e48747e3957bb035dd88b74b86ec1d0ec8c25_stocks_etl_dag","filename":"stocks_etl_dag.py","lineno":103}
{"timestamp":"2026-08-19T05:51:01.473573Z","level":"info","event":"Filling up the DagBag from /opt/airflow/dags/stocks_etl_dag.py","logger":"airflow.dag_processing.dagbag.BundleDagBag","filename":"dagbag.py","lineno":460}
{"timestamp":"2026-08-19T05:51:01.805067Z","level":"info","event":"Pyspark imported, version: 3.5.2","logger":"unusual_prefix_377e48747e3957bb035dd88b74b86ec1d0ec8c25_stocks_etl_dag","filename":"stocks_etl_dag.py","lineno":24}
{"timestamp":"2026-08-19T05:51:03.232924Z","level":"info","event":"ETL function imported succesfully!","logger":"unusual_prefix_377e48747e3957bb035dd88b74b86ec1d0ec8c25_stocks_etl_dag","filename":"stocks_etl_dag.py","lineno":32}
{"timestamp":"2026-08-19T05:51:03.242746Z","level":"info","event":"DAG loaded sucessfully!","logger":"unusual_prefix_377e48747e3957bb035dd88b74b86ec1d0ec8c25_stocks_etl_dag","filename":"stocks_etl_dag.py","lineno":103}
{"timestamp":"2026-08-19T05:51:34.006772Z","level":"info","event":"Filling up the DagBag from /opt/airflow/dags/stocks_etl_dag.py","logger":"airflow.dag_processing.dagbag.BundleDagBag","filename":"dagbag.py","lineno":460}
{"timestamp":"2026-08-19T05:51:34.344786Z","level":"info","event":"Pyspark imported, version: 3.5.2","logger":"unusual_prefix_377e48747e3957bb035dd88b74b86ec1d0ec8c25_stocks_etl_dag","filename":"stocks_etl_dag.py","lineno":24}
{"timestamp":"2026-08-19T05:51:36.110425Z","level":"info","event":"ETL function imported succesfully!","logger":"unusual_prefix_377e48747e3957bb035dd88b74b86ec1d0ec8c25_stocks_etl_dag","filename":"stocks_etl_dag.py","lineno":32}
{"timestamp":"2026-08-19T05:51:36.117718Z","level":"info","event":"DAG loaded sucessfully!","logger":"unusual_prefix_377e48747e3957bb035dd88b74b86ec1d0ec8c25_stocks_etl_dag","filename":"stocks_etl_dag.py","lineno":103}
{"timestamp":"2026-08-19T05:52:06.774175Z","level":"info","event":"Filling up the DagBag from /opt/airflow/dags/stocks_etl_dag.py","logger":"airflow.dag_processing.dagbag.BundleDagBag","filename":"dagbag.py","lineno":460}
{"timestamp":"2026-08-19T05:52:07.277246Z","level":"info","event":"Pyspark imported, version: 3.5.2","logger":"unusual_prefix_377e48747e3957bb035dd88b74b86ec1d0ec8c25_stocks_etl_dag","filename":"stocks_etl_dag.py","lineno":24}
{"timestamp":"2026-08-19T05:52:08.731375Z","level":"info","event":"ETL function imported succesfully!","logger":"unusual_prefix_377e48747e3957bb035dd88b74b86ec1d0ec8c25_stocks_etl_dag","filename":"stocks_etl_dag.py","lineno":32}
{"timestamp":"2026-08-19T05:52:08.738827Z","level":"info","event":"DAG loaded sucessfully!","logger":"unusual_prefix_377e48747e3957bb035dd88b74b86ec1d0ec8c25_stocks_etl_dag","filename":"stocks_etl_dag.py","lineno":103}
{"timestamp":"2026-08-19T05:52:39.001869Z","level":"info","event":"Filling up the DagBag from /opt/airflow/dags/stocks_etl_dag.py","logger":"airflow.dag_processing.dagbag.BundleDagBag","filename":"dagbag.py","lineno":460}
{"timestamp":"2026-08-19T05:52:39.421696Z","level":"info","event":"Pyspark imported, version: 3.5.2","logger":"unusual_prefix_377e48747e3957bb035dd88b74b86ec1d0ec8c25_stocks_etl_dag","filename":"stocks_etl_dag.py","lineno":24}
{"timestamp":"2026-08-19T05:52:40.779735Z","level":"info","event":"ETL function imported succesfully!","logger":"unusual_prefix_377e48747e3957bb035dd88b74b86ec1d0ec8c25_stocks_etl_dag","filename":"stocks_etl_dag.py","lineno":32}
{"timestamp":"2026-08-19T05:52:40.788573Z","level":"info","event":"DAG loaded sucessfully!","logger":"unusual_prefix_377e48747e3957bb035dd88b74b86ec1d0ec8c25_stocks_etl_dag","filename":"stocks_etl_dag.py","lineno":103}
{"timestamp":"2026-08-19T05:53:11.252534Z","level":"info","event":"Filling up the DagBag from /opt/airflow/dags/stocks_etl_dag.py","logger":"airflow.dag_processing.dagbag.BundleDagBag","filename":"dagbag.py","lineno":460}
{"timestamp":"2026-08-19T05:53:11.584198Z","level":"info","event":"Pyspark imported, version: 3.5.2","logger":"unusual_prefix_377e48747e3957bb035dd88b74b86ec1d0ec8c25_stocks_etl_dag","filename":"stocks_etl_dag.py","lineno":24}
{"timestamp":"2026-08-19T05:53:12.861353Z","level":"info","event":"ETL function imported succesfully!","logger":"unusual_prefix_377e48747e3957bb035dd88b74b86ec1d0ec8c25_stocks_etl_dag","filename":"stocks_etl_dag.py","lineno":32}
{"timestamp":"2026-08-19T05:53:12.868776Z","level":"info","event":"DAG loaded sucessfully!","logger":"unusual_prefix_377e48747e3957bb035dd88b74b86ec1d0ec8c25_stocks_etl_dag","filename":"stocks_etl_dag.py","lineno":103}
{"timestamp":"2026-08-19T05:53:43.322148Z","level":"info","event":"Filling up the DagBag from /opt/airflow/dags/stocks_etl_dag.py","logger":"airflow.dag_processing.dagbag.BundleDagBag","filename":"dagbag.py","lineno":460}
{"timestamp":"2026-08-19T05:53:43.560168Z","level":"info","event":"Pyspark imported, version: 3.5.2","logger":"unusual_prefix_377e48747e3957bb035dd88b74b86ec1d0ec8c25_stocks_etl_dag","filename":"stocks_etl_dag.py","lineno":24}
{"timestamp":"2026-08-19T05:53:44.567136Z","level":"info","event":"ETL function imported succesfully!","logger":"unusual_prefix_377e48747e3957bb035dd88b74b86ec1d0ec8c25_stocks_etl_dag","filename":"stocks_etl_dag.py","lineno":32}
{"timestamp":"2026-08-19T05:53:44.575186Z","level":"info","event":"DAG loaded sucessfully!","logger":"unusual_prefix_377e48747e3957bb035dd88b74b86ec1d0ec8c25_stocks_etl_dag","filename":"stocks_etl_dag.py","lineno":103}
{"timestamp":"2026-08-19T05:54:15.092795Z","level":"info","event":"Filling up the DagBag from /opt/airflow/dags/stocks_etl_dag.py","logger":"airflow.dag_processing.dagbag.BundleDagBag","filename":"dagbag.py","lineno":460}
{"timestamp":"2026-08-19T05:54:15.283778Z","level":"info","event":"Pyspark imported, version: 3.5.2","logger":"unusual_prefix_377e48747e3957bb035dd88b74b86ec1d0ec8c25_stocks_etl_dag","filename":"stocks_etl_dag.py","lineno":24}
{"timestamp":"2026-08-19T05:54:16.151224Z","level":"info","event":"ETL function imported succesfully!","logger":"unusual_prefix_377e48747e3957bb035dd88b74b86ec1d0ec8c25_stocks_etl_dag","filename":"stocks_etl_dag.py","lineno":32}
{"timestamp":"2026-08-19T05:54:16.156937Z","level":"info","event":"DAG loaded sucessfully!","logger":"unusual_prefix_377e48747e3957bb035dd88b74b86ec1d0ec8c25_stocks_etl_dag","filename":"stocks_etl_dag.py","lineno":103}
{"timestamp":"2026-08-19T05:54:46.622473Z","level":"info","event":"Filling up the DagBag from /opt/airflow/dags/stocks_etl_dag.py","logger":"airflow.dag_processing.dagbag.BundleDagBag","filename":"dagbag.py","lineno":460}
{"timestamp":"2026-08-19T05:54:46.797623Z","level":"info","event":"Pyspark imported, version: 3.5.2","logger":"unusual_prefix_377e48747e3957bb035dd88b74b86ec1d0ec8c25_stocks_etl_dag","filename":"stocks_etl_dag.py","lineno":24}
{"timestamp":"2026-08-19T05:54:47.862792Z","level":"info","event":"ETL function imported succesfully!","logger":"unusual_prefix_377e48747e3957bb035dd88b74b86ec1d0ec8c25_stocks_etl_dag","filename":"stocks_etl_dag.py","lineno":32}
{"timestamp":"2026-08-19T05:54:47.867960Z","level":"info","event":"DAG loaded sucessfully!","logger":"unusual_prefix_377e48747e3957bb035dd88b74b86ec1d0ec8c25_stocks_etl_dag","filename":"stocks_etl_dag.py","lineno":103}
{"timestamp":"2026-08-19T05:55:18.464019Z","level":"info","event":"Filling up the DagBag from /opt/airflow/dags/stocks_etl_dag.py","logger":"airflow.dag_processing.dagbag.BundleDagBag","filename":"dagbag.py","lineno":460}
{"timestamp":"2026-08-19T05:55:18.758693Z","level":"info","event":"Pyspark imported, version: 3.5.2","logger":"unusual_prefix_377e48747e3957bb035dd88b74b86ec1d0ec8c25_stocks_etl_dag","filename":"stocks_etl_dag.py","lineno":24}
{"timestamp":"2026-08-19T05:55:20.490497Z","level":"info","event":"ETL function imported succesfully!","logger":"unusual_prefix_377e48747e3957bb035dd88b74b86ec1d0ec8c25_stocks_etl_dag","filename":"stocks_etl_dag.py","lineno":32}
{"timestamp":"2026-08-19T05:55:20.496806Z","level":"info","event":"DAG loaded sucessfully!","logger":"unusual_prefix_377e48747e3957bb035dd88b74b86ec1d0ec8c25_stocks_etl_dag","filename":"stocks_etl_dag.py","lineno":103}
{"timestamp":"2026-08-19T05:55:50.993099Z","level":"info","event":"Filling up the DagBag from /opt/airflow/dags/stocks_etl_dag.py","logger":"airflow.dag_processing.dagbag.BundleDagBag","filename":"dagbag.py","lineno":460}
{"timestamp":"2026-08-19T05:55:51.288406Z","level":"info","event":"Pyspark imported, version: 3.5.2","logger":"unusual_prefix_377e48747e3957bb035dd88b74b86ec1d0ec8c25_stocks_etl_dag","filename":"stocks_etl_dag.py","lineno":24}
{"timestamp":"2026-08-19T05:55:52.630601Z","level":"info","event":"ETL function imported succesfully!","logger":"unusual_prefix_377e48747e3957bb035dd88b74b86ec1d0ec8c25_stocks_etl_dag","filename":"stocks_etl_dag.py","lineno":32}
{"timestamp":"2026-08-19T05:55:52.639338Z","level":"info","event":"DAG loaded sucessfully!","logger":"unusual_prefix_377e48747e3957bb035dd88b74b86ec1d0ec8c25_stocks_etl_dag","filename":"stocks_etl_dag.py","lineno":103}
{"timestamp":"2026-08-19T05:56:23.381034Z","level":"info","event":"Filling up the DagBag from /opt/airflow/dags/stocks_etl_dag.py","logger":"airflow.dag_processing.dagbag.BundleDagBag","filename":"dagbag.py","lineno":460}
{"timestamp":"2026-08-19T05:56:23.607554Z","level":"info","event":"Pyspark imported, version: 3.5.2","logger":"unusual_prefix_377e48747e3957bb035dd88b74b86ec1d0ec8c25_stocks_etl_dag","filename":"stocks_etl_dag.py","lineno":24}
{"timestamp":"2026-08-19T05:56:24.435785Z","level":"info","event":"ETL function imported succesfully!","logger":"unusual_prefix_377e48747e3957bb035dd88b74b86ec1d0ec8c25_stocks_etl_dag","filename":"stocks_etl_dag.py","lineno":32}
{"timestamp":"2026-08-19T05:56:24.440485Z","level":"info","event":"DAG loaded sucessfully!","logger":"unusual_prefix_377e48747e3957bb035dd88b74b86ec1d0ec8c25_stocks_etl_dag","filename":"stocks_etl_dag.py","lineno":103}
{"timestamp":"2026-08-19T05:56:54.880453Z","level":"info","event":"Filling up the DagBag from /opt/airflow/dags/stocks_etl_dag.py","logger":"airflow.dag_processing.dagbag.BundleDagBag","filename":"dagbag.py","lineno":460}
{"timestamp":"2026-08-19T05:56:55.203598Z","level":"info","event":"Pyspark imported, version: 3.5.2","logger":"unusual_prefix_377e48747e3957bb035dd88b74b86ec1d0ec8c25_stocks_etl_dag","filename":"stocks_etl_dag.py","lineno":24}
{"timestamp":"2026-08-19T05:56:56.338058Z","level":"info","event":"ETL function imported succesfully!","logger":"unusual_prefix_377e48747e3957bb035dd88b74b86ec1d0ec8c25_stocks_etl_dag","filename":"stocks_etl_dag.py","lineno":32}
{"timestamp":"2026-08-19T05:56:56.344238Z","level":"info","event":"DAG loaded sucessfully!","logger":"unusual_prefix_377e48747e3957bb035dd88b74b86ec1d0ec8c25_stocks_etl_dag","filename":"stocks_etl_dag.py","lineno":103}
{"timestamp":"2026-08-19T05:57:26.807941Z","level":"info","event":"Filling up the DagBag from /opt/airflow/dags/stocks_etl_dag.py","logger":"airflow.dag_processing.dagbag.BundleDagBag","filename":"dagbag.py","lineno":460}
{"timestamp":"2026-08-19T05:57:26.992421Z","level":"info","event":"Pyspark imported, version: 3.5.2","logger":"unusual_prefix_377e48747e3957bb035dd88b74b86ec1d0ec8c25_stocks_etl_dag","filename":"stocks_etl_dag.py","lineno":24}
{"timestamp":"2026-08-19T05:57:28.300679Z","level":"info","event":"ETL function imported succesfully!","logger":"unusual_prefix_377e48747e3957bb035dd88b74b86ec1d0ec8c25_stocks_etl_dag","filename":"stocks_etl_dag.py","lineno":32}
{"timestamp":"2026-08-19T05:57:28.307423Z","level":"info","event":"DAG loaded sucessfully!","logger":"unusual_prefix_377e48747e3957bb035dd88b74b86ec1d0ec8c25_stocks_etl_dag","filename":"stocks_etl_dag.py","lineno":103}
{"timestamp":"2026-08-19T05:57:58.821221Z","level":"info","event":"Filling up the DagBag from /opt/airflow/dags/stocks_etl_dag.py","logger":"airflow.dag_processing.dagbag.BundleDagBag","filename":"dagbag.py","lineno":460}
{"timestamp":"2026-08-19T05:57:59.220489Z","level":"info","event":"Pyspark imported, version: 3.5.2","logger":"unusual_prefix_377e48747e3957bb035dd88b74b86ec1d0ec8c25_stocks_etl_dag","filename":"stocks_etl_dag.py","lineno":24}
{"timestamp":"2026-08-19T05:58:00.722381Z","level":"info","event":"ETL function imported succesfully!","logger":"unusual_prefix_377e48747e3957bb035dd88b74b86ec1d0ec8c25_stocks_etl_dag","filename":"stocks_etl_dag.py","lineno":32}
{"timestamp":"2026-08-19T05:58:00.732549Z","level":"info","event":"DAG loaded sucessfully!","logger":"unusual_prefix_377e48747e3957bb035dd88b74b86ec1d0ec8c25_stocks_etl_dag","filename":"stocks_etl_dag.py","lineno":103}
{"timestamp":"2026-08-19T05:58:31.363374Z","level":"info","event":"Filling up the DagBag from /opt/airflow/dags/stocks_etl_dag.py","logger":"airflow.dag_processing.dagbag.BundleDagBag","filename":"dagbag.py","lineno":460}
{"timestamp":"2026-08-19T05:58:31.673279Z","level":"info","event":"Pyspark imported, version: 3.5.2","logger":"unusual_prefix_377e48747e3957bb035dd88b74b86ec1d0ec8c25_stocks_etl_dag","filename":"stocks_etl_dag.py","lineno":24}
{"timestamp":"2026-08-19T05:58:33.036986Z","level":"info","event":"ETL function imported succesfully!","logger":"unusual_prefix_377e48747e3957bb035dd88b74b86ec1d0ec8c25_stocks_etl_dag","filename":"stocks_etl_dag.py","lineno":32}
{"timestamp":"2026-08-19T05:58:33.046051Z","level":"info","event":"DAG loaded sucessfully!","logger":"unusual_prefix_377e48747e3957bb035dd88b74b86ec1d0ec8c25_stocks_etl_dag","filename":"stocks_etl_dag.py","lineno":103}
{"timestamp":"2026-08-19T05:59:03.665135Z","level":"info","event":"Filling up the DagBag from /opt/airflow/dags/stocks_etl_dag.py","logger":"airflow.dag_processing.dagbag.BundleDagBag","filename":"dagbag.py","lineno":460}
{"timestamp":"2026-08-19T05:59:03.840238Z","level":"info","event":"Pyspark imported, version: 3.5.2","logger":"unusual_prefix_377e48747e3957bb035dd88b74b86ec1d0ec8c25_stocks_etl_dag","filename":"stocks_etl_dag.py","lineno":24}
{"timestamp":"2026-08-19T05:59:04.650268Z","level":"info","event":"ETL function imported succesfully!","logger":"unusual_prefix_377e48747e3957bb035dd88b74b86ec1d0ec8c25_stocks_etl_dag","filename":"stocks_etl_dag.py","lineno":32}
{"timestamp":"2026-08-19T05:59:04.656318Z","level":"info","event":"DAG loaded sucessfully!","logger":"unusual_prefix_377e48747e3957bb035dd88b74b86ec1d0ec8c25_stocks_etl_dag","filename":"stocks_etl_dag.py","lineno":103}
{"timestamp":"2026-08-19T05:59:35.140511Z","level":"info","event":"Filling up the DagBag from /opt/airflow/dags/stocks_etl_dag.py","logger":"airflow.dag_processing.dagbag.BundleDagBag","filename":"dagbag.py","lineno":460}
{"timestamp":"2026-08-19T05:59:35.516977Z","level":"info","event":"Pyspark imported, version: 3.5.2","logger":"unusual_prefix_377e48747e3957bb035dd88b74b86ec1d0ec8c25_stocks_etl_dag","filename":"stocks_etl_dag.py","lineno":24}
{"timestamp":"2026-08-19T05:59:36.975002Z","level":"info","event":"ETL function imported succesfully!","logger":"unusual_prefix_377e48747e3957bb035dd88b74b86ec1d0ec8c25_stocks_etl_dag","filename":"stocks_etl_dag.py","lineno":32}
{"timestamp":"2026-08-19T05:59:36.982559Z","level":"info","event":"DAG loaded sucessfully!","logger":"unusual_prefix_377e48747e3957bb035dd88b74b86ec1d0ec8c25_stocks_etl_dag","filename":"stocks_etl_dag.py","lineno":103}
{"timestamp":"2026-08-19T06:00:07.756874Z","level":"info","event":"Filling up the DagBag from /opt/airflow/dags/stocks_etl_dag.py","logger":"airflow.dag_processing.dagbag.BundleDagBag","filename":"dagbag.py","lineno":460}
{"timestamp":"2026-08-19T06:00:08.156999Z","level":"info","event":"Pyspark imported, version: 3.5.2","logger":"unusual_prefix_377e48747e3957bb035dd88b74b86ec1d0ec8c25_stocks_etl_dag","filename":"stocks_etl_dag.py","lineno":24}
{"timestamp":"2026-08-19T06:00:09.511142Z","level":"info","event":"ETL function imported succesfully!","logger":"unusual_prefix_377e48747e3957bb035dd88b74b86ec1d0ec8c25_stocks_etl_dag","filename":"stocks_etl_dag.py","lineno":32}
{"timestamp":"2026-08-19T06:00:09.519318Z","level":"info","event":"DAG loaded sucessfully!","logger":"unusual_prefix_377e48747e3957bb035dd88b74b86ec1d0ec8c25_stocks_etl_dag","filename":"stocks_etl_dag.py","lineno":103}
{"timestamp":"2026-08-19T06:00:39.989281Z","level":"info","event":"Filling up the DagBag from /opt/airflow/dags/stocks_etl_dag.py","logger":"airflow.dag_processing.dagbag.BundleDagBag","filename":"dagbag.py","lineno":460}
{"timestamp":"2026-08-19T06:00:40.275324Z","level":"info","event":"Pyspark imported, version: 3.5.2","logger":"unusual_prefix_377e48747e3957bb035dd88b74b86ec1d0ec8c25_stocks_etl_dag","filename":"stocks_etl_dag.py","lineno":24}
{"timestamp":"2026-08-19T06:00:41.573655Z","level":"info","event":"ETL function imported succesfully!","logger":"unusual_prefix_377e48747e3957bb035dd88b74b86ec1d0ec8c25_stocks_etl_dag","filename":"stocks_etl_dag.py","lineno":32}
{"timestamp":"2026-08-19T06:00:41.583032Z","level":"info","event":"DAG loaded sucessfully!","logger":"unusual_prefix_377e48747e3957bb035dd88b74b86ec1d0ec8c25_stocks_etl_dag","filename":"stocks_etl_dag.py","lineno":103}
{"timestamp":"2026-08-19T06:01:12.040063Z","level":"info","event":"Filling up the DagBag from /opt/airflow/dags/stocks_etl_dag.py","logger":"airflow.dag_processing.dagbag.BundleDagBag","filename":"dagbag.py","lineno":460}
{"timestamp":"2026-08-19T06:01:12.324277Z","level":"info","event":"Pyspark imported, version: 3.5.2","logger":"unusual_prefix_377e48747e3957bb035dd88b74b86ec1d0ec8c25_stocks_etl_dag","filename":"stocks_etl_dag.py","lineno":24}
{"timestamp":"2026-08-19T06:01:13.358661Z","level":"info","event":"ETL function imported succesfully!","logger":"unusual_prefix_377e48747e3957bb035dd88b74b86ec1d0ec8c25_stocks_etl_dag","filename":"stocks_etl_dag.py","lineno":32}
{"timestamp":"2026-08-19T06:01:13.366630Z","level":"info","event":"DAG loaded sucessfully!","logger":"unusual_prefix_377e48747e3957bb035dd88b74b86ec1d0ec8c25_stocks_etl_dag","filename":"stocks_etl_dag.py","lineno":103}
{"timestamp":"2026-08-19T06:01:44.024814Z","level":"info","event":"Filling up the DagBag from /opt/airflow/dags/stocks_etl_dag.py","logger":"airflow.dag_processing.dagbag.BundleDagBag","filename":"dagbag.py","lineno":460}
{"timestamp":"2026-08-19T06:01:44.377325Z","level":"info","event":"Pyspark imported, version: 3.5.2","logger":"unusual_prefix_377e48747e3957bb035dd88b74b86ec1d0ec8c25_stocks_etl_dag","filename":"stocks_etl_dag.py","lineno":24}
{"timestamp":"2026-08-19T06:01:45.593934Z","level":"info","event":"ETL function imported succesfully!","logger":"unusual_prefix_377e48747e3957bb035dd88b74b86ec1d0ec8c25_stocks_etl_dag","filename":"stocks_etl_dag.py","lineno":32}
{"timestamp":"2026-08-19T06:01:45.600378Z","level":"info","event":"DAG loaded sucessfully!","logger":"unusual_prefix_377e48747e3957bb035dd88b74b86ec1d0ec8c25_stocks_etl_dag","filename":"stocks_etl_dag.py","lineno":103}
{"timestamp":"2026-08-19T06:02:16.058673Z","level":"info","event":"Filling up the DagBag from /opt/airflow/dags/stocks_etl_dag.py","logger":"airflow.dag_processing.dagbag.BundleDagBag","filename":"dagbag.py","lineno":460}
{"timestamp":"2026-08-19T06:02:16.373362Z","level":"info","event":"Pyspark imported, version: 3.5.2","logger":"unusual_prefix_377e48747e3957bb035dd88b74b86ec1d0ec8c25_stocks_etl_dag","filename":"stocks_etl_dag.py","lineno":24}
{"timestamp":"2026-08-19T06:02:17.776280Z","level":"info","event":"ETL function imported succesfully!","logger":"unusual_prefix_377e48747e3957bb035dd88b74b86ec1d0ec8c25_stocks_etl_dag","filename":"stocks_etl_dag.py","lineno":32}
{"timestamp":"2026-08-19T06:02:17.785532Z","level":"info","event":"DAG loaded sucessfully!","logger":"unusual_prefix_377e48747e3957bb035dd88b74b86ec1d0ec8c25_stocks_etl_dag","filename":"stocks_etl_dag.py","lineno":103}
{"timestamp":"2026-08-19T06:02:48.468862Z","level":"info","event":"Filling up the DagBag from /opt/airflow/dags/stocks_etl_dag.py","logger":"airflow.dag_processing.dagbag.BundleDagBag","filename":"dagbag.py","lineno":460}
{"timestamp":"2026-08-19T06:02:48.802026Z","level":"info","event":"Pyspark imported, version: 3.5.2","logger":"unusual_prefix_377e48747e3957bb035dd88b74b86ec1d0ec8c25_stocks_etl_dag","filename":"stocks_etl_dag.py","lineno":24}
{"timestamp":"2026-08-19T06:02:50.095825Z","level":"info","event":"ETL function imported succesfully!","logger":"unusual_prefix_377e48747e3957bb035dd88b74b86ec1d0ec8c25_stocks_etl_dag","filename":"stocks_etl_dag.py","lineno":32}
{"timestamp":"2026-08-19T06:02:50.105824Z","level":"info","event":"DAG loaded sucessfully!","logger":"unusual_prefix_377e48747e3957bb035dd88b74b86ec1d0ec8c25_stocks_etl_dag","filename":"stocks_etl_dag.py","lineno":103}
{"timestamp":"2026-08-19T06:03:20.629862Z","level":"info","event":"Filling up the DagBag from /opt/airflow/dags/stocks_etl_dag.py","logger":"airflow.dag_processing.dagbag.BundleDagBag","filename":"dagbag.py","lineno":460}
{"timestamp":"2026-08-19T06:03:21.002797Z","level":"info","event":"Pyspark imported, version: 3.5.2","logger":"unusual_prefix_377e48747e3957bb035dd88b74b86ec1d0ec8c25_stocks_etl_dag","filename":"stocks_etl_dag.py","lineno":24}
{"timestamp":"2026-08-19T06:03:22.364014Z","level":"info","event":"ETL function imported succesfully!","logger":"unusual_prefix_377e48747e3957bb035dd88b74b86ec1d0ec8c25_stocks_etl_dag","filename":"stocks_etl_dag.py","lineno":32}
{"timestamp":"2026-08-19T06:03:22.370792Z","level":"info","event":"DAG loaded sucessfully!","logger":"unusual_prefix_377e48747e3957bb035dd88b74b86ec1d0ec8c25_stocks_etl_dag","filename":"stocks_etl_dag.py","lineno":103}
{"timestamp":"2026-08-19T06:03:52.886983Z","level":"info","event":"Filling up the DagBag from /opt/airflow/dags/stocks_etl_dag.py","logger":"airflow.dag_processing.dagbag.BundleDagBag","filename":"dagbag.py","lineno":460}
{"timestamp":"2026-08-19T06:03:53.137401Z","level":"info","event":"Pyspark imported, version: 3.5.2","logger":"unusual_prefix_377e48747e3957bb035dd88b74b86ec1d0ec8c25_stocks_etl_dag","filename":"stocks_etl_dag.py","lineno":24}
{"timestamp":"2026-08-19T06:03:54.504943Z","level":"info","event":"ETL function imported succesfully!","logger":"unusual_prefix_377e48747e3957bb035dd88b74b86ec1d0ec8c25_stocks_etl_dag","filename":"stocks_etl_dag.py","lineno":32}
{"timestamp":"2026-08-19T06:03:54.510587Z","level":"info","event":"DAG loaded sucessfully!","logger":"unusual_prefix_377e48747e3957bb035dd88b74b86ec1d0ec8c25_stocks_etl_dag","filename":"stocks_etl_dag.py","lineno":103}
{"timestamp":"2026-08-19T06:04:24.977679Z","level":"info","event":"Filling up the DagBag from /opt/airflow/dags/stocks_etl_dag.py","logger":"airflow.dag_processing.dagbag.BundleDagBag","filename":"dagbag.py","lineno":460}
{"timestamp":"2026-08-19T06:04:25.287991Z","level":"info","event":"Pyspark imported, version: 3.5.2","logger":"unusual_prefix_377e48747e3957bb035dd88b74b86ec1d0ec8c25_stocks_etl_dag","filename":"stocks_etl_dag.py","lineno":24}
{"timestamp":"2026-08-19T06:04:26.613624Z","level":"info","event":"ETL function imported succesfully!","logger":"unusual_prefix_377e48747e3957bb035dd88b74b86ec1d0ec8c25_stocks_etl_dag","filename":"stocks_etl_dag.py","lineno":32}
{"timestamp":"2026-08-19T06:04:26.621401Z","level":"info","event":"DAG loaded sucessfully!","logger":"unusual_prefix_377e48747e3957bb035dd88b74b86ec1d0ec8c25_stocks_etl_dag","filename":"stocks_etl_dag.py","lineno":103}
{"timestamp":"2026-08-19T06:04:57.218410Z","level":"info","event":"Filling up the DagBag from /opt/airflow/dags/stocks_etl_dag.py","logger":"airflow.dag_processing.dagbag.BundleDagBag","filename":"dagbag.py","lineno":460}
{"timestamp":"2026-08-19T06:04:57.376986Z","level":"info","event":"Pyspark imported, version: 3.5.2","logger":"unusual_prefix_377e48747e3957bb035dd88b74b86ec1d0ec8c25_stocks_etl_dag","filename":"stocks_etl_dag.py","lineno":24}
{"timestamp":"2026-08-19T06:04:58.513139Z","level":"info","event":"ETL function imported succesfully!","logger":"unusual_prefix_377e48747e3957bb035dd88b74b86ec1d0ec8c25_stocks_etl_dag","filename":"stocks_etl_dag.py","lineno":32}
{"timestamp":"2026-08-19T06:04:58.520072Z","level":"info","event":"DAG loaded sucessfully!","logger":"unusual_prefix_377e48747e3957bb035dd88b74b86ec1d0ec8c25_stocks_etl_dag","filename":"stocks_etl_dag.py","lineno":103}
{"timestamp":"2026-08-19T06:05:29.007160Z","level":"info","event":"Filling up the DagBag from /opt/airflow/dags/stocks_etl_dag.py","logger":"airflow.dag_processing.dagbag.BundleDagBag","filename":"dagbag.py","lineno":460}
{"timestamp":"2026-08-19T06:05:29.247642Z","level":"info","event":"Pyspark imported, version: 3.5.2","logger":"unusual_prefix_377e48747e3957bb035dd88b74b86ec1d0ec8c25_stocks_etl_dag","filename":"stocks_etl_dag.py","lineno":24}
{"timestamp":"2026-08-19T06:05:30.402888Z","level":"info","event":"ETL function imported succesfully!","logger":"unusual_prefix_377e48747e3957bb035dd88b74b86ec1d0ec8c25_stocks_etl_dag","filename":"stocks_etl_dag.py","lineno":32}
{"timestamp":"2026-08-19T06:05:30.412411Z","level":"info","event":"DAG loaded sucessfully!","logger":"unusual_prefix_377e48747e3957bb035dd88b74b86ec1d0ec8c25_stocks_etl_dag","filename":"stocks_etl_dag.py","lineno":103}
{"timestamp":"2026-08-19T06:06:00.969106Z","level":"info","event":"Filling up the DagBag from /opt/airflow/dags/stocks_etl_dag.py","logger":"airflow.dag_processing.dagbag.BundleDagBag","filename":"dagbag.py","lineno":460}
{"timestamp":"2026-08-19T06:06:01.276705Z","level":"info","event":"Pyspark imported, version: 3.5.2","logger":"unusual_prefix_377e48747e3957bb035dd88b74b86ec1d0ec8c25_stocks_etl_dag","filename":"stocks_etl_dag.py","lineno":24}
{"timestamp":"2026-08-19T06:06:02.910981Z","level":"info","event":"ETL function imported succesfully!","logger":"unusual_prefix_377e48747e3957bb035dd88b74b86ec1d0ec8c25_stocks_etl_dag","filename":"stocks_etl_dag.py","lineno":32}
{"timestamp":"2026-08-19T06:06:02.924056Z","level":"info","event":"DAG loaded sucessfully!","logger":"unusual_prefix_377e48747e3957bb035dd88b74b86ec1d0ec8c25_stocks_etl_dag","filename":"stocks_etl_dag.py","lineno":103}
{"timestamp":"2026-08-19T06:06:33.514881Z","level":"info","event":"Filling up the DagBag from /opt/airflow/dags/stocks_etl_dag.py","logger":"airflow.dag_processing.dagbag.BundleDagBag","filename":"dagbag.py","lineno":460}
{"timestamp":"2026-08-19T06:06:33.803843Z","level":"info","event":"Pyspark imported, version: 3.5.2","logger":"unusual_prefix_377e48747e3957bb035dd88b74b86ec1d0ec8c25_stocks_etl_dag","filename":"stocks_etl_dag.py","lineno":24}
{"timestamp":"2026-08-19T06:06:35.108913Z","level":"info","event":"ETL function imported succesfully!","logger":"unusual_prefix_377e48747e3957bb035dd88b74b86ec1d0ec8c25_stocks_etl_dag","filename":"stocks_etl_dag.py","lineno":32}
{"timestamp":"2026-08-19T06:06:35.117877Z","level":"info","event":"DAG loaded sucessfully!","logger":"unusual_prefix_377e48747e3957bb035dd88b74b86ec1d0ec8c25_stocks_etl_dag","filename":"stocks_etl_dag.py","lineno":103}
{"timestamp":"2026-08-19T06:07:05.924425Z","level":"info","event":"Filling up the DagBag from /opt/airflow/dags/stocks_etl_dag.py","logger":"airflow.dag_processing.dagbag.BundleDagBag","filename":"dagbag.py","lineno":460}
{"timestamp":"2026-08-19T06:07:06.304266Z","level":"info","event":"Pyspark imported, version: 3.5.2","logger":"unusual_prefix_377e48747e3957bb035dd88b74b86ec1d0ec8c25_stocks_etl_dag","filename":"stocks_etl_dag.py","lineno":24}
{"timestamp":"2026-08-19T06:07:07.990423Z","level":"info","event":"ETL function imported succesfully!","logger":"unusual_prefix_377e48747e3957bb035dd88b74b86ec1d0ec8c25_stocks_etl_dag","filename":"stocks_etl_dag.py","lineno":32}
{"timestamp":"2026-08-19T06:07:08.008701Z","level":"info","event":"DAG loaded sucessfully!","logger":"unusual_prefix_377e48747e3957bb035dd88b74b86ec1d0ec8c25_stocks_etl_dag","filename":"stocks_etl_dag.py","lineno":103}
{"timestamp":"2026-08-19T06:07:38.637433Z","level":"info","event":"Filling up the DagBag from /opt/airflow/dags/stocks_etl_dag.py","logger":"airflow.dag_processing.dagbag.BundleDagBag","filename":"dagbag.py","lineno":460}
{"timestamp":"2026-08-19T06:07:38.960366Z","level":"info","event":"Pyspark imported, version: 3.5.2","logger":"unusual_prefix_377e48747e3957bb035dd88b74b86ec1d0ec8c25_stocks_etl_dag","filename":"stocks_etl_dag.py","lineno":24}
{"timestamp":"2026-08-19T06:07:40.536726Z","level":"info","event":"ETL function imported succesfully!","logger":"unusual_prefix_377e48747e3957bb035dd88b74b86ec1d0ec8c25_stocks_etl_dag","filename":"stocks_etl_dag.py","lineno":32}
{"timestamp":"2026-08-19T06:07:40.548795Z","level":"info","event":"DAG loaded sucessfully!","logger":"unusual_prefix_377e48747e3957bb035dd88b74b86ec1d0ec8c25_stocks_etl_dag","filename":"stocks_etl_dag.py","lineno":103}
{"timestamp":"2026-08-19T06:08:11.227368Z","level":"info","event":"Filling up the DagBag from /opt/airflow/dags/stocks_etl_dag.py","logger":"airflow.dag_processing.dagbag.BundleDagBag","filename":"dagbag.py","lineno":460}
{"timestamp":"2026-08-19T06:08:11.403445Z","level":"info","event":"Pyspark imported, version: 3.5.2","logger":"unusual_prefix_377e48747e3957bb035dd88b74b86ec1d0ec8c25_stocks_etl_dag","filename":"stocks_etl_dag.py","lineno":24}
{"timestamp":"2026-08-19T06:08:12.326539Z","level":"info","event":"ETL function imported succesfully!","logger":"unusual_prefix_377e48747e3957bb035dd88b74b86ec1d0ec8c25_stocks_etl_dag","filename":"stocks_etl_dag.py","lineno":32}
{"timestamp":"2026-08-19T06:08:12.331922Z","level":"info","event":"DAG loaded sucessfully!","logger":"unusual_prefix_377e48747e3957bb035dd88b74b86ec1d0ec8c25_stocks_etl_dag","filename":"stocks_etl_dag.py","lineno":103}
{"timestamp":"2026-08-19T06:08:42.829548Z","level":"info","event":"Filling up the DagBag from /opt/airflow/dags/stocks_etl_dag.py","logger":"airflow.dag_processing.dagbag.BundleDagBag","filename":"dagbag.py","lineno":460}
{"timestamp":"2026-08-19T06:08:43.198986Z","level":"info","event":"Pyspark imported, version: 3.5.2","logger":"unusual_prefix_377e48747e3957bb035dd88b74b86ec1d0ec8c25_stocks_etl_dag","filename":"stocks_etl_dag.py","lineno":24}
{"timestamp":"2026-08-19T06:08:45.368870Z","level":"info","event":"ETL function imported succesfully!","logger":"unusual_prefix_377e48747e3957bb035dd88b74b86ec1d0ec8c25_stocks_etl_dag","filename":"stocks_etl_dag.py","lineno":32}
{"timestamp":"2026-08-19T06:08:45.379873Z","level":"info","event":"DAG loaded sucessfully!","logger":"unusual_prefix_377e48747e3957bb035dd88b74b86ec1d0ec8c25_stocks_etl_dag","filename":"stocks_etl_dag.py","lineno":103}
{"timestamp":"2026-08-19T06:09:16.223312Z","level":"info","event":"Filling up the DagBag from /opt/airflow/dags/stocks_etl_dag.py","logger":"airflow.dag_processing.dagbag.BundleDagBag","filename":"dagbag.py","lineno":460}
{"timestamp":"2026-08-19T06:09:16.398803Z","level":"info","event":"Pyspark imported, version: 3.5.2","logger":"unusual_prefix_377e48747e3957bb035dd88b74b86ec1d0ec8c25_stocks_etl_dag","filename":"stocks_etl_dag.py","lineno":24}
{"timestamp":"2026-08-19T06:09:17.273217Z","level":"info","event":"ETL function imported succesfully!","logger":"unusual_prefix_377e48747e3957bb035dd88b74b86ec1d0ec8c25_stocks_etl_dag","filename":"stocks_etl_dag.py","lineno":32}
{"timestamp":"2026-08-19T06:09:17.281058Z","level":"info","event":"DAG loaded sucessfully!","logger":"unusual_prefix_377e48747e3957bb035dd88b74b86ec1d0ec8c25_stocks_etl_dag","filename":"stocks_etl_dag.py","lineno":103}
{"timestamp":"2026-08-19T06:09:47.849985Z","level":"info","event":"Filling up the DagBag from /opt/airflow/dags/stocks_etl_dag.py","logger":"airflow.dag_processing.dagbag.BundleDagBag","filename":"dagbag.py","lineno":460}
{"timestamp":"2026-08-19T06:09:48.340489Z","level":"info","event":"Pyspark imported, version: 3.5.2","logger":"unusual_prefix_377e48747e3957bb035dd88b74b86ec1d0ec8c25_stocks_etl_dag","filename":"stocks_etl_dag.py","lineno":24}
{"timestamp":"2026-08-19T06:09:49.751770Z","level":"info","event":"ETL function imported succesfully!","logger":"unusual_prefix_377e48747e3957bb035dd88b74b86ec1d0ec8c25_stocks_etl_dag","filename":"stocks_etl_dag.py","lineno":32}
{"timestamp":"2026-08-19T06:09:49.765522Z","level":"info","event":"DAG loaded sucessfully!","logger":"unusual_prefix_377e48747e3957bb035dd88b74b86ec1d0ec8c25_stocks_etl_dag","filename":"stocks_etl_dag.py","lineno":103}
{"timestamp":"2026-08-19T06:10:20.238282Z","level":"info","event":"Filling up the DagBag from /opt/airflow/dags/stocks_etl_dag.py","logger":"airflow.dag_processing.dagbag.BundleDagBag","filename":"dagbag.py","lineno":460}
{"timestamp":"2026-08-19T06:10:20.469385Z","level":"info","event":"Pyspark imported, version: 3.5.2","logger":"unusual_prefix_377e48747e3957bb035dd88b74b86ec1d0ec8c25_stocks_etl_dag","filename":"stocks_etl_dag.py","lineno":24}
{"timestamp":"2026-08-19T06:10:21.500251Z","level":"info","event":"ETL function imported succesfully!","logger":"unusual_prefix_377e48747e3957bb035dd88b74b86ec1d0ec8c25_stocks_etl_dag","filename":"stocks_etl_dag.py","lineno":32}
{"timestamp":"2026-08-19T06:10:21.508346Z","level":"info","event":"DAG loaded sucessfully!","logger":"unusual_prefix_377e48747e3957bb035dd88b74b86ec1d0ec8c25_stocks_etl_dag","filename":"stocks_etl_dag.py","lineno":103}
{"timestamp":"2026-08-19T06:10:51.769030Z","level":"info","event":"Filling up the DagBag from /opt/airflow/dags/stocks_etl_dag.py","logger":"airflow.dag_processing.dagbag.BundleDagBag","filename":"dagbag.py","lineno":460}
{"timestamp":"2026-08-19T06:10:52.045915Z","level":"info","event":"Pyspark imported, version: 3.5.2","logger":"unusual_prefix_377e48747e3957bb035dd88b74b86ec1d0ec8c25_stocks_etl_dag","filename":"stocks_etl_dag.py","lineno":24}
{"timestamp":"2026-08-19T06:10:53.413015Z","level":"info","event":"ETL function imported succesfully!","logger":"unusual_prefix_377e48747e3957bb035dd88b74b86ec1d0ec8c25_stocks_etl_dag","filename":"stocks_etl_dag.py","lineno":32}
{"timestamp":"2026-08-19T06:10:53.419633Z","level":"info","event":"DAG loaded sucessfully!","logger":"unusual_prefix_377e48747e3957bb035dd88b74b86ec1d0ec8c25_stocks_etl_dag","filename":"stocks_etl_dag.py","lineno":103}
{"timestamp":"2026-08-19T06:11:23.986282Z","level":"info","event":"Filling up the DagBag from /opt/airflow/dags/stocks_etl_dag.py","logger":"airflow.dag_processing.dagbag.BundleDagBag","filename":"dagbag.py","lineno":460}
{"timestamp":"2026-08-19T06:11:24.333258Z","level":"info","event":"Pyspark imported, version: 3.5.2","logger":"unusual_prefix_377e48747e3957bb035dd88b74b86ec1d0ec8c25_stocks_etl_dag","filename":"stocks_etl_dag.py","lineno":24}
{"timestamp":"2026-08-19T06:11:26.306261Z","level":"info","event":"ETL function imported succesfully!","logger":"unusual_prefix_377e48747e3957bb035dd88b74b86ec1d0ec8c25_stocks_etl_dag","filename":"stocks_etl_dag.py","lineno":32}
{"timestamp":"2026-08-19T06:11:26.315689Z","level":"info","event":"DAG loaded sucessfully!","logger":"unusual_prefix_377e48747e3957bb035dd88b74b86ec1d0ec8c25_stocks_etl_dag","filename":"stocks_etl_dag.py","lineno":103}
{"timestamp":"2026-08-19T06:11:56.811942Z","level":"info","event":"Filling up the DagBag from /opt/airflow/dags/stocks_etl_dag.py","logger":"airflow.dag_processing.dagbag.BundleDagBag","filename":"dagbag.py","lineno":460}
{"timestamp":"2026-08-19T06:11:56.992610Z","level":"info","event":"Pyspark imported, version: 3.5.2","logger":"unusual_prefix_377e48747e3957bb035dd88b74b86ec1d0ec8c25_stocks_etl_dag","filename":"stocks_etl_dag.py","lineno":24}
{"timestamp":"2026-08-19T06:11:58.051226Z","level":"info","event":"ETL function imported succesfully!","logger":"unusual_prefix_377e48747e3957bb035dd88b74b86ec1d0ec8c25_stocks_etl_dag","filename":"stocks_etl_dag.py","lineno":32}
{"timestamp":"2026-08-19T06:11:58.065525Z","level":"info","event":"DAG loaded sucessfully!","logger":"unusual_prefix_377e48747e3957bb035dd88b74b86ec1d0ec8c25_stocks_etl_dag","filename":"stocks_etl_dag.py","lineno":103}
{"timestamp":"2026-08-19T06:12:28.643304Z","level":"info","event":"Filling up the DagBag from /opt/airflow/dags/stocks_etl_dag.py","logger":"airflow.dag_processing.dagbag.BundleDagBag","filename":"dagbag.py","lineno":460}
{"timestamp":"2026-08-19T06:12:29.033518Z","level":"info","event":"Pyspark imported, version: 3.5.2","logger":"unusual_prefix_377e48747e3957bb035dd88b74b86ec1d0ec8c25_stocks_etl_dag","filename":"stocks_etl_dag.py","lineno":24}
{"timestamp":"2026-08-19T06:12:30.316019Z","level":"info","event":"ETL function imported succesfully!","logger":"unusual_prefix_377e48747e3957bb035dd88b74b86ec1d0ec8c25_stocks_etl_dag","filename":"stocks_etl_dag.py","lineno":32}
{"timestamp":"2026-08-19T06:12:30.322410Z","level":"info","event":"DAG loaded sucessfully!","logger":"unusual_prefix_377e48747e3957bb035dd88b74b86ec1d0ec8c25_stocks_etl_dag","filename":"stocks_etl_dag.py","lineno":103}
{"timestamp":"2026-08-19T06:13:01.034795Z","level":"info","event":"Filling up the DagBag from /opt/airflow/dags/stocks_etl_dag.py","logger":"airflow.dag_processing.dagbag.BundleDagBag","filename":"dagbag.py","lineno":460}
{"timestamp":"2026-08-19T06:13:01.431779Z","level":"info","event":"Pyspark imported, version: 3.5.2","logger":"unusual_prefix_377e48747e3957bb035dd88b74b86ec1d0ec8c25_stocks_etl_dag","filename":"stocks_etl_dag.py","lineno":24}
{"timestamp":"2026-08-19T06:13:02.864213Z","level":"info","event":"ETL function imported succesfully!","logger":"unusual_prefix_377e48747e3957bb035dd88b74b86ec1d0ec8c25_stocks_etl_dag","filename":"stocks_etl_dag.py","lineno":32}
{"timestamp":"2026-08-19T06:13:02.873084Z","level":"info","event":"DAG loaded sucessfully!","logger":"unusual_prefix_377e48747e3957bb035dd88b74b86ec1d0ec8c25_stocks_etl_dag","filename":"stocks_etl_dag.py","lineno":103}
{"timestamp":"2026-08-19T06:13:33.425749Z","level":"info","event":"Filling up the DagBag from /opt/airflow/dags/stocks_etl_dag.py","logger":"airflow.dag_processing.dagbag.BundleDagBag","filename":"dagbag.py","lineno":460}
{"timestamp":"2026-08-19T06:13:33.715138Z","level":"info","event":"Pyspark imported, version: 3.5.2","logger":"unusual_prefix_377e48747e3957bb035dd88b74b86ec1d0ec8c25_stocks_etl_dag","filename":"stocks_etl_dag.py","lineno":24}
{"timestamp":"2026-08-19T06:13:34.994932Z","level":"info","event":"ETL function imported succesfully!","logger":"unusual_prefix_377e48747e3957bb035dd88b74b86ec1d0ec8c25_stocks_etl_dag","filename":"stocks_etl_dag.py","lineno":32}
{"timestamp":"2026-08-19T06:13:35.002262Z","level":"info","event":"DAG loaded sucessfully!","logger":"unusual_prefix_377e48747e3957bb035dd88b74b86ec1d0ec8c25_stocks_etl_dag","filename":"stocks_etl_dag.py","lineno":103}
{"timestamp":"2026-08-19T06:14:05.776764Z","level":"info","event":"Filling up the DagBag from /opt/airflow/dags/stocks_etl_dag.py","logger":"airflow.dag_processing.dagbag.BundleDagBag","filename":"dagbag.py","lineno":460}
{"timestamp":"2026-08-19T06:14:06.123119Z","level":"info","event":"Pyspark imported, version: 3.5.2","logger":"unusual_prefix_377e48747e3957bb035dd88b74b86ec1d0ec8c25_stocks_etl_dag","filename":"stocks_etl_dag.py","lineno":24}
{"timestamp":"2026-08-19T06:14:07.470776Z","level":"info","event":"ETL function imported succesfully!","logger":"unusual_prefix_377e48747e3957bb035dd88b74b86ec1d0ec8c25_stocks_etl_dag","filename":"stocks_etl_dag.py","lineno":32}
{"timestamp":"2026-08-19T06:14:07.479448Z","level":"info","event":"DAG loaded sucessfully!","logger":"unusual_prefix_377e48747e3957bb035dd88b74b86ec1d0ec8c25_stocks_etl_dag","filename":"stocks_etl_dag.py","lineno":103}
{"timestamp":"2026-08-19T06:14:37.634910Z","level":"info","event":"Filling up the DagBag from /opt/airflow/dags/stocks_etl_dag.py","logger":"airflow.dag_processing.dagbag.BundleDagBag","filename":"dagbag.py","lineno":460}
{"timestamp":"2026-08-19T06:14:38.113745Z","level":"info","event":"Pyspark imported, version: 3.5.2","logger":"unusual_prefix_377e48747e3957bb035dd88b74b86ec1d0ec8c25_stocks_etl_dag","filename":"stocks_etl_dag.py","lineno":24}
{"timestamp":"2026-08-19T06:14:40.273496Z","level":"info","event":"ETL function imported succesfully!","logger":"unusual_prefix_377e48747e3957bb035dd88b74b86ec1d0ec8c25_stocks_etl_dag","filename":"stocks_etl_dag.py","lineno":32}
{"timestamp":"2026-08-19T06:14:40.281339Z","level":"info","event":"DAG loaded sucessfully!","logger":"unusual_prefix_377e48747e3957bb035dd88b74b86ec1d0ec8c25_stocks_etl_dag","filename":"stocks_etl_dag.py","lineno":103}
{"timestamp":"2026-08-19T06:15:10.852880Z","level":"info","event":"Filling up the DagBag from /opt/airflow/dags/stocks_etl_dag.py","logger":"airflow.dag_processing.dagbag.BundleDagBag","filename":"dagbag.py","lineno":460}
{"timestamp":"2026-08-19T06:15:11.059209Z","level":"info","event":"Pyspark imported, version: 3.5.2","logger":"unusual_prefix_377e48747e3957bb035dd88b74b86ec1d0ec8c25_stocks_etl_dag","filename":"stocks_etl_dag.py","lineno":24}
{"timestamp":"2026-08-19T06:15:12.003719Z","level":"info","event":"ETL function imported succesfully!","logger":"unusual_prefix_377e48747e3957bb035dd88b74b86ec1d0ec8c25_stocks_etl_dag","filename":"stocks_etl_dag.py","lineno":32}
{"timestamp":"2026-08-19T06:15:12.009856Z","level":"info","event":"DAG loaded sucessfully!","logger":"unusual_prefix_377e48747e3957bb035dd88b74b86ec1d0ec8c25_stocks_etl_dag","filename":"stocks_etl_dag.py","lineno":103}
{"timestamp":"2026-08-19T06:15:42.681560Z","level":"info","event":"Filling up the DagBag from /opt/airflow/dags/stocks_etl_dag.py","logger":"airflow.dag_processing.dagbag.BundleDagBag","filename":"dagbag.py","lineno":460}
{"timestamp":"2026-08-19T06:15:42.975295Z","level":"info","event":"Pyspark imported, version: 3.5.2","logger":"unusual_prefix_377e48747e3957bb035dd88b74b86ec1d0ec8c25_stocks_etl_dag","filename":"stocks_etl_dag.py","lineno":24}
{"timestamp":"2026-08-19T06:15:44.133847Z","level":"info","event":"ETL function imported succesfully!","logger":"unusual_prefix_377e48747e3957bb035dd88b74b86ec1d0ec8c25_stocks_etl_dag","filename":"stocks_etl_dag.py","lineno":32}
{"timestamp":"2026-08-19T06:15:44.140497Z","level":"info","event":"DAG loaded sucessfully!","logger":"unusual_prefix_377e48747e3957bb035dd88b74b86ec1d0ec8c25_stocks_etl_dag","filename":"stocks_etl_dag.py","lineno":103}
{"timestamp":"2026-08-19T06:16:14.789742Z","level":"info","event":"Filling up the DagBag from /opt/airflow/dags/stocks_etl_dag.py","logger":"airflow.dag_processing.dagbag.BundleDagBag","filename":"dagbag.py","lineno":460}
{"timestamp":"2026-08-19T06:16:15.181069Z","level":"info","event":"Pyspark imported, version: 3.5.2","logger":"unusual_prefix_377e48747e3957bb035dd88b74b86ec1d0ec8c25_stocks_etl_dag","filename":"stocks_etl_dag.py","lineno":24}
{"timestamp":"2026-08-19T06:16:16.627812Z","level":"info","event":"ETL function imported succesfully!","logger":"unusual_prefix_377e48747e3957bb035dd88b74b86ec1d0ec8c25_stocks_etl_dag","filename":"stocks_etl_dag.py","lineno":32}
{"timestamp":"2026-08-19T06:16:16.637133Z","level":"info","event":"DAG loaded sucessfully!","logger":"unusual_prefix_377e48747e3957bb035dd88b74b86ec1d0ec8c25_stocks_etl_dag","filename":"stocks_etl_dag.py","lineno":103}
{"timestamp":"2026-08-19T06:16:47.263888Z","level":"info","event":"Filling up the DagBag from /opt/airflow/dags/stocks_etl_dag.py","logger":"airflow.dag_processing.dagbag.BundleDagBag","filename":"dagbag.py","lineno":460}
{"timestamp":"2026-08-19T06:16:47.459099Z","level":"info","event":"Pyspark imported, version: 3.5.2","logger":"unusual_prefix_377e48747e3957bb035dd88b74b86ec1d0ec8c25_stocks_etl_dag","filename":"stocks_etl_dag.py","lineno":24}
{"timestamp":"2026-08-19T06:16:48.721944Z","level":"info","event":"ETL function imported succesfully!","logger":"unusual_prefix_377e48747e3957bb035dd88b74b86ec1d0ec8c25_stocks_etl_dag","filename":"stocks_etl_dag.py","lineno":32}
{"timestamp":"2026-08-19T06:16:48.729136Z","level":"info","event":"DAG loaded sucessfully!","logger":"unusual_prefix_377e48747e3957bb035dd88b74b86ec1d0ec8c25_stocks_etl_dag","filename":"stocks_etl_dag.py","lineno":103}
{"timestamp":"2026-08-19T06:17:19.312059Z","level":"info","event":"Filling up the DagBag from /opt/airflow/dags/stocks_etl_dag.py","logger":"airflow.dag_processing.dagbag.BundleDagBag","filename":"dagbag.py","lineno":460}
{"timestamp":"2026-08-19T06:17:19.571453Z","level":"info","event":"Pyspark imported, version: 3.5.2","logger":"unusual_prefix_377e48747e3957bb035dd88b74b86ec1d0ec8c25_stocks_etl_dag","filename":"stocks_etl_dag.py","lineno":24}
{"timestamp":"2026-08-19T06:17:20.945990Z","level":"info","event":"ETL function imported succesfully!","logger":"unusual_prefix_377e48747e3957bb035dd88b74b86ec1d0ec8c25_stocks_etl_dag","filename":"stocks_etl_dag.py","lineno":32}
{"timestamp":"2026-08-19T06:17:20.952917Z","level":"info","event":"DAG loaded sucessfully!","logger":"unusual_prefix_377e48747e3957bb035dd88b74b86ec1d0ec8c25_stocks_etl_dag","filename":"stocks_etl_dag.py","lineno":103}
{"timestamp":"2026-08-19T06:17:51.526534Z","level":"info","event":"Filling up the DagBag from /opt/airflow/dags/stocks_etl_dag.py","logger":"airflow.dag_processing.dagbag.BundleDagBag","filename":"dagbag.py","lineno":460}
{"timestamp":"2026-08-19T06:17:51.760975Z","level":"info","event":"Pyspark imported, version: 3.5.2","logger":"unusual_prefix_377e48747e3957bb035dd88b74b86ec1d0ec8c25_stocks_etl_dag","filename":"stocks_etl_dag.py","lineno":24}
{"timestamp":"2026-08-19T06:17:52.936677Z","level":"info","event":"ETL function imported succesfully!","logger":"unusual_prefix_377e48747e3957bb035dd88b74b86ec1d0ec8c25_stocks_etl_dag","filename":"stocks_etl_dag.py","lineno":32}
{"timestamp":"2026-08-19T06:17:52.942875Z","level":"info","event":"DAG loaded sucessfully!","logger":"unusual_prefix_377e48747e3957bb035dd88b74b86ec1d0ec8c25_stocks_etl_dag","filename":"stocks_etl_dag.py","lineno":103}
{"timestamp":"2026-08-19T06:18:23.375591Z","level":"info","event":"Filling up the DagBag from /opt/airflow/dags/stocks_etl_dag.py","logger":"airflow.dag_processing.dagbag.BundleDagBag","filename":"dagbag.py","lineno":460}
{"timestamp":"2026-08-19T06:18:23.544749Z","level":"info","event":"Pyspark imported, version: 3.5.2","logger":"unusual_prefix_377e48747e3957bb035dd88b74b86ec1d0ec8c25_stocks_etl_dag","filename":"stocks_etl_dag.py","lineno":24}
{"timestamp":"2026-08-19T06:18:24.333726Z","level":"info","event":"ETL function imported succesfully!","logger":"unusual_prefix_377e48747e3957bb035dd88b74b86ec1d0ec8c25_stocks_etl_dag","filename":"stocks_etl_dag.py","lineno":32}
{"timestamp":"2026-08-19T06:18:24.338974Z","level":"info","event":"DAG loaded sucessfully!","logger":"unusual_prefix_377e48747e3957bb035dd88b74b86ec1d0ec8c25_stocks_etl_dag","filename":"stocks_etl_dag.py","lineno":103}
{"timestamp":"2026-08-19T06:18:54.886032Z","level":"info","event":"Filling up the DagBag from /opt/airflow/dags/stocks_etl_dag.py","logger":"airflow.dag_processing.dagbag.BundleDagBag","filename":"dagbag.py","lineno":460}
{"timestamp":"2026-08-19T06:18:55.126198Z","level":"info","event":"Pyspark imported, version: 3.5.2","logger":"unusual_prefix_377e48747e3957bb035dd88b74b86ec1d0ec8c25_stocks_etl_dag","filename":"stocks_etl_dag.py","lineno":24}
{"timestamp":"2026-08-19T06:18:56.468515Z","level":"info","event":"ETL function imported succesfully!","logger":"unusual_prefix_377e48747e3957bb035dd88b74b86ec1d0ec8c25_stocks_etl_dag","filename":"stocks_etl_dag.py","lineno":32}
{"timestamp":"2026-08-19T06:18:56.475922Z","level":"info","event":"DAG loaded sucessfully!","logger":"unusual_prefix_377e48747e3957bb035dd88b74b86ec1d0ec8c25_stocks_etl_dag","filename":"stocks_etl_dag.py","lineno":103}
{"timestamp":"2026-08-19T06:19:26.937950Z","level":"info","event":"Filling up the DagBag from /opt/airflow/dags/stocks_etl_dag.py","logger":"airflow.dag_processing.dagbag.BundleDagBag","filename":"dagbag.py","lineno":460}
{"timestamp":"2026-08-19T06:19:27.190546Z","level":"info","event":"Pyspark imported, version: 3.5.2","logger":"unusual_prefix_377e48747e3957bb035dd88b74b86ec1d0ec8c25_stocks_etl_dag","filename":"stocks_etl_dag.py","lineno":24}
{"timestamp":"2026-08-19T06:19:28.576419Z","level":"info","event":"ETL function imported succesfully!","logger":"unusual_prefix_377e48747e3957bb035dd88b74b86ec1d0ec8c25_stocks_etl_dag","filename":"stocks_etl_dag.py","lineno":32}
{"timestamp":"2026-08-19T06:19:28.586432Z","level":"info","event":"DAG loaded sucessfully!","logger":"unusual_prefix_377e48747e3957bb035dd88b74b86ec1d0ec8c25_stocks_etl_dag","filename":"stocks_etl_dag.py","lineno":103}
{"timestamp":"2026-08-19T06:19:59.249873Z","level":"info","event":"Filling up the DagBag from /opt/airflow/dags/stocks_etl_dag.py","logger":"airflow.dag_processing.dagbag.BundleDagBag","filename":"dagbag.py","lineno":460}
{"timestamp":"2026-08-19T06:19:59.497358Z","level":"info","event":"Pyspark imported, version: 3.5.2","logger":"unusual_prefix_377e48747e3957bb035dd88b74b86ec1d0ec8c25_stocks_etl_dag","filename":"stocks_etl_dag.py","lineno":24}
{"timestamp":"2026-08-19T06:20:00.675867Z","level":"info","event":"ETL function imported succesfully!","logger":"unusual_prefix_377e48747e3957bb035dd88b74b86ec1d0ec8c25_stocks_etl_dag","filename":"stocks_etl_dag.py","lineno":32}
{"timestamp":"2026-08-19T06:20:00.684179Z","level":"info","event":"DAG loaded sucessfully!","logger":"unusual_prefix_377e48747e3957bb035dd88b74b86ec1d0ec8c25_stocks_etl_dag","filename":"stocks_etl_dag.py","lineno":103}
{"timestamp":"2026-08-19T06:20:31.196871Z","level":"info","event":"Filling up the DagBag from /opt/airflow/dags/stocks_etl_dag.py","logger":"airflow.dag_processing.dagbag.BundleDagBag","filename":"dagbag.py","lineno":460}
{"timestamp":"2026-08-19T06:20:31.499667Z","level":"info","event":"Pyspark imported, version: 3.5.2","logger":"unusual_prefix_377e48747e3957bb035dd88b74b86ec1d0ec8c25_stocks_etl_dag","filename":"stocks_etl_dag.py","lineno":24}
{"timestamp":"2026-08-19T06:20:32.817360Z","level":"info","event":"ETL function imported succesfully!","logger":"unusual_prefix_377e48747e3957bb035dd88b74b86ec1d0ec8c25_stocks_etl_dag","filename":"stocks_etl_dag.py","lineno":32}
{"timestamp":"2026-08-19T06:20:32.823632Z","level":"info","event":"DAG loaded sucessfully!","logger":"unusual_prefix_377e48747e3957bb035dd88b74b86ec1d0ec8c25_stocks_etl_dag","filename":"stocks_etl_dag.py","lineno":103}
{"timestamp":"2026-08-19T06:21:03.302721Z","level":"info","event":"Filling up the DagBag from /opt/airflow/dags/stocks_etl_dag.py","logger":"airflow.dag_processing.dagbag.BundleDagBag","filename":"dagbag.py","lineno":460}
{"timestamp":"2026-08-19T06:21:03.492367Z","level":"info","event":"Pyspark imported, version: 3.5.2","logger":"unusual_prefix_377e48747e3957bb035dd88b74b86ec1d0ec8c25_stocks_etl_dag","filename":"stocks_etl_dag.py","lineno":24}
{"timestamp":"2026-08-19T06:21:04.449386Z","level":"info","event":"ETL function imported succesfully!","logger":"unusual_prefix_377e48747e3957bb035dd88b74b86ec1d0ec8c25_stocks_etl_dag","filename":"stocks_etl_dag.py","lineno":32}
{"timestamp":"2026-08-19T06:21:04.457820Z","level":"info","event":"DAG loaded sucessfully!","logger":"unusual_prefix_377e48747e3957bb035dd88b74b86ec1d0ec8c25_stocks_etl_dag","filename":"stocks_etl_dag.py","lineno":103}
{"timestamp":"2026-08-19T06:21:34.933225Z","level":"info","event":"Filling up the DagBag from /opt/airflow/dags/stocks_etl_dag.py","logger":"airflow.dag_processing.dagbag.BundleDagBag","filename":"dagbag.py","lineno":460}
{"timestamp":"2026-08-19T06:21:35.186142Z","level":"info","event":"Pyspark imported, version: 3.5.2","logger":"unusual_prefix_377e48747e3957bb035dd88b74b86ec1d0ec8c25_stocks_etl_dag","filename":"stocks_etl_dag.py","lineno":24}
{"timestamp":"2026-08-19T06:21:36.438290Z","level":"info","event":"ETL function imported succesfully!","logger":"unusual_prefix_377e48747e3957bb035dd88b74b86ec1d0ec8c25_stocks_etl_dag","filename":"stocks_etl_dag.py","lineno":32}
{"timestamp":"2026-08-19T06:21:36.446532Z","level":"info","event":"DAG loaded sucessfully!","logger":"unusual_prefix_377e48747e3957bb035dd88b74b86ec1d0ec8c25_stocks_etl_dag","filename":"stocks_etl_dag.py","lineno":103}
{"timestamp":"2026-08-19T06:22:07.006191Z","level":"info","event":"Filling up the DagBag from /opt/airflow/dags/stocks_etl_dag.py","logger":"airflow.dag_processing.dagbag.BundleDagBag","filename":"dagbag.py","lineno":460}
{"timestamp":"2026-08-19T06:22:07.217610Z","level":"info","event":"Pyspark imported, version: 3.5.2","logger":"unusual_prefix_377e48747e3957bb035dd88b74b86ec1d0ec8c25_stocks_etl_dag","filename":"stocks_etl_dag.py","lineno":24}
{"timestamp":"2026-08-19T06:22:08.368595Z","level":"info","event":"ETL function imported succesfully!","logger":"unusual_prefix_377e48747e3957bb035dd88b74b86ec1d0ec8c25_stocks_etl_dag","filename":"stocks_etl_dag.py","lineno":32}
{"timestamp":"2026-08-19T06:22:08.382613Z","level":"info","event":"DAG loaded sucessfully!","logger":"unusual_prefix_377e48747e3957bb035dd88b74b86ec1d0ec8c25_stocks_etl_dag","filename":"stocks_etl_dag.py","lineno":103}
{"timestamp":"2026-08-19T06:22:38.742591Z","level":"info","event":"Filling up the DagBag from /opt/airflow/dags/stocks_etl_dag.py","logger":"airflow.dag_processing.dagbag.BundleDagBag","filename":"dagbag.py","lineno":460}
{"timestamp":"2026-08-19T06:22:39.354084Z","level":"info","event":"Pyspark imported, version: 3.5.2","logger":"unusual_prefix_377e48747e3957bb035dd88b74b86ec1d0ec8c25_stocks_etl_dag","filename":"stocks_etl_dag.py","lineno":24}
{"timestamp":"2026-08-19T06:22:40.999483Z","level":"info","event":"ETL function imported succesfully!","logger":"unusual_prefix_377e48747e3957bb035dd88b74b86ec1d0ec8c25_stocks_etl_dag","filename":"stocks_etl_dag.py","lineno":32}
{"timestamp":"2026-08-19T06:22:41.010621Z","level":"info","event":"DAG loaded sucessfully!","logger":"unusual_prefix_377e48747e3957bb035dd88b74b86ec1d0ec8c25_stocks_etl_dag","filename":"stocks_etl_dag.py","lineno":103}
{"timestamp":"2026-08-19T06:23:11.520904Z","level":"info","event":"Filling up the DagBag from /opt/airflow/dags/stocks_etl_dag.py","logger":"airflow.dag_processing.dagbag.BundleDagBag","filename":"dagbag.py","lineno":460}
{"timestamp":"2026-08-19T06:23:11.762296Z","level":"info","event":"Pyspark imported, version: 3.5.2","logger":"unusual_prefix_377e48747e3957bb035dd88b74b86ec1d0ec8c25_stocks_etl_dag","filename":"stocks_etl_dag.py","lineno":24}
{"timestamp":"2026-08-19T06:23:12.728294Z","level":"info","event":"ETL function imported succesfully!","logger":"unusual_prefix_377e48747e3957bb035dd88b74b86ec1d0ec8c25_stocks_etl_dag","filename":"stocks_etl_dag.py","lineno":32}
{"timestamp":"2026-08-19T06:23:12.734546Z","level":"info","event":"DAG loaded sucessfully!","logger":"unusual_prefix_377e48747e3957bb035dd88b74b86ec1d0ec8c25_stocks_etl_dag","filename":"stocks_etl_dag.py","lineno":103}
{"timestamp":"2026-08-19T06:23:43.227965Z","level":"info","event":"Filling up the DagBag from /opt/airflow/dags/stocks_etl_dag.py","logger":"airflow.dag_processing.dagbag.BundleDagBag","filename":"dagbag.py","lineno":460}
{"timestamp":"2026-08-19T06:23:43.560508Z","level":"info","event":"Pyspark imported, version: 3.5.2","logger":"unusual_prefix_377e48747e3957bb035dd88b74b86ec1d0ec8c25_stocks_etl_dag","filename":"stocks_etl_dag.py","lineno":24}
{"timestamp":"2026-08-19T06:23:44.845302Z","level":"info","event":"ETL function imported succesfully!","logger":"unusual_prefix_377e48747e3957bb035dd88b74b86ec1d0ec8c25_stocks_etl_dag","filename":"stocks_etl_dag.py","lineno":32}
{"timestamp":"2026-08-19T06:23:44.852476Z","level":"info","event":"DAG loaded sucessfully!","logger":"unusual_prefix_377e48747e3957bb035dd88b74b86ec1d0ec8c25_stocks_etl_dag","filename":"stocks_etl_dag.py","lineno":103}
{"timestamp":"2026-08-19T06:24:15.511967Z","level":"info","event":"Filling up the DagBag from /opt/airflow/dags/stocks_etl_dag.py","logger":"airflow.dag_processing.dagbag.BundleDagBag","filename":"dagbag.py","lineno":460}
{"timestamp":"2026-08-19T06:24:15.711362Z","level":"info","event":"Pyspark imported, version: 3.5.2","logger":"unusual_prefix_377e48747e3957bb035dd88b74b86ec1d0ec8c25_stocks_etl_dag","filename":"stocks_etl_dag.py","lineno":24}
{"timestamp":"2026-08-19T06:24:16.725392Z","level":"info","event":"ETL function imported succesfully!","logger":"unusual_prefix_377e48747e3957bb035dd88b74b86ec1d0ec8c25_stocks_etl_dag","filename":"stocks_etl_dag.py","lineno":32}
{"timestamp":"2026-08-19T06:24:16.731908Z","level":"info","event":"DAG loaded sucessfully!","logger":"unusual_prefix_377e48747e3957bb035dd88b74b86ec1d0ec8c25_stocks_etl_dag","filename":"stocks_etl_dag.py","lineno":103}
{"timestamp":"2026-08-19T06:24:47.196292Z","level":"info","event":"Filling up the DagBag from /opt/airflow/dags/stocks_etl_dag.py","logger":"airflow.dag_processing.dagbag.BundleDagBag","filename":"dagbag.py","lineno":460}
{"timestamp":"2026-08-19T06:24:47.403562Z","level":"info","event":"Pyspark imported, version: 3.5.2","logger":"unusual_prefix_377e48747e3957bb035dd88b74b86ec1d0ec8c25_stocks_etl_dag","filename":"stocks_etl_dag.py","lineno":24}
{"timestamp":"2026-08-19T06:24:48.515655Z","level":"info","event":"ETL function imported succesfully!","logger":"unusual_prefix_377e48747e3957bb035dd88b74b86ec1d0ec8c25_stocks_etl_dag","filename":"stocks_etl_dag.py","lineno":32}
{"timestamp":"2026-08-19T06:24:48.523321Z","level":"info","event":"DAG loaded sucessfully!","logger":"unusual_prefix_377e48747e3957bb035dd88b74b86ec1d0ec8c25_stocks_etl_dag","filename":"stocks_etl_dag.py","lineno":103}
{"timestamp":"2026-08-19T06:25:19.099722Z","level":"info","event":"Filling up the DagBag from /opt/airflow/dags/stocks_etl_dag.py","logger":"airflow.dag_processing.dagbag.BundleDagBag","filename":"dagbag.py","lineno":460}
{"timestamp":"2026-08-19T06:25:19.421913Z","level":"info","event":"Pyspark imported, version: 3.5.2","logger":"unusual_prefix_377e48747e3957bb035dd88b74b86ec1d0ec8c25_stocks_etl_dag","filename":"stocks_etl_dag.py","lineno":24}
{"timestamp":"2026-08-19T06:25:20.844384Z","level":"info","event":"ETL function imported succesfully!","logger":"unusual_prefix_377e48747e3957bb035dd88b74b86ec1d0ec8c25_stocks_etl_dag","filename":"stocks_etl_dag.py","lineno":32}
{"timestamp":"2026-08-19T06:25:20.853810Z","level":"info","event":"DAG loaded sucessfully!","logger":"unusual_prefix_377e48747e3957bb035dd88b74b86ec1d0ec8c25_stocks_etl_dag","filename":"stocks_etl_dag.py","lineno":103}
{"timestamp":"2026-08-19T06:25:51.428722Z","level":"info","event":"Filling up the DagBag from /opt/airflow/dags/stocks_etl_dag.py","logger":"airflow.dag_processing.dagbag.BundleDagBag","filename":"dagbag.py","lineno":460}
{"timestamp":"2026-08-19T06:25:51.697127Z","level":"info","event":"Pyspark imported, version: 3.5.2","logger":"unusual_prefix_377e48747e3957bb035dd88b74b86ec1d0ec8c25_stocks_etl_dag","filename":"stocks_etl_dag.py","lineno":24}
{"timestamp":"2026-08-19T06:25:52.968274Z","level":"info","event":"ETL function imported succesfully!","logger":"unusual_prefix_377e48747e3957bb035dd88b74b86ec1d0ec8c25_stocks_etl_dag","filename":"stocks_etl_dag.py","lineno":32}
{"timestamp":"2026-08-19T06:25:52.975739Z","level":"info","event":"DAG loaded sucessfully!","logger":"unusual_prefix_377e48747e3957bb035dd88b74b86ec1d0ec8c25_stocks_etl_dag","filename":"stocks_etl_dag.py","lineno":103}
{"timestamp":"2026-08-19T06:26:23.413064Z","level":"info","event":"Filling up the DagBag from /opt/airflow/dags/stocks_etl_dag.py","logger":"airflow.dag_processing.dagbag.BundleDagBag","filename":"dagbag.py","lineno":460}
{"timestamp":"2026-08-19T06:26:23.848787Z","level":"info","event":"Pyspark imported, version: 3.5.2","logger":"unusual_prefix_377e48747e3957bb035dd88b74b86ec1d0ec8c25_stocks_etl_dag","filename":"stocks_etl_dag.py","lineno":24}
{"timestamp":"2026-08-19T06:26:24.946546Z","level":"info","event":"ETL function imported succesfully!","logger":"unusual_prefix_377e48747e3957bb035dd88b74b86ec1d0ec8c25_stocks_etl_dag","filename":"stocks_etl_dag.py","lineno":32}
{"timestamp":"2026-08-19T06:26:24.951848Z","level":"info","event":"DAG loaded sucessfully!","logger":"unusual_prefix_377e48747e3957bb035dd88b74b86ec1d0ec8c25_stocks_etl_dag","filename":"stocks_etl_dag.py","lineno":103}
{"timestamp":"2026-08-19T06:26:55.419902Z","level":"info","event":"Filling up the DagBag from /opt/airflow/dags/stocks_etl_dag.py","logger":"airflow.dag_processing.dagbag.BundleDagBag","filename":"dagbag.py","lineno":460}
{"timestamp":"2026-08-19T06:26:55.856278Z","level":"info","event":"Pyspark imported, version: 3.5.2","logger":"unusual_prefix_377e48747e3957bb035dd88b74b86ec1d0ec8c25_stocks_etl_dag","filename":"stocks_etl_dag.py","lineno":24}
{"timestamp":"2026-08-19T06:26:57.230701Z","level":"info","event":"ETL function imported succesfully!","logger":"unusual_prefix_377e48747e3957bb035dd88b74b86ec1d0ec8c25_stocks_etl_dag","filename":"stocks_etl_dag.py","lineno":32}
{"timestamp":"2026-08-19T06:26:57.240140Z","level":"info","event":"DAG loaded sucessfully!","logger":"unusual_prefix_377e48747e3957bb035dd88b74b86ec1d0ec8c25_stocks_etl_dag","filename":"stocks_etl_dag.py","lineno":103}
{"timestamp":"2026-08-19T06:27:27.856489Z","level":"info","event":"Filling up the DagBag from /opt/airflow/dags/stocks_etl_dag.py","logger":"airflow.dag_processing.dagbag.BundleDagBag","filename":"dagbag.py","lineno":460}
{"timestamp":"2026-08-19T06:27:27.999078Z","level":"info","event":"Pyspark imported, version: 3.5.2","logger":"unusual_prefix_377e48747e3957bb035dd88b74b86ec1d0ec8c25_stocks_etl_dag","filename":"stocks_etl_dag.py","lineno":24}
{"timestamp":"2026-08-19T06:27:28.733020Z","level":"info","event":"ETL function imported succesfully!","logger":"unusual_prefix_377e48747e3957bb035dd88b74b86ec1d0ec8c25_stocks_etl_dag","filename":"stocks_etl_dag.py","lineno":32}
{"timestamp":"2026-08-19T06:27:28.738773Z","level":"info","event":"DAG loaded sucessfully!","logger":"unusual_prefix_377e48747e3957bb035dd88b74b86ec1d0ec8c25_stocks_etl_dag","filename":"stocks_etl_dag.py","lineno":103}
{"timestamp":"2026-08-19T06:27:59.268124Z","level":"info","event":"Filling up the DagBag from /opt/airflow/dags/stocks_etl_dag.py","logger":"airflow.dag_processing.dagbag.BundleDagBag","filename":"dagbag.py","lineno":460}
{"timestamp":"2026-08-19T06:27:59.414976Z","level":"info","event":"Pyspark imported, version: 3.5.2","logger":"unusual_prefix_377e48747e3957bb035dd88b74b86ec1d0ec8c25_stocks_etl_dag","filename":"stocks_etl_dag.py","lineno":24}
{"timestamp":"2026-08-19T06:28:00.163233Z","level":"info","event":"ETL function imported succesfully!","logger":"unusual_prefix_377e48747e3957bb035dd88b74b86ec1d0ec8c25_stocks_etl_dag","filename":"stocks_etl_dag.py","lineno":32}
{"timestamp":"2026-08-19T06:28:00.168163Z","level":"info","event":"DAG loaded sucessfully!","logger":"unusual_prefix_377e48747e3957bb035dd88b74b86ec1d0ec8c25_stocks_etl_dag","filename":"stocks_etl_dag.py","lineno":103}
{"timestamp":"2026-08-19T06:28:30.616627Z","level":"info","event":"Filling up the DagBag from /opt/airflow/dags/stocks_etl_dag.py","logger":"airflow.dag_processing.dagbag.BundleDagBag","filename":"dagbag.py","lineno":460}
{"timestamp":"2026-08-19T06:28:30.907783Z","level":"info","event":"Pyspark imported, version: 3.5.2","logger":"unusual_prefix_377e48747e3957bb035dd88b74b86ec1d0ec8c25_stocks_etl_dag","filename":"stocks_etl_dag.py","lineno":24}
{"timestamp":"2026-08-19T06:28:32.481226Z","level":"info","event":"ETL function imported succesfully!","logger":"unusual_prefix_377e48747e3957bb035dd88b74b86ec1d0ec8c25_stocks_etl_dag","filename":"stocks_etl_dag.py","lineno":32}
{"timestamp":"2026-08-19T06:28:32.486196Z","level":"info","event":"DAG loaded sucessfully!","logger":"unusual_prefix_377e48747e3957bb035dd88b74b86ec1d0ec8c25_stocks_etl_dag","filename":"stocks_etl_dag.py","lineno":103}
{"timestamp":"2026-08-19T06:29:02.945289Z","level":"info","event":"Filling up the DagBag from /opt/airflow/dags/stocks_etl_dag.py","logger":"airflow.dag_processing.dagbag.BundleDagBag","filename":"dagbag.py","lineno":460}
{"timestamp":"2026-08-19T06:29:03.199466Z","level":"info","event":"Pyspark imported, version: 3.5.2","logger":"unusual_prefix_377e48747e3957bb035dd88b74b86ec1d0ec8c25_stocks_etl_dag","filename":"stocks_etl_dag.py","lineno":24}
{"timestamp":"2026-08-19T06:29:04.281561Z","level":"info","event":"ETL function imported succesfully!","logger":"unusual_prefix_377e48747e3957bb035dd88b74b86ec1d0ec8c25_stocks_etl_dag","filename":"stocks_etl_dag.py","lineno":32}
{"timestamp":"2026-08-19T06:29:04.287123Z","level":"info","event":"DAG loaded sucessfully!","logger":"unusual_prefix_377e48747e3957bb035dd88b74b86ec1d0ec8c25_stocks_etl_dag","filename":"stocks_etl_dag.py","lineno":103}
{"timestamp":"2026-08-19T06:29:34.740038Z","level":"info","event":"Filling up the DagBag from /opt/airflow/dags/stocks_etl_dag.py","logger":"airflow.dag_processing.dagbag.BundleDagBag","filename":"dagbag.py","lineno":460}
{"timestamp":"2026-08-19T06:29:34.963241Z","level":"info","event":"Pyspark imported, version: 3.5.2","logger":"unusual_prefix_377e48747e3957bb035dd88b74b86ec1d0ec8c25_stocks_etl_dag","filename":"stocks_etl_dag.py","lineno":24}
{"timestamp":"2026-08-19T06:29:36.220256Z","level":"info","event":"ETL function imported succesfully!","logger":"unusual_prefix_377e48747e3957bb035dd88b74b86ec1d0ec8c25_stocks_etl_dag","filename":"stocks_etl_dag.py","lineno":32}
{"timestamp":"2026-08-19T06:29:36.227996Z","level":"info","event":"DAG loaded sucessfully!","logger":"unusual_prefix_377e48747e3957bb035dd88b74b86ec1d0ec8c25_stocks_etl_dag","filename":"stocks_etl_dag.py","lineno":103}
{"timestamp":"2026-08-19T06:30:06.714046Z","level":"info","event":"Filling up the DagBag from /opt/airflow/dags/stocks_etl_dag.py","logger":"airflow.dag_processing.dagbag.BundleDagBag","filename":"dagbag.py","lineno":460}
{"timestamp":"2026-08-19T06:30:07.019179Z","level":"info","event":"Pyspark imported, version: 3.5.2","logger":"unusual_prefix_377e48747e3957bb035dd88b74b86ec1d0ec8c25_stocks_etl_dag","filename":"stocks_etl_dag.py","lineno":24}
{"timestamp":"2026-08-19T06:30:08.118143Z","level":"info","event":"ETL function imported succesfully!","logger":"unusual_prefix_377e48747e3957bb035dd88b74b86ec1d0ec8c25_stocks_etl_dag","filename":"stocks_etl_dag.py","lineno":32}
{"timestamp":"2026-08-19T06:30:08.123346Z","level":"info","event":"DAG loaded sucessfully!","logger":"unusual_prefix_377e48747e3957bb035dd88b74b86ec1d0ec8c25_stocks_etl_dag","filename":"stocks_etl_dag.py","lineno":103}
{"timestamp":"2026-08-19T06:30:38.615696Z","level":"info","event":"Filling up the DagBag from /opt/airflow/dags/stocks_etl_dag.py","logger":"airflow.dag_processing.dagbag.BundleDagBag","filename":"dagbag.py","lineno":460}
{"timestamp":"2026-08-19T06:30:39.051264Z","level":"info","event":"Pyspark imported, version: 3.5.2","logger":"unusual_prefix_377e48747e3957bb035dd88b74b86ec1d0ec8c25_stocks_etl_dag","filename":"stocks_etl_dag.py","lineno":24}
{"timestamp":"2026-08-19T06:30:40.800830Z","level":"info","event":"ETL function imported succesfully!","logger":"unusual_prefix_377e48747e3957bb035dd88b74b86ec1d0ec8c25_stocks_etl_dag","filename":"stocks_etl_dag.py","lineno":32}
{"timestamp":"2026-08-19T06:30:40.808765Z","level":"info","event":"DAG loaded sucessfully!","logger":"unusual_prefix_377e48747e3957bb035dd88b74b86ec1d0ec8c25_stocks_etl_dag","filename":"stocks_etl_dag.py","lineno":103}
{"timestamp":"2026-08-19T06:31:11.104093Z","level":"info","event":"Filling up the DagBag from /opt/airflow/dags/stocks_etl_dag.py","logger":"airflow.dag_processing.dagbag.BundleDagBag","filename":"dagbag.py","lineno":460}
{"timestamp":"2026-08-19T06:31:11.345685Z","level":"info","event":"Pyspark imported, version: 3.5.2","logger":"unusual_prefix_377e48747e3957bb035dd88b74b86ec1d0ec8c25_stocks_etl_dag","filename":"stocks_etl_dag.py","lineno":24}
{"timestamp":"2026-08-19T06:31:12.353004Z","level":"info","event":"ETL function imported succesfully!","logger":"unusual_prefix_377e48747e3957bb035dd88b74b86ec1d0ec8c25_stocks_etl_dag","filename":"stocks_etl_dag.py","lineno":32}
{"timestamp":"2026-08-19T06:31:12.358010Z","level":"info","event":"DAG loaded sucessfully!","logger":"unusual_prefix_377e48747e3957bb035dd88b74b86ec1d0ec8c25_stocks_etl_dag","filename":"stocks_etl_dag.py","lineno":103}
{"timestamp":"2026-08-19T06:31:42.888010Z","level":"info","event":"Filling up the DagBag from /opt/airflow/dags/stocks_etl_dag.py","logger":"airflow.dag_processing.dagbag.BundleDagBag","filename":"dagbag.py","lineno":460}
{"timestamp":"2026-08-19T06:31:43.254071Z","level":"info","event":"Pyspark imported, version: 3.5.2","logger":"unusual_prefix_377e48747e3957bb035dd88b74b86ec1d0ec8c25_stocks_etl_dag","filename":"stocks_etl_dag.py","lineno":24}
{"timestamp":"2026-08-19T06:31:44.475222Z","level":"info","event":"ETL function imported succesfully!","logger":"unusual_prefix_377e48747e3957bb035dd88b74b86ec1d0ec8c25_stocks_etl_dag","filename":"stocks_etl_dag.py","lineno":32}
{"timestamp":"2026-08-19T06:31:44.482534Z","level":"info","event":"DAG loaded sucessfully!","logger":"unusual_prefix_377e48747e3957bb035dd88b74b86ec1d0ec8c25_stocks_etl_dag","filename":"stocks_etl_dag.py","lineno":103}
{"timestamp":"2026-08-19T06:32:15.024084Z","level":"info","event":"Filling up the DagBag from /opt/airflow/dags/stocks_etl_dag.py","logger":"airflow.dag_processing.dagbag.BundleDagBag","filename":"dagbag.py","lineno":460}
{"timestamp":"2026-08-19T06:32:15.261483Z","level":"info","event":"Pyspark imported, version: 3.5.2","logger":"unusual_prefix_377e48747e3957bb035dd88b74b86ec1d0ec8c25_stocks_etl_dag","filename":"stocks_etl_dag.py","lineno":24}
{"timestamp":"2026-08-19T06:32:16.390184Z","level":"info","event":"ETL function imported succesfully!","logger":"unusual_prefix_377e48747e3957bb035dd88b74b86ec1d0ec8c25_stocks_etl_dag","filename":"stocks_etl_dag.py","lineno":32}
{"timestamp":"2026-08-19T06:32:16.395963Z","level":"info","event":"DAG loaded sucessfully!","logger":"unusual_prefix_377e48747e3957bb035dd88b74b86ec1d0ec8c25_stocks_etl_dag","filename":"stocks_etl_dag.py","lineno":103}
{"timestamp":"2026-08-19T06:32:46.854441Z","level":"info","event":"Filling up the DagBag from /opt/airflow/dags/stocks_etl_dag.py","logger":"airflow.dag_processing.dagbag.BundleDagBag","filename":"dagbag.py","lineno":460}
{"timestamp":"2026-08-19T06:32:47.067435Z","level":"info","event":"Pyspark imported, version: 3.5.2","logger":"unusual_prefix_377e48747e3957bb035dd88b74b86ec1d0ec8c25_stocks_etl_dag","filename":"stocks_etl_dag.py","lineno":24}
{"timestamp":"2026-08-19T06:32:47.853257Z","level":"info","event":"ETL function imported succesfully!","logger":"unusual_prefix_377e48747e3957bb035dd88b74b86ec1d0ec8c25_stocks_etl_dag","filename":"stocks_etl_dag.py","lineno":32}
{"timestamp":"2026-08-19T06:32:47.858301Z","level":"info","event":"DAG loaded sucessfully!","logger":"unusual_prefix_377e48747e3957bb035dd88b74b86ec1d0ec8c25_stocks_etl_dag","filename":"stocks_etl_dag.py","lineno":103}
{"timestamp":"2026-08-19T06:33:18.353806Z","level":"info","event":"Filling up the DagBag from /opt/airflow/dags/stocks_etl_dag.py","logger":"airflow.dag_processing.dagbag.BundleDagBag","filename":"dagbag.py","lineno":460}
{"timestamp":"2026-08-19T06:33:18.619829Z","level":"info","event":"Pyspark imported, version: 3.5.2","logger":"unusual_prefix_377e48747e3957bb035dd88b74b86ec1d0ec8c25_stocks_etl_dag","filename":"stocks_etl_dag.py","lineno":24}
{"timestamp":"2026-08-19T06:33:20.278654Z","level":"info","event":"ETL function imported succesfully!","logger":"unusual_prefix_377e48747e3957bb035dd88b74b86ec1d0ec8c25_stocks_etl_dag","filename":"stocks_etl_dag.py","lineno":32}
{"timestamp":"2026-08-19T06:33:20.285300Z","level":"info","event":"DAG loaded sucessfully!","logger":"unusual_prefix_377e48747e3957bb035dd88b74b86ec1d0ec8c25_stocks_etl_dag","filename":"stocks_etl_dag.py","lineno":103}
{"timestamp":"2026-08-19T06:33:50.747894Z","level":"info","event":"Filling up the DagBag from /opt/airflow/dags/stocks_etl_dag.py","logger":"airflow.dag_processing.dagbag.BundleDagBag","filename":"dagbag.py","lineno":460}
{"timestamp":"2026-08-19T06:33:51.043678Z","level":"info","event":"Pyspark imported, version: 3.5.2","logger":"unusual_prefix_377e48747e3957bb035dd88b74b86ec1d0ec8c25_stocks_etl_dag","filename":"stocks_etl_dag.py","lineno":24}
{"timestamp":"2026-08-19T06:33:53.144125Z","level":"info","event":"ETL function imported succesfully!","logger":"unusual_prefix_377e48747e3957bb035dd88b74b86ec1d0ec8c25_stocks_etl_dag","filename":"stocks_etl_dag.py","lineno":32}
{"timestamp":"2026-08-19T06:33:53.154777Z","level":"info","event":"DAG loaded sucessfully!","logger":"unusual_prefix_377e48747e3957bb035dd88b74b86ec1d0ec8c25_stocks_etl_dag","filename":"stocks_etl_dag.py","lineno":103}
{"timestamp":"2026-08-19T06:34:23.689208Z","level":"info","event":"Filling up the DagBag from /opt/airflow/dags/stocks_etl_dag.py","logger":"airflow.dag_processing.dagbag.BundleDagBag","filename":"dagbag.py","lineno":460}
{"timestamp":"2026-08-19T06:34:23.964197Z","level":"info","event":"Pyspark imported, version: 3.5.2","logger":"unusual_prefix_377e48747e3957bb035dd88b74b86ec1d0ec8c25_stocks_etl_dag","filename":"stocks_etl_dag.py","lineno":24}
{"timestamp":"2026-08-19T06:34:25.404199Z","level":"info","event":"ETL function imported succesfully!","logger":"unusual_prefix_377e48747e3957bb035dd88b74b86ec1d0ec8c25_stocks_etl_dag","filename":"stocks_etl_dag.py","lineno":32}
{"timestamp":"2026-08-19T06:34:25.414727Z","level":"info","event":"DAG loaded sucessfully!","logger":"unusual_prefix_377e48747e3957bb035dd88b74b86ec1d0ec8c25_stocks_etl_dag","filename":"stocks_etl_dag.py","lineno":103}
{"timestamp":"2026-08-19T06:34:56.230151Z","level":"info","event":"Filling up the DagBag from /opt/airflow/dags/stocks_etl_dag.py","logger":"airflow.dag_processing.dagbag.BundleDagBag","filename":"dagbag.py","lineno":460}
{"timestamp":"2026-08-19T06:34:56.386775Z","level":"info","event":"Pyspark imported, version: 3.5.2","logger":"unusual_prefix_377e48747e3957bb035dd88b74b86ec1d0ec8c25_stocks_etl_dag","filename":"stocks_etl_dag.py","lineno":24}
{"timestamp":"2026-08-19T06:34:57.188664Z","level":"info","event":"ETL function imported succesfully!","logger":"unusual_prefix_377e48747e3957bb035dd88b74b86ec1d0ec8c25_stocks_etl_dag","filename":"stocks_etl_dag.py","lineno":32}
{"timestamp":"2026-08-19T06:34:57.192773Z","level":"info","event":"DAG loaded sucessfully!","logger":"unusual_prefix_377e48747e3957bb035dd88b74b86ec1d0ec8c25_stocks_etl_dag","filename":"stocks_etl_dag.py","lineno":103}
{"timestamp":"2026-08-19T06:35:27.825070Z","level":"info","event":"Filling up the DagBag from /opt/airflow/dags/stocks_etl_dag.py","logger":"airflow.dag_processing.dagbag.BundleDagBag","filename":"dagbag.py","lineno":460}
{"timestamp":"2026-08-19T06:35:28.136690Z","level":"info","event":"Pyspark imported, version: 3.5.2","logger":"unusual_prefix_377e48747e3957bb035dd88b74b86ec1d0ec8c25_stocks_etl_dag","filename":"stocks_etl_dag.py","lineno":24}
{"timestamp":"2026-08-19T06:35:30.031295Z","level":"info","event":"ETL function imported succesfully!","logger":"unusual_prefix_377e48747e3957bb035dd88b74b86ec1d0ec8c25_stocks_etl_dag","filename":"stocks_etl_dag.py","lineno":32}
{"timestamp":"2026-08-19T06:35:30.037941Z","level":"info","event":"DAG loaded sucessfully!","logger":"unusual_prefix_377e48747e3957bb035dd88b74b86ec1d0ec8c25_stocks_etl_dag","filename":"stocks_etl_dag.py","lineno":103}
{"timestamp":"2026-08-19T06:36:00.198932Z","level":"info","event":"Filling up the DagBag from /opt/airflow/dags/stocks_etl_dag.py","logger":"airflow.dag_processing.dagbag.BundleDagBag","filename":"dagbag.py","lineno":460}
{"timestamp":"2026-08-19T06:36:00.548380Z","level":"info","event":"Pyspark imported, version: 3.5.2","logger":"unusual_prefix_377e48747e3957bb035dd88b74b86ec1d0ec8c25_stocks_etl_dag","filename":"stocks_etl_dag.py","lineno":24}
{"timestamp":"2026-08-19T06:36:01.895190Z","level":"info","event":"ETL function imported succesfully!","logger":"unusual_prefix_377e48747e3957bb035dd88b74b86ec1d0ec8c25_stocks_etl_dag","filename":"stocks_etl_dag.py","lineno":32}
{"timestamp":"2026-08-19T06:36:01.902871Z","level":"info","event":"DAG loaded sucessfully!","logger":"unusual_prefix_377e48747e3957bb035dd88b74b86ec1d0ec8c25_stocks_etl_dag","filename":"stocks_etl_dag.py","lineno":103}
{"timestamp":"2026-08-19T06:36:32.557432Z","level":"info","event":"Filling up the DagBag from /opt/airflow/dags/stocks_etl_dag.py","logger":"airflow.dag_processing.dagbag.BundleDagBag","filename":"dagbag.py","lineno":460}
{"timestamp":"2026-08-19T06:36:32.832348Z","level":"info","event":"Pyspark imported, version: 3.5.2","logger":"unusual_prefix_377e48747e3957bb035dd88b74b86ec1d0ec8c25_stocks_etl_dag","filename":"stocks_etl_dag.py","lineno":24}
{"timestamp":"2026-08-19T06:36:34.072143Z","level":"info","event":"ETL function imported succesfully!","logger":"unusual_prefix_377e48747e3957bb035dd88b74b86ec1d0ec8c25_stocks_etl_dag","filename":"stocks_etl_dag.py","lineno":32}
{"timestamp":"2026-08-19T06:36:34.079085Z","level":"info","event":"DAG loaded sucessfully!","logger":"unusual_prefix_377e48747e3957bb035dd88b74b86ec1d0ec8c25_stocks_etl_dag","filename":"stocks_etl_dag.py","lineno":103}
{"timestamp":"2026-08-19T06:37:04.519073Z","level":"info","event":"Filling up the DagBag from /opt/airflow/dags/stocks_etl_dag.py","logger":"airflow.dag_processing.dagbag.BundleDagBag","filename":"dagbag.py","lineno":460}
{"timestamp":"2026-08-19T06:37:04.698073Z","level":"info","event":"Pyspark imported, version: 3.5.2","logger":"unusual_prefix_377e48747e3957bb035dd88b74b86ec1d0ec8c25_stocks_etl_dag","filename":"stocks_etl_dag.py","lineno":24}
{"timestamp":"2026-08-19T06:37:05.417882Z","level":"info","event":"ETL function imported succesfully!","logger":"unusual_prefix_377e48747e3957bb035dd88b74b86ec1d0ec8c25_stocks_etl_dag","filename":"stocks_etl_dag.py","lineno":32}
{"timestamp":"2026-08-19T06:37:05.422468Z","level":"info","event":"DAG loaded sucessfully!","logger":"unusual_prefix_377e48747e3957bb035dd88b74b86ec1d0ec8c25_stocks_etl_dag","filename":"stocks_etl_dag.py","lineno":103}
{"timestamp":"2026-08-19T06:37:35.985141Z","level":"info","event":"Filling up the DagBag from /opt/airflow/dags/stocks_etl_dag.py","logger":"airflow.dag_processing.dagbag.BundleDagBag","filename":"dagbag.py","lineno":460}
{"timestamp":"2026-08-19T06:37:36.243293Z","level":"info","event":"Pyspark imported, version: 3.5.2","logger":"unusual_prefix_377e48747e3957bb035dd88b74b86ec1d0ec8c25_stocks_etl_dag","filename":"stocks_etl_dag.py","lineno":24}
{"timestamp":"2026-08-19T06:37:37.941361Z","level":"info","event":"ETL function imported succesfully!","logger":"unusual_prefix_377e48747e3957bb035dd88b74b86ec1d0ec8c25_stocks_etl_dag","filename":"stocks_etl_dag.py","lineno":32}
{"timestamp":"2026-08-19T06:37:37.948859Z","level":"info","event":"DAG loaded sucessfully!","logger":"unusual_prefix_377e48747e3957bb035dd88b74b86ec1d0ec8c25_stocks_etl_dag","filename":"stocks_etl_dag.py","lineno":103}
{"timestamp":"2026-08-19T06:38:08.184997Z","level":"info","event":"Filling up the DagBag from /opt/airflow/dags/stocks_etl_dag.py","logger":"airflow.dag_processing.dagbag.BundleDagBag","filename":"dagbag.py","lineno":460}
{"timestamp":"2026-08-19T06:38:08.441194Z","level":"info","event":"Pyspark imported, version: 3.5.2","logger":"unusual_prefix_377e48747e3957bb035dd88b74b86ec1d0ec8c25_stocks_etl_dag","filename":"stocks_etl_dag.py","lineno":24}
{"timestamp":"2026-08-19T06:38:09.808722Z","level":"info","event":"ETL function imported succesfully!","logger":"unusual_prefix_377e48747e3957bb035dd88b74b86ec1d0ec8c25_stocks_etl_dag","filename":"stocks_etl_dag.py","lineno":32}
{"timestamp":"2026-08-19T06:38:09.815509Z","level":"info","event":"DAG loaded sucessfully!","logger":"unusual_prefix_377e48747e3957bb035dd88b74b86ec1d0ec8c25_stocks_etl_dag","filename":"stocks_etl_dag.py","lineno":103}
{"timestamp":"2026-08-19T06:38:40.281102Z","level":"info","event":"Filling up the DagBag from /opt/airflow/dags/stocks_etl_dag.py","logger":"airflow.dag_processing.dagbag.BundleDagBag","filename":"dagbag.py","lineno":460}
{"timestamp":"2026-08-19T06:38:40.735198Z","level":"info","event":"Pyspark imported, version: 3.5.2","logger":"unusual_prefix_377e48747e3957bb035dd88b74b86ec1d0ec8c25_stocks_etl_dag","filename":"stocks_etl_dag.py","lineno":24}
{"timestamp":"2026-08-19T06:38:42.773306Z","level":"info","event":"ETL function imported succesfully!","logger":"unusual_prefix_377e48747e3957bb035dd88b74b86ec1d0ec8c25_stocks_etl_dag","filename":"stocks_etl_dag.py","lineno":32}
{"timestamp":"2026-08-19T06:38:42.783325Z","level":"info","event":"DAG loaded sucessfully!","logger":"unusual_prefix_377e48747e3957bb035dd88b74b86ec1d0ec8c25_stocks_etl_dag","filename":"stocks_etl_dag.py","lineno":103}
{"timestamp":"2026-08-19T06:39:13.252317Z","level":"info","event":"Filling up the DagBag from /opt/airflow/dags/stocks_etl_dag.py","logger":"airflow.dag_processing.dagbag.BundleDagBag","filename":"dagbag.py","lineno":460}
{"timestamp":"2026-08-19T06:39:13.479030Z","level":"info","event":"Pyspark imported, version: 3.5.2","logger":"unusual_prefix_377e48747e3957bb035dd88b74b86ec1d0ec8c25_stocks_etl_dag","filename":"stocks_etl_dag.py","lineno":24}
{"timestamp":"2026-08-19T06:39:14.551867Z","level":"info","event":"ETL function imported succesfully!","logger":"unusual_prefix_377e48747e3957bb035dd88b74b86ec1d0ec8c25_stocks_etl_dag","filename":"stocks_etl_dag.py","lineno":32}
{"timestamp":"2026-08-19T06:39:14.558743Z","level":"info","event":"DAG loaded sucessfully!","logger":"unusual_prefix_377e48747e3957bb035dd88b74b86ec1d0ec8c25_stocks_etl_dag","filename":"stocks_etl_dag.py","lineno":103}
{"timestamp":"2026-08-19T06:39:44.674041Z","level":"info","event":"Filling up the DagBag from /opt/airflow/dags/stocks_etl_dag.py","logger":"airflow.dag_processing.dagbag.BundleDagBag","filename":"dagbag.py","lineno":460}
{"timestamp":"2026-08-19T06:39:44.831655Z","level":"info","event":"Pyspark imported, version: 3.5.2","logger":"unusual_prefix_377e48747e3957bb035dd88b74b86ec1d0ec8c25_stocks_etl_dag","filename":"stocks_etl_dag.py","lineno":24}
{"timestamp":"2026-08-19T06:39:45.619469Z","level":"info","event":"ETL function imported succesfully!","logger":"unusual_prefix_377e48747e3957bb035dd88b74b86ec1d0ec8c25_stocks_etl_dag","filename":"stocks_etl_dag.py","lineno":32}
{"timestamp":"2026-08-19T06:39:45.625124Z","level":"info","event":"DAG loaded sucessfully!","logger":"unusual_prefix_377e48747e3957bb035dd88b74b86ec1d0ec8c25_stocks_etl_dag","filename":"stocks_etl_dag.py","lineno":103}
{"timestamp":"2026-08-19T06:40:16.205073Z","level":"info","event":"Filling up the DagBag from /opt/airflow/dags/stocks_etl_dag.py","logger":"airflow.dag_processing.dagbag.BundleDagBag","filename":"dagbag.py","lineno":460}
{"timestamp":"2026-08-19T06:40:16.454337Z","level":"info","event":"Pyspark imported, version: 3.5.2","logger":"unusual_prefix_377e48747e3957bb035dd88b74b86ec1d0ec8c25_stocks_etl_dag","filename":"stocks_etl_dag.py","lineno":24}
{"timestamp":"2026-08-19T06:40:17.652880Z","level":"info","event":"ETL function imported succesfully!","logger":"unusual_prefix_377e48747e3957bb035dd88b74b86ec1d0ec8c25_stocks_etl_dag","filename":"stocks_etl_dag.py","lineno":32}
{"timestamp":"2026-08-19T06:40:17.660367Z","level":"info","event":"DAG loaded sucessfully!","logger":"unusual_prefix_377e48747e3957bb035dd88b74b86ec1d0ec8c25_stocks_etl_dag","filename":"stocks_etl_dag.py","lineno":103}
{"timestamp":"2026-08-19T06:40:48.176905Z","level":"info","event":"Filling up the DagBag from /opt/airflow/dags/stocks_etl_dag.py","logger":"airflow.dag_processing.dagbag.BundleDagBag","filename":"dagbag.py","lineno":460}
{"timestamp":"2026-08-19T06:40:48.456740Z","level":"info","event":"Pyspark imported, version: 3.5.2","logger":"unusual_prefix_377e48747e3957bb035dd88b74b86ec1d0ec8c25_stocks_etl_dag","filename":"stocks_etl_dag.py","lineno":24}
{"timestamp":"2026-08-19T06:40:49.747472Z","level":"info","event":"ETL function imported succesfully!","logger":"unusual_prefix_377e48747e3957bb035dd88b74b86ec1d0ec8c25_stocks_etl_dag","filename":"stocks_etl_dag.py","lineno":32}
{"timestamp":"2026-08-19T06:40:49.756400Z","level":"info","event":"DAG loaded sucessfully!","logger":"unusual_prefix_377e48747e3957bb035dd88b74b86ec1d0ec8c25_stocks_etl_dag","filename":"stocks_etl_dag.py","lineno":103}
{"timestamp":"2026-08-19T06:41:20.384288Z","level":"info","event":"Filling up the DagBag from /opt/airflow/dags/stocks_etl_dag.py","logger":"airflow.dag_processing.dagbag.BundleDagBag","filename":"dagbag.py","lineno":460}
{"timestamp":"2026-08-19T06:41:20.788015Z","level":"info","event":"Pyspark imported, version: 3.5.2","logger":"unusual_prefix_377e48747e3957bb035dd88b74b86ec1d0ec8c25_stocks_etl_dag","filename":"stocks_etl_dag.py","lineno":24}
{"timestamp":"2026-08-19T06:41:22.587162Z","level":"info","event":"ETL function imported succesfully!","logger":"unusual_prefix_377e48747e3957bb035dd88b74b86ec1d0ec8c25_stocks_etl_dag","filename":"stocks_etl_dag.py","lineno":32}
{"timestamp":"2026-08-19T06:41:22.595849Z","level":"info","event":"DAG loaded sucessfully!","logger":"unusual_prefix_377e48747e3957bb035dd88b74b86ec1d0ec8c25_stocks_etl_dag","filename":"stocks_etl_dag.py","lineno":103}
{"timestamp":"2026-08-19T06:41:53.065933Z","level":"info","event":"Filling up the DagBag from /opt/airflow/dags/stocks_etl_dag.py","logger":"airflow.dag_processing.dagbag.BundleDagBag","filename":"dagbag.py","lineno":460}
{"timestamp":"2026-08-19T06:41:53.235530Z","level":"info","event":"Pyspark imported, version: 3.5.2","logger":"unusual_prefix_377e48747e3957bb035dd88b74b86ec1d0ec8c25_stocks_etl_dag","filename":"stocks_etl_dag.py","lineno":24}
{"timestamp":"2026-08-19T06:41:54.092035Z","level":"info","event":"ETL function imported succesfully!","logger":"unusual_prefix_377e48747e3957bb035dd88b74b86ec1d0ec8c25_stocks_etl_dag","filename":"stocks_etl_dag.py","lineno":32}
{"timestamp":"2026-08-19T06:41:54.096409Z","level":"info","event":"DAG loaded sucessfully!","logger":"unusual_prefix_377e48747e3957bb035dd88b74b86ec1d0ec8c25_stocks_etl_dag","filename":"stocks_etl_dag.py","lineno":103}
{"timestamp":"2026-08-19T06:42:24.600655Z","level":"info","event":"Filling up the DagBag from /opt/airflow/dags/stocks_etl_dag.py","logger":"airflow.dag_processing.dagbag.BundleDagBag","filename":"dagbag.py","lineno":460}
{"timestamp":"2026-08-19T06:42:24.870056Z","level":"info","event":"Pyspark imported, version: 3.5.2","logger":"unusual_prefix_377e48747e3957bb035dd88b74b86ec1d0ec8c25_stocks_etl_dag","filename":"stocks_etl_dag.py","lineno":24}
{"timestamp":"2026-08-19T06:42:25.840137Z","level":"info","event":"ETL function imported succesfully!","logger":"unusual_prefix_377e48747e3957bb035dd88b74b86ec1d0ec8c25_stocks_etl_dag","filename":"stocks_etl_dag.py","lineno":32}
{"timestamp":"2026-08-19T06:42:25.845929Z","level":"info","event":"DAG loaded sucessfully!","logger":"unusual_prefix_377e48747e3957bb035dd88b74b86ec1d0ec8c25_stocks_etl_dag","filename":"stocks_etl_dag.py","lineno":103}
{"timestamp":"2026-08-19T06:42:56.286381Z","level":"info","event":"Filling up the DagBag from /opt/airflow/dags/stocks_etl_dag.py","logger":"airflow.dag_processing.dagbag.BundleDagBag","filename":"dagbag.py","lineno":460}
{"timestamp":"2026-08-19T06:42:56.530020Z","level":"info","event":"Pyspark imported, version: 3.5.2","logger":"unusual_prefix_377e48747e3957bb035dd88b74b86ec1d0ec8c25_stocks_etl_dag","filename":"stocks_etl_dag.py","lineno":24}
{"timestamp":"2026-08-19T06:42:57.949955Z","level":"info","event":"ETL function imported succesfully!","logger":"unusual_prefix_377e48747e3957bb035dd88b74b86ec1d0ec8c25_stocks_etl_dag","filename":"stocks_etl_dag.py","lineno":32}
{"timestamp":"2026-08-19T06:42:57.959167Z","level":"info","event":"DAG loaded sucessfully!","logger":"unusual_prefix_377e48747e3957bb035dd88b74b86ec1d0ec8c25_stocks_etl_dag","filename":"stocks_etl_dag.py","lineno":103}
{"timestamp":"2026-08-19T06:43:28.607641Z","level":"info","event":"Filling up the DagBag from /opt/airflow/dags/stocks_etl_dag.py","logger":"airflow.dag_processing.dagbag.BundleDagBag","filename":"dagbag.py","lineno":460}
{"timestamp":"2026-08-19T06:43:28.870742Z","level":"info","event":"Pyspark imported, version: 3.5.2","logger":"unusual_prefix_377e48747e3957bb035dd88b74b86ec1d0ec8c25_stocks_etl_dag","filename":"stocks_etl_dag.py","lineno":24}
{"timestamp":"2026-08-19T06:43:29.635068Z","level":"info","event":"ETL function imported succesfully!","logger":"unusual_prefix_377e48747e3957bb035dd88b74b86ec1d0ec8c25_stocks_etl_dag","filename":"stocks_etl_dag.py","lineno":32}
{"timestamp":"2026-08-19T06:43:29.641879Z","level":"info","event":"DAG loaded sucessfully!","logger":"unusual_prefix_377e48747e3957bb035dd88b74b86ec1d0ec8c25_stocks_etl_dag","filename":"stocks_etl_dag.py","lineno":103}
{"timestamp":"2026-08-19T06:44:00.189502Z","level":"info","event":"Filling up the DagBag from /opt/airflow/dags/stocks_etl_dag.py","logger":"airflow.dag_processing.dagbag.BundleDagBag","filename":"dagbag.py","lineno":460}
{"timestamp":"2026-08-19T06:44:00.464911Z","level":"info","event":"Pyspark imported, version: 3.5.2","logger":"unusual_prefix_377e48747e3957bb035dd88b74b86ec1d0ec8c25_stocks_etl_dag","filename":"stocks_etl_dag.py","lineno":24}
{"timestamp":"2026-08-19T06:44:01.661428Z","level":"info","event":"ETL function imported succesfully!","logger":"unusual_prefix_377e48747e3957bb035dd88b74b86ec1d0ec8c25_stocks_etl_dag","filename":"stocks_etl_dag.py","lineno":32}
{"timestamp":"2026-08-19T06:44:01.668013Z","level":"info","event":"DAG loaded sucessfully!","logger":"unusual_prefix_377e48747e3957bb035dd88b74b86ec1d0ec8c25_stocks_etl_dag","filename":"stocks_etl_dag.py","lineno":103}
{"timestamp":"2026-08-19T06:44:32.203820Z","level":"info","event":"Filling up the DagBag from /opt/airflow/dags/stocks_etl_dag.py","logger":"airflow.dag_processing.dagbag.BundleDagBag","filename":"dagbag.py","lineno":460}
{"timestamp":"2026-08-19T06:44:32.433752Z","level":"info","event":"Pyspark imported, version: 3.5.2","logger":"unusual_prefix_377e48747e3957bb035dd88b74b86ec1d0ec8c25_stocks_etl_dag","filename":"stocks_etl_dag.py","lineno":24}
{"timestamp":"2026-08-19T06:44:33.544629Z","level":"info","event":"ETL function imported succesfully!","logger":"unusual_prefix_377e48747e3957bb035dd88b74b86ec1d0ec8c25_stocks_etl_dag","filename":"stocks_etl_dag.py","lineno":32}
{"timestamp":"2026-08-19T06:44:33.551657Z","level":"info","event":"DAG loaded sucessfully!","logger":"unusual_prefix_377e48747e3957bb035dd88b74b86ec1d0ec8c25_stocks_etl_dag","filename":"stocks_etl_dag.py","lineno":103}
{"timestamp":"2026-08-19T06:45:03.993567Z","level":"info","event":"Filling up the DagBag from /opt/airflow/dags/stocks_etl_dag.py","logger":"airflow.dag_processing.dagbag.BundleDagBag","filename":"dagbag.py","lineno":460}
{"timestamp":"2026-08-19T06:45:04.177208Z","level":"info","event":"Pyspark imported, version: 3.5.2","logger":"unusual_prefix_377e48747e3957bb035dd88b74b86ec1d0ec8c25_stocks_etl_dag","filename":"stocks_etl_dag.py","lineno":24}
{"timestamp":"2026-08-19T06:45:05.045705Z","level":"info","event":"ETL function imported succesfully!","logger":"unusual_prefix_377e48747e3957bb035dd88b74b86ec1d0ec8c25_stocks_etl_dag","filename":"stocks_etl_dag.py","lineno":32}
{"timestamp":"2026-08-19T06:45:05.052283Z","level":"info","event":"DAG loaded sucessfully!","logger":"unusual_prefix_377e48747e3957bb035dd88b74b86ec1d0ec8c25_stocks_etl_dag","filename":"stocks_etl_dag.py","lineno":103}
{"timestamp":"2026-08-19T06:45:35.519447Z","level":"info","event":"Filling up the DagBag from /opt/airflow/dags/stocks_etl_dag.py","logger":"airflow.dag_processing.dagbag.BundleDagBag","filename":"dagbag.py","lineno":460}
{"timestamp":"2026-08-19T06:45:35.763100Z","level":"info","event":"Pyspark imported, version: 3.5.2","logger":"unusual_prefix_377e48747e3957bb035dd88b74b86ec1d0ec8c25_stocks_etl_dag","filename":"stocks_etl_dag.py","lineno":24}
{"timestamp":"2026-08-19T06:45:36.899504Z","level":"info","event":"ETL function imported succesfully!","logger":"unusual_prefix_377e48747e3957bb035dd88b74b86ec1d0ec8c25_stocks_etl_dag","filename":"stocks_etl_dag.py","lineno":32}
{"timestamp":"2026-08-19T06:45:36.905775Z","level":"info","event":"DAG loaded sucessfully!","logger":"unusual_prefix_377e48747e3957bb035dd88b74b86ec1d0ec8c25_stocks_etl_dag","filename":"stocks_etl_dag.py","lineno":103}
{"timestamp":"2026-08-19T06:46:07.425777Z","level":"info","event":"Filling up the DagBag from /opt/airflow/dags/stocks_etl_dag.py","logger":"airflow.dag_processing.dagbag.BundleDagBag","filename":"dagbag.py","lineno":460}
{"timestamp":"2026-08-19T06:46:07.720743Z","level":"info","event":"Pyspark imported, version: 3.5.2","logger":"unusual_prefix_377e48747e3957bb035dd88b74b86ec1d0ec8c25_stocks_etl_dag","filename":"stocks_etl_dag.py","lineno":24}
{"timestamp":"2026-08-19T06:46:08.849632Z","level":"info","event":"ETL function imported succesfully!","logger":"unusual_prefix_377e48747e3957bb035dd88b74b86ec1d0ec8c25_stocks_etl_dag","filename":"stocks_etl_dag.py","lineno":32}
{"timestamp":"2026-08-19T06:46:08.855169Z","level":"info","event":"DAG loaded sucessfully!","logger":"unusual_prefix_377e48747e3957bb035dd88b74b86ec1d0ec8c25_stocks_etl_dag","filename":"stocks_etl_dag.py","lineno":103}
{"timestamp":"2026-08-19T06:46:39.304277Z","level":"info","event":"Filling up the DagBag from /opt/airflow/dags/stocks_etl_dag.py","logger":"airflow.dag_processing.dagbag.BundleDagBag","filename":"dagbag.py","lineno":460}
{"timestamp":"2026-08-19T06:46:39.650623Z","level":"info","event":"Pyspark imported, version: 3.5.2","logger":"unusual_prefix_377e48747e3957bb035dd88b74b86ec1d0ec8c25_stocks_etl_dag","filename":"stocks_etl_dag.py","lineno":24}
{"timestamp":"2026-08-19T06:46:41.776025Z","level":"info","event":"ETL function imported succesfully!","logger":"unusual_prefix_377e48747e3957bb035dd88b74b86ec1d0ec8c25_stocks_etl_dag","filename":"stocks_etl_dag.py","lineno":32}
{"timestamp":"2026-08-19T06:46:41.785806Z","level":"info","event":"DAG loaded sucessfully!","logger":"unusual_prefix_377e48747e3957bb035dd88b74b86ec1d0ec8c25_stocks_etl_dag","filename":"stocks_etl_dag.py","lineno":103}
{"timestamp":"2026-08-19T06:47:12.452084Z","level":"info","event":"Filling up the DagBag from /opt/airflow/dags/stocks_etl_dag.py","logger":"airflow.dag_processing.dagbag.BundleDagBag","filename":"dagbag.py","lineno":460}
{"timestamp":"2026-08-19T06:47:12.740492Z","level":"info","event":"Pyspark imported, version: 3.5.2","logger":"unusual_prefix_377e48747e3957bb035dd88b74b86ec1d0ec8c25_stocks_etl_dag","filename":"stocks_etl_dag.py","lineno":24}
{"timestamp":"2026-08-19T06:47:13.758047Z","level":"info","event":"ETL function imported succesfully!","logger":"unusual_prefix_377e48747e3957bb035dd88b74b86ec1d0ec8c25_stocks_etl_dag","filename":"stocks_etl_dag.py","lineno":32}
{"timestamp":"2026-08-19T06:47:13.764075Z","level":"info","event":"DAG loaded sucessfully!","logger":"unusual_prefix_377e48747e3957bb035dd88b74b86ec1d0ec8c25_stocks_etl_dag","filename":"stocks_etl_dag.py","lineno":103}
{"timestamp":"2026-08-19T06:47:44.258171Z","level":"info","event":"Filling up the DagBag from /opt/airflow/dags/stocks_etl_dag.py","logger":"airflow.dag_processing.dagbag.BundleDagBag","filename":"dagbag.py","lineno":460}
{"timestamp":"2026-08-19T06:47:44.589049Z","level":"info","event":"Pyspark imported, version: 3.5.2","logger":"unusual_prefix_377e48747e3957bb035dd88b74b86ec1d0ec8c25_stocks_etl_dag","filename":"stocks_etl_dag.py","lineno":24}
{"timestamp":"2026-08-19T06:47:45.800418Z","level":"info","event":"ETL function imported succesfully!","logger":"unusual_prefix_377e48747e3957bb035dd88b74b86ec1d0ec8c25_stocks_etl_dag","filename":"stocks_etl_dag.py","lineno":32}
{"timestamp":"2026-08-19T06:47:45.806695Z","level":"info","event":"DAG loaded sucessfully!","logger":"unusual_prefix_377e48747e3957bb035dd88b74b86ec1d0ec8c25_stocks_etl_dag","filename":"stocks_etl_dag.py","lineno":103}
{"timestamp":"2026-08-19T06:48:16.341377Z","level":"info","event":"Filling up the DagBag from /opt/airflow/dags/stocks_etl_dag.py","logger":"airflow.dag_processing.dagbag.BundleDagBag","filename":"dagbag.py","lineno":460}
{"timestamp":"2026-08-19T06:48:16.669023Z","level":"info","event":"Pyspark imported, version: 3.5.2","logger":"unusual_prefix_377e48747e3957bb035dd88b74b86ec1d0ec8c25_stocks_etl_dag","filename":"stocks_etl_dag.py","lineno":24}
{"timestamp":"2026-08-19T06:48:18.226154Z","level":"info","event":"ETL function imported succesfully!","logger":"unusual_prefix_377e48747e3957bb035dd88b74b86ec1d0ec8c25_stocks_etl_dag","filename":"stocks_etl_dag.py","lineno":32}
{"timestamp":"2026-08-19T06:48:18.236276Z","level":"info","event":"DAG loaded sucessfully!","logger":"unusual_prefix_377e48747e3957bb035dd88b74b86ec1d0ec8c25_stocks_etl_dag","filename":"stocks_etl_dag.py","lineno":103}
{"timestamp":"2026-08-19T06:48:48.795482Z","level":"info","event":"Filling up the DagBag from /opt/airflow/dags/stocks_etl_dag.py","logger":"airflow.dag_processing.dagbag.BundleDagBag","filename":"dagbag.py","lineno":460}
{"timestamp":"2026-08-19T06:48:48.977849Z","level":"info","event":"Pyspark imported, version: 3.5.2","logger":"unusual_prefix_377e48747e3957bb035dd88b74b86ec1d0ec8c25_stocks_etl_dag","filename":"stocks_etl_dag.py","lineno":24}
{"timestamp":"2026-08-19T06:48:49.744701Z","level":"info","event":"ETL function imported succesfully!","logger":"unusual_prefix_377e48747e3957bb035dd88b74b86ec1d0ec8c25_stocks_etl_dag","filename":"stocks_etl_dag.py","lineno":32}
{"timestamp":"2026-08-19T06:48:49.749706Z","level":"info","event":"DAG loaded sucessfully!","logger":"unusual_prefix_377e48747e3957bb035dd88b74b86ec1d0ec8c25_stocks_etl_dag","filename":"stocks_etl_dag.py","lineno":103}
{"timestamp":"2026-08-19T06:49:20.302864Z","level":"info","event":"Filling up the DagBag from /opt/airflow/dags/stocks_etl_dag.py","logger":"airflow.dag_processing.dagbag.BundleDagBag","filename":"dagbag.py","lineno":460}
{"timestamp":"2026-08-19T06:49:20.639012Z","level":"info","event":"Pyspark imported, version: 3.5.2","logger":"unusual_prefix_377e48747e3957bb035dd88b74b86ec1d0ec8c25_stocks_etl_dag","filename":"stocks_etl_dag.py","lineno":24}
{"timestamp":"2026-08-19T06:49:21.670994Z","level":"info","event":"ETL function imported succesfully!","logger":"unusual_prefix_377e48747e3957bb035dd88b74b86ec1d0ec8c25_stocks_etl_dag","filename":"stocks_etl_dag.py","lineno":32}
{"timestamp":"2026-08-19T06:49:21.676156Z","level":"info","event":"DAG loaded sucessfully!","logger":"unusual_prefix_377e48747e3957bb035dd88b74b86ec1d0ec8c25_stocks_etl_dag","filename":"stocks_etl_dag.py","lineno":103}
{"timestamp":"2026-08-19T06:49:52.190768Z","level":"info","event":"Filling up the DagBag from /opt/airflow/dags/stocks_etl_dag.py","logger":"airflow.dag_processing.dagbag.BundleDagBag","filename":"dagbag.py","lineno":460}
{"timestamp":"2026-08-19T06:49:52.497089Z","level":"info","event":"Pyspark imported, version: 3.5.2","logger":"unusual_prefix_377e48747e3957bb035dd88b74b86ec1d0ec8c25_stocks_etl_dag","filename":"stocks_etl_dag.py","lineno":24}
{"timestamp":"2026-08-19T06:49:53.990207Z","level":"info","event":"ETL function imported succesfully!","logger":"unusual_prefix_377e48747e3957bb035dd88b74b86ec1d0ec8c25_stocks_etl_dag","filename":"stocks_etl_dag.py","lineno":32}
{"timestamp":"2026-08-19T06:49:53.997733Z","level":"info","event":"DAG loaded sucessfully!","logger":"unusual_prefix_377e48747e3957bb035dd88b74b86ec1d0ec8c25_stocks_etl_dag","filename":"stocks_etl_dag.py","lineno":103}
{"timestamp":"2026-08-19T06:50:24.584248Z","level":"info","event":"Filling up the DagBag from /opt/airflow/dags/stocks_etl_dag.py","logger":"airflow.dag_processing.dagbag.BundleDagBag","filename":"dagbag.py","lineno":460}
{"timestamp":"2026-08-19T06:50:24.833429Z","level":"info","event":"Pyspark imported, version: 3.5.2","logger":"unusual_prefix_377e48747e3957bb035dd88b74b86ec1d0ec8c25_stocks_etl_dag","filename":"stocks_etl_dag.py","lineno":24}
{"timestamp":"2026-08-19T06:50:26.124843Z","level":"info","event":"ETL function imported succesfully!","logger":"unusual_prefix_377e48747e3957bb035dd88b74b86ec1d0ec8c25_stocks_etl_dag","filename":"stocks_etl_dag.py","lineno":32}
{"timestamp":"2026-08-19T06:50:26.133010Z","level":"info","event":"DAG loaded sucessfully!","logger":"unusual_prefix_377e48747e3957bb035dd88b74b86ec1d0ec8c25_stocks_etl_dag","filename":"stocks_etl_dag.py","lineno":103}
{"timestamp":"2026-08-19T06:50:56.723116Z","level":"info","event":"Filling up the DagBag from /opt/airflow/dags/stocks_etl_dag.py","logger":"airflow.dag_processing.dagbag.BundleDagBag","filename":"dagbag.py","lineno":460}
{"timestamp":"2026-08-19T06:50:57.021435Z","level":"info","event":"Pyspark imported, version: 3.5.2","logger":"unusual_prefix_377e48747e3957bb035dd88b74b86ec1d0ec8c25_stocks_etl_dag","filename":"stocks_etl_dag.py","lineno":24}
{"timestamp":"2026-08-19T06:50:58.305947Z","level":"info","event":"ETL function imported succesfully!","logger":"unusual_prefix_377e48747e3957bb035dd88b74b86ec1d0ec8c25_stocks_etl_dag","filename":"stocks_etl_dag.py","lineno":32}
{"timestamp":"2026-08-19T06:50:58.315010Z","level":"info","event":"DAG loaded sucessfully!","logger":"unusual_prefix_377e48747e3957bb035dd88b74b86ec1d0ec8c25_stocks_etl_dag","filename":"stocks_etl_dag.py","lineno":103}
{"timestamp":"2026-08-19T06:51:28.756885Z","level":"info","event":"Filling up the DagBag from /opt/airflow/dags/stocks_etl_dag.py","logger":"airflow.dag_processing.dagbag.BundleDagBag","filename":"dagbag.py","lineno":460}
{"timestamp":"2026-08-19T06:51:28.999047Z","level":"info","event":"Pyspark imported, version: 3.5.2","logger":"unusual_prefix_377e48747e3957bb035dd88b74b86ec1d0ec8c25_stocks_etl_dag","filename":"stocks_etl_dag.py","lineno":24}
{"timestamp":"2026-08-19T06:51:30.408828Z","level":"info","event":"ETL function imported succesfully!","logger":"unusual_prefix_377e48747e3957bb035dd88b74b86ec1d0ec8c25_stocks_etl_dag","filename":"stocks_etl_dag.py","lineno":32}
{"timestamp":"2026-08-19T06:51:30.423230Z","level":"info","event":"DAG loaded sucessfully!","logger":"unusual_prefix_377e48747e3957bb035dd88b74b86ec1d0ec8c25_stocks_etl_dag","filename":"stocks_etl_dag.py","lineno":103}
{"timestamp":"2026-08-19T06:52:01.102031Z","level":"info","event":"Filling up the DagBag from /opt/airflow/dags/stocks_etl_dag.py","logger":"airflow.dag_processing.dagbag.BundleDagBag","filename":"dagbag.py","lineno":460}
{"timestamp":"2026-08-19T06:52:01.291389Z","level":"info","event":"Pyspark imported, version: 3.5.2","logger":"unusual_prefix_377e48747e3957bb035dd88b74b86ec1d0ec8c25_stocks_etl_dag","filename":"stocks_etl_dag.py","lineno":24}
{"timestamp":"2026-08-19T06:52:02.173476Z","level":"info","event":"ETL function imported succesfully!","logger":"unusual_prefix_377e48747e3957bb035dd88b74b86ec1d0ec8c25_stocks_etl_dag","filename":"stocks_etl_dag.py","lineno":32}
{"timestamp":"2026-08-19T06:52:02.178456Z","level":"info","event":"DAG loaded sucessfully!","logger":"unusual_prefix_377e48747e3957bb035dd88b74b86ec1d0ec8c25_stocks_etl_dag","filename":"stocks_etl_dag.py","lineno":103}
{"timestamp":"2026-08-19T06:52:32.755289Z","level":"info","event":"Filling up the DagBag from /opt/airflow/dags/stocks_etl_dag.py","logger":"airflow.dag_processing.dagbag.BundleDagBag","filename":"dagbag.py","lineno":460}
{"timestamp":"2026-08-19T06:52:33.148480Z","level":"info","event":"Pyspark imported, version: 3.5.2","logger":"unusual_prefix_377e48747e3957bb035dd88b74b86ec1d0ec8c25_stocks_etl_dag","filename":"stocks_etl_dag.py","lineno":24}
{"timestamp":"2026-08-19T06:52:34.419915Z","level":"info","event":"ETL function imported succesfully!","logger":"unusual_prefix_377e48747e3957bb035dd88b74b86ec1d0ec8c25_stocks_etl_dag","filename":"stocks_etl_dag.py","lineno":32}
{"timestamp":"2026-08-19T06:52:34.428735Z","level":"info","event":"DAG loaded sucessfully!","logger":"unusual_prefix_377e48747e3957bb035dd88b74b86ec1d0ec8c25_stocks_etl_dag","filename":"stocks_etl_dag.py","lineno":103}
{"timestamp":"2026-08-19T06:53:05.044383Z","level":"info","event":"Filling up the DagBag from /opt/airflow/dags/stocks_etl_dag.py","logger":"airflow.dag_processing.dagbag.BundleDagBag","filename":"dagbag.py","lineno":460}
{"timestamp":"2026-08-19T06:53:05.207321Z","level":"info","event":"Pyspark imported, version: 3.5.2","logger":"unusual_prefix_377e48747e3957bb035dd88b74b86ec1d0ec8c25_stocks_etl_dag","filename":"stocks_etl_dag.py","lineno":24}
{"timestamp":"2026-08-19T06:53:05.922588Z","level":"info","event":"ETL function imported succesfully!","logger":"unusual_prefix_377e48747e3957bb035dd88b74b86ec1d0ec8c25_stocks_etl_dag","filename":"stocks_etl_dag.py","lineno":32}
{"timestamp":"2026-08-19T06:53:05.926473Z","level":"info","event":"DAG loaded sucessfully!","logger":"unusual_prefix_377e48747e3957bb035dd88b74b86ec1d0ec8c25_stocks_etl_dag","filename":"stocks_etl_dag.py","lineno":103}
{"timestamp":"2026-08-19T06:53:36.532758Z","level":"info","event":"Filling up the DagBag from /opt/airflow/dags/stocks_etl_dag.py","logger":"airflow.dag_processing.dagbag.BundleDagBag","filename":"dagbag.py","lineno":460}
{"timestamp":"2026-08-19T06:53:36.861548Z","level":"info","event":"Pyspark imported, version: 3.5.2","logger":"unusual_prefix_377e48747e3957bb035dd88b74b86ec1d0ec8c25_stocks_etl_dag","filename":"stocks_etl_dag.py","lineno":24}
{"timestamp":"2026-08-19T06:53:38.421064Z","level":"info","event":"ETL function imported succesfully!","logger":"unusual_prefix_377e48747e3957bb035dd88b74b86ec1d0ec8c25_stocks_etl_dag","filename":"stocks_etl_dag.py","lineno":32}
{"timestamp":"2026-08-19T06:53:38.429085Z","level":"info","event":"DAG loaded sucessfully!","logger":"unusual_prefix_377e48747e3957bb035dd88b74b86ec1d0ec8c25_stocks_etl_dag","filename":"stocks_etl_dag.py","lineno":103}
{"timestamp":"2026-08-19T06:54:08.923719Z","level":"info","event":"Filling up the DagBag from /opt/airflow/dags/stocks_etl_dag.py","logger":"airflow.dag_processing.dagbag.BundleDagBag","filename":"dagbag.py","lineno":460}
{"timestamp":"2026-08-19T06:54:09.176114Z","level":"info","event":"Pyspark imported, version: 3.5.2","logger":"unusual_prefix_377e48747e3957bb035dd88b74b86ec1d0ec8c25_stocks_etl_dag","filename":"stocks_etl_dag.py","lineno":24}
{"timestamp":"2026-08-19T06:54:10.227512Z","level":"info","event":"ETL function imported succesfully!","logger":"unusual_prefix_377e48747e3957bb035dd88b74b86ec1d0ec8c25_stocks_etl_dag","filename":"stocks_etl_dag.py","lineno":32}
{"timestamp":"2026-08-19T06:54:10.234101Z","level":"info","event":"DAG loaded sucessfully!","logger":"unusual_prefix_377e48747e3957bb035dd88b74b86ec1d0ec8c25_stocks_etl_dag","filename":"stocks_etl_dag.py","lineno":103}
{"timestamp":"2026-08-19T06:54:40.799612Z","level":"info","event":"Filling up the DagBag from /opt/airflow/dags/stocks_etl_dag.py","logger":"airflow.dag_processing.dagbag.BundleDagBag","filename":"dagbag.py","lineno":460}
{"timestamp":"2026-08-19T06:54:41.171050Z","level":"info","event":"Pyspark imported, version: 3.5.2","logger":"unusual_prefix_377e48747e3957bb035dd88b74b86ec1d0ec8c25_stocks_etl_dag","filename":"stocks_etl_dag.py","lineno":24}
{"timestamp":"2026-08-19T06:54:42.639365Z","level":"info","event":"ETL function imported succesfully!","logger":"unusual_prefix_377e48747e3957bb035dd88b74b86ec1d0ec8c25_stocks_etl_dag","filename":"stocks_etl_dag.py","lineno":32}
{"timestamp":"2026-08-19T06:54:42.646684Z","level":"info","event":"DAG loaded sucessfully!","logger":"unusual_prefix_377e48747e3957bb035dd88b74b86ec1d0ec8c25_stocks_etl_dag","filename":"stocks_etl_dag.py","lineno":103}
{"timestamp":"2026-08-19T06:55:13.270759Z","level":"info","event":"Filling up the DagBag from /opt/airflow/dags/stocks_etl_dag.py","logger":"airflow.dag_processing.dagbag.BundleDagBag","filename":"dagbag.py","lineno":460}
{"timestamp":"2026-08-19T06:55:13.504813Z","level":"info","event":"Pyspark imported, version: 3.5.2","logger":"unusual_prefix_377e48747e3957bb035dd88b74b86ec1d0ec8c25_stocks_etl_dag","filename":"stocks_etl_dag.py","lineno":24}
{"timestamp":"2026-08-19T06:55:14.819500Z","level":"info","event":"ETL function imported succesfully!","logger":"unusual_prefix_377e48747e3957bb035dd88b74b86ec1d0ec8c25_stocks_etl_dag","filename":"stocks_etl_dag.py","lineno":32}
{"timestamp":"2026-08-19T06:55:14.826059Z","level":"info","event":"DAG loaded sucessfully!","logger":"unusual_prefix_377e48747e3957bb035dd88b74b86ec1d0ec8c25_stocks_etl_dag","filename":"stocks_etl_dag.py","lineno":103}
{"timestamp":"2026-08-19T06:55:45.331413Z","level":"info","event":"Filling up the DagBag from /opt/airflow/dags/stocks_etl_dag.py","logger":"airflow.dag_processing.dagbag.BundleDagBag","filename":"dagbag.py","lineno":460}
{"timestamp":"2026-08-19T06:55:45.625489Z","level":"info","event":"Pyspark imported, version: 3.5.2","logger":"unusual_prefix_377e48747e3957bb035dd88b74b86ec1d0ec8c25_stocks_etl_dag","filename":"stocks_etl_dag.py","lineno":24}
{"timestamp":"2026-08-19T06:55:46.722738Z","level":"info","event":"ETL function imported succesfully!","logger":"unusual_prefix_377e48747e3957bb035dd88b74b86ec1d0ec8c25_stocks_etl_dag","filename":"stocks_etl_dag.py","lineno":32}
{"timestamp":"2026-08-19T06:55:46.729649Z","level":"info","event":"DAG loaded sucessfully!","logger":"unusual_prefix_377e48747e3957bb035dd88b74b86ec1d0ec8c25_stocks_etl_dag","filename":"stocks_etl_dag.py","lineno":103}
{"timestamp":"2026-08-19T06:56:17.288727Z","level":"info","event":"Filling up the DagBag from /opt/airflow/dags/stocks_etl_dag.py","logger":"airflow.dag_processing.dagbag.BundleDagBag","filename":"dagbag.py","lineno":460}
{"timestamp":"2026-08-19T06:56:17.640949Z","level":"info","event":"Pyspark imported, version: 3.5.2","logger":"unusual_prefix_377e48747e3957bb035dd88b74b86ec1d0ec8c25_stocks_etl_dag","filename":"stocks_etl_dag.py","lineno":24}
{"timestamp":"2026-08-19T06:56:19.340689Z","level":"info","event":"ETL function imported succesfully!","logger":"unusual_prefix_377e48747e3957bb035dd88b74b86ec1d0ec8c25_stocks_etl_dag","filename":"stocks_etl_dag.py","lineno":32}
{"timestamp":"2026-08-19T06:56:19.352204Z","level":"info","event":"DAG loaded sucessfully!","logger":"unusual_prefix_377e48747e3957bb035dd88b74b86ec1d0ec8c25_stocks_etl_dag","filename":"stocks_etl_dag.py","lineno":103}
{"timestamp":"2026-08-19T06:56:49.969241Z","level":"info","event":"Filling up the DagBag from /opt/airflow/dags/stocks_etl_dag.py","logger":"airflow.dag_processing.dagbag.BundleDagBag","filename":"dagbag.py","lineno":460}
{"timestamp":"2026-08-19T06:56:50.315969Z","level":"info","event":"Pyspark imported, version: 3.5.2","logger":"unusual_prefix_377e48747e3957bb035dd88b74b86ec1d0ec8c25_stocks_etl_dag","filename":"stocks_etl_dag.py","lineno":24}
{"timestamp":"2026-08-19T06:56:52.073641Z","level":"info","event":"ETL function imported succesfully!","logger":"unusual_prefix_377e48747e3957bb035dd88b74b86ec1d0ec8c25_stocks_etl_dag","filename":"stocks_etl_dag.py","lineno":32}
{"timestamp":"2026-08-19T06:56:52.082015Z","level":"info","event":"DAG loaded sucessfully!","logger":"unusual_prefix_377e48747e3957bb035dd88b74b86ec1d0ec8c25_stocks_etl_dag","filename":"stocks_etl_dag.py","lineno":103}
{"timestamp":"2026-08-19T06:57:22.564877Z","level":"info","event":"Filling up the DagBag from /opt/airflow/dags/stocks_etl_dag.py","logger":"airflow.dag_processing.dagbag.BundleDagBag","filename":"dagbag.py","lineno":460}
{"timestamp":"2026-08-19T06:57:22.866348Z","level":"info","event":"Pyspark imported, version: 3.5.2","logger":"unusual_prefix_377e48747e3957bb035dd88b74b86ec1d0ec8c25_stocks_etl_dag","filename":"stocks_etl_dag.py","lineno":24}
{"timestamp":"2026-08-19T06:57:24.893227Z","level":"info","event":"ETL function imported succesfully!","logger":"unusual_prefix_377e48747e3957bb035dd88b74b86ec1d0ec8c25_stocks_etl_dag","filename":"stocks_etl_dag.py","lineno":32}
{"timestamp":"2026-08-19T06:57:24.904918Z","level":"info","event":"DAG loaded sucessfully!","logger":"unusual_prefix_377e48747e3957bb035dd88b74b86ec1d0ec8c25_stocks_etl_dag","filename":"stocks_etl_dag.py","lineno":103}
{"timestamp":"2026-08-19T06:57:55.047203Z","level":"info","event":"Filling up the DagBag from /opt/airflow/dags/stocks_etl_dag.py","logger":"airflow.dag_processing.dagbag.BundleDagBag","filename":"dagbag.py","lineno":460}
{"timestamp":"2026-08-19T06:57:55.235954Z","level":"info","event":"Pyspark imported, version: 3.5.2","logger":"unusual_prefix_377e48747e3957bb035dd88b74b86ec1d0ec8c25_stocks_etl_dag","filename":"stocks_etl_dag.py","lineno":24}
{"timestamp":"2026-08-19T06:57:55.979365Z","level":"info","event":"ETL function imported succesfully!","logger":"unusual_prefix_377e48747e3957bb035dd88b74b86ec1d0ec8c25_stocks_etl_dag","filename":"stocks_etl_dag.py","lineno":32}
{"timestamp":"2026-08-19T06:57:55.984251Z","level":"info","event":"DAG loaded sucessfully!","logger":"unusual_prefix_377e48747e3957bb035dd88b74b86ec1d0ec8c25_stocks_etl_dag","filename":"stocks_etl_dag.py","lineno":103}
{"timestamp":"2026-08-19T06:58:26.409773Z","level":"info","event":"Filling up the DagBag from /opt/airflow/dags/stocks_etl_dag.py","logger":"airflow.dag_processing.dagbag.BundleDagBag","filename":"dagbag.py","lineno":460}
{"timestamp":"2026-08-19T06:58:26.647048Z","level":"info","event":"Pyspark imported, version: 3.5.2","logger":"unusual_prefix_377e48747e3957bb035dd88b74b86ec1d0ec8c25_stocks_etl_dag","filename":"stocks_etl_dag.py","lineno":24}
{"timestamp":"2026-08-19T06:58:27.678319Z","level":"info","event":"ETL function imported succesfully!","logger":"unusual_prefix_377e48747e3957bb035dd88b74b86ec1d0ec8c25_stocks_etl_dag","filename":"stocks_etl_dag.py","lineno":32}
{"timestamp":"2026-08-19T06:58:27.683561Z","level":"info","event":"DAG loaded sucessfully!","logger":"unusual_prefix_377e48747e3957bb035dd88b74b86ec1d0ec8c25_stocks_etl_dag","filename":"stocks_etl_dag.py","lineno":103}
{"timestamp":"2026-08-19T06:58:58.358868Z","level":"info","event":"Filling up the DagBag from /opt/airflow/dags/stocks_etl_dag.py","logger":"airflow.dag_processing.dagbag.BundleDagBag","filename":"dagbag.py","lineno":460}
{"timestamp":"2026-08-19T06:58:58.657966Z","level":"info","event":"Pyspark imported, version: 3.5.2","logger":"unusual_prefix_377e48747e3957bb035dd88b74b86ec1d0ec8c25_stocks_etl_dag","filename":"stocks_etl_dag.py","lineno":24}
{"timestamp":"2026-08-19T06:58:59.879674Z","level":"info","event":"ETL function imported succesfully!","logger":"unusual_prefix_377e48747e3957bb035dd88b74b86ec1d0ec8c25_stocks_etl_dag","filename":"stocks_etl_dag.py","lineno":32}
{"timestamp":"2026-08-19T06:58:59.888005Z","level":"info","event":"DAG loaded sucessfully!","logger":"unusual_prefix_377e48747e3957bb035dd88b74b86ec1d0ec8c25_stocks_etl_dag","filename":"stocks_etl_dag.py","lineno":103}
{"timestamp":"2026-08-19T06:59:30.337017Z","level":"info","event":"Filling up the DagBag from /opt/airflow/dags/stocks_etl_dag.py","logger":"airflow.dag_processing.dagbag.BundleDagBag","filename":"dagbag.py","lineno":460}
{"timestamp":"2026-08-19T06:59:30.577651Z","level":"info","event":"Pyspark imported, version: 3.5.2","logger":"unusual_prefix_377e48747e3957bb035dd88b74b86ec1d0ec8c25_stocks_etl_dag","filename":"stocks_etl_dag.py","lineno":24}
{"timestamp":"2026-08-19T06:59:32.056028Z","level":"info","event":"ETL function imported succesfully!","logger":"unusual_prefix_377e48747e3957bb035dd88b74b86ec1d0ec8c25_stocks_etl_dag","filename":"stocks_etl_dag.py","lineno":32}
{"timestamp":"2026-08-19T06:59:32.065064Z","level":"info","event":"DAG loaded sucessfully!","logger":"unusual_prefix_377e48747e3957bb035dd88b74b86ec1d0ec8c25_stocks_etl_dag","filename":"stocks_etl_dag.py","lineno":103}
{"timestamp":"2026-08-19T07:00:02.759965Z","level":"info","event":"Filling up the DagBag from /opt/airflow/dags/stocks_etl_dag.py","logger":"airflow.dag_processing.dagbag.BundleDagBag","filename":"dagbag.py","lineno":460}
{"timestamp":"2026-08-19T07:00:03.035863Z","level":"info","event":"Pyspark imported, version: 3.5.2","logger":"unusual_prefix_377e48747e3957bb035dd88b74b86ec1d0ec8c25_stocks_etl_dag","filename":"stocks_etl_dag.py","lineno":24}
{"timestamp":"2026-08-19T07:00:04.667651Z","level":"info","event":"ETL function imported succesfully!","logger":"unusual_prefix_377e48747e3957bb035dd88b74b86ec1d0ec8c25_stocks_etl_dag","filename":"stocks_etl_dag.py","lineno":32}
{"timestamp":"2026-08-19T07:00:04.676377Z","level":"info","event":"DAG loaded sucessfully!","logger":"unusual_prefix_377e48747e3957bb035dd88b74b86ec1d0ec8c25_stocks_etl_dag","filename":"stocks_etl_dag.py","lineno":103}
{"timestamp":"2026-08-19T07:00:35.226086Z","level":"info","event":"Filling up the DagBag from /opt/airflow/dags/stocks_etl_dag.py","logger":"airflow.dag_processing.dagbag.BundleDagBag","filename":"dagbag.py","lineno":460}
{"timestamp":"2026-08-19T07:00:35.829489Z","level":"info","event":"Pyspark imported, version: 3.5.2","logger":"unusual_prefix_377e48747e3957bb035dd88b74b86ec1d0ec8c25_stocks_etl_dag","filename":"stocks_etl_dag.py","lineno":24}
{"timestamp":"2026-08-19T07:00:37.649636Z","level":"info","event":"ETL function imported succesfully!","logger":"unusual_prefix_377e48747e3957bb035dd88b74b86ec1d0ec8c25_stocks_etl_dag","filename":"stocks_etl_dag.py","lineno":32}
{"timestamp":"2026-08-19T07:00:37.660096Z","level":"info","event":"DAG loaded sucessfully!","logger":"unusual_prefix_377e48747e3957bb035dd88b74b86ec1d0ec8c25_stocks_etl_dag","filename":"stocks_etl_dag.py","lineno":103}
{"timestamp":"2026-08-19T07:01:08.168185Z","level":"info","event":"Filling up the DagBag from /opt/airflow/dags/stocks_etl_dag.py","logger":"airflow.dag_processing.dagbag.BundleDagBag","filename":"dagbag.py","lineno":460}
{"timestamp":"2026-08-19T07:01:08.389366Z","level":"info","event":"Pyspark imported, version: 3.5.2","logger":"unusual_prefix_377e48747e3957bb035dd88b74b86ec1d0ec8c25_stocks_etl_dag","filename":"stocks_etl_dag.py","lineno":24}
{"timestamp":"2026-08-19T07:01:09.337259Z","level":"info","event":"ETL function imported succesfully!","logger":"unusual_prefix_377e48747e3957bb035dd88b74b86ec1d0ec8c25_stocks_etl_dag","filename":"stocks_etl_dag.py","lineno":32}
{"timestamp":"2026-08-19T07:01:09.342212Z","level":"info","event":"DAG loaded sucessfully!","logger":"unusual_prefix_377e48747e3957bb035dd88b74b86ec1d0ec8c25_stocks_etl_dag","filename":"stocks_etl_dag.py","lineno":103}
{"timestamp":"2026-08-19T07:01:39.880063Z","level":"info","event":"Filling up the DagBag from /opt/airflow/dags/stocks_etl_dag.py","logger":"airflow.dag_processing.dagbag.BundleDagBag","filename":"dagbag.py","lineno":460}
{"timestamp":"2026-08-19T07:01:40.284536Z","level":"info","event":"Pyspark imported, version: 3.5.2","logger":"unusual_prefix_377e48747e3957bb035dd88b74b86ec1d0ec8c25_stocks_etl_dag","filename":"stocks_etl_dag.py","lineno":24}
{"timestamp":"2026-08-19T07:01:42.770966Z","level":"info","event":"ETL function imported succesfully!","logger":"unusual_prefix_377e48747e3957bb035dd88b74b86ec1d0ec8c25_stocks_etl_dag","filename":"stocks_etl_dag.py","lineno":32}
{"timestamp":"2026-08-19T07:01:42.782648Z","level":"info","event":"DAG loaded sucessfully!","logger":"unusual_prefix_377e48747e3957bb035dd88b74b86ec1d0ec8c25_stocks_etl_dag","filename":"stocks_etl_dag.py","lineno":103}
{"timestamp":"2026-08-19T07:02:13.621993Z","level":"info","event":"Filling up the DagBag from /opt/airflow/dags/stocks_etl_dag.py","logger":"airflow.dag_processing.dagbag.BundleDagBag","filename":"dagbag.py","lineno":460}
{"timestamp":"2026-08-19T07:02:14.034865Z","level":"info","event":"Pyspark imported, version: 3.5.2","logger":"unusual_prefix_377e48747e3957bb035dd88b74b86ec1d0ec8c25_stocks_etl_dag","filename":"stocks_etl_dag.py","lineno":24}
{"timestamp":"2026-08-19T07:02:15.337281Z","level":"info","event":"ETL function imported succesfully!","logger":"unusual_prefix_377e48747e3957bb035dd88b74b86ec1d0ec8c25_stocks_etl_dag","filename":"stocks_etl_dag.py","lineno":32}
{"timestamp":"2026-08-19T07:02:15.344537Z","level":"info","event":"DAG loaded sucessfully!","logger":"unusual_prefix_377e48747e3957bb035dd88b74b86ec1d0ec8c25_stocks_etl_dag","filename":"stocks_etl_dag.py","lineno":103}
{"timestamp":"2026-08-19T07:02:45.899857Z","level":"info","event":"Filling up the DagBag from /opt/airflow/dags/stocks_etl_dag.py","logger":"airflow.dag_processing.dagbag.BundleDagBag","filename":"dagbag.py","lineno":460}
{"timestamp":"2026-08-19T07:02:46.080531Z","level":"info","event":"Pyspark imported, version: 3.5.2","logger":"unusual_prefix_377e48747e3957bb035dd88b74b86ec1d0ec8c25_stocks_etl_dag","filename":"stocks_etl_dag.py","lineno":24}
{"timestamp":"2026-08-19T07:02:47.147758Z","level":"info","event":"ETL function imported succesfully!","logger":"unusual_prefix_377e48747e3957bb035dd88b74b86ec1d0ec8c25_stocks_etl_dag","filename":"stocks_etl_dag.py","lineno":32}
{"timestamp":"2026-08-19T07:02:47.155721Z","level":"info","event":"DAG loaded sucessfully!","logger":"unusual_prefix_377e48747e3957bb035dd88b74b86ec1d0ec8c25_stocks_etl_dag","filename":"stocks_etl_dag.py","lineno":103}
{"timestamp":"2026-08-19T07:03:17.596784Z","level":"info","event":"Filling up the DagBag from /opt/airflow/dags/stocks_etl_dag.py","logger":"airflow.dag_processing.dagbag.BundleDagBag","filename":"dagbag.py","lineno":460}
{"timestamp":"2026-08-19T07:03:17.780641Z","level":"info","event":"Pyspark imported, version: 3.5.2","logger":"unusual_prefix_377e48747e3957bb035dd88b74b86ec1d0ec8c25_stocks_etl_dag","filename":"stocks_etl_dag.py","lineno":24}
{"timestamp":"2026-08-19T07:03:18.634589Z","level":"info","event":"ETL function imported succesfully!","logger":"unusual_prefix_377e48747e3957bb035dd88b74b86ec1d0ec8c25_stocks_etl_dag","filename":"stocks_etl_dag.py","lineno":32}
{"timestamp":"2026-08-19T07:03:18.639403Z","level":"info","event":"DAG loaded sucessfully!","logger":"unusual_prefix_377e48747e3957bb035dd88b74b86ec1d0ec8c25_stocks_etl_dag","filename":"stocks_etl_dag.py","lineno":103}
{"timestamp":"2026-08-19T07:03:49.193528Z","level":"info","event":"Filling up the DagBag from /opt/airflow/dags/stocks_etl_dag.py","logger":"airflow.dag_processing.dagbag.BundleDagBag","filename":"dagbag.py","lineno":460}
{"timestamp":"2026-08-19T07:03:49.364240Z","level":"info","event":"Pyspark imported, version: 3.5.2","logger":"unusual_prefix_377e48747e3957bb035dd88b74b86ec1d0ec8c25_stocks_etl_dag","filename":"stocks_etl_dag.py","lineno":24}
{"timestamp":"2026-08-19T07:03:50.144328Z","level":"info","event":"ETL function imported succesfully!","logger":"unusual_prefix_377e48747e3957bb035dd88b74b86ec1d0ec8c25_stocks_etl_dag","filename":"stocks_etl_dag.py","lineno":32}
{"timestamp":"2026-08-19T07:03:50.148534Z","level":"info","event":"DAG loaded sucessfully!","logger":"unusual_prefix_377e48747e3957bb035dd88b74b86ec1d0ec8c25_stocks_etl_dag","filename":"stocks_etl_dag.py","lineno":103}
{"timestamp":"2026-08-19T07:04:20.579884Z","level":"info","event":"Filling up the DagBag from /opt/airflow/dags/stocks_etl_dag.py","logger":"airflow.dag_processing.dagbag.BundleDagBag","filename":"dagbag.py","lineno":460}
{"timestamp":"2026-08-19T07:04:20.752572Z","level":"info","event":"Pyspark imported, version: 3.5.2","logger":"unusual_prefix_377e48747e3957bb035dd88b74b86ec1d0ec8c25_stocks_etl_dag","filename":"stocks_etl_dag.py","lineno":24}
{"timestamp":"2026-08-19T07:04:22.067857Z","level":"info","event":"ETL function imported succesfully!","logger":"unusual_prefix_377e48747e3957bb035dd88b74b86ec1d0ec8c25_stocks_etl_dag","filename":"stocks_etl_dag.py","lineno":32}
{"timestamp":"2026-08-19T07:04:22.074864Z","level":"info","event":"DAG loaded sucessfully!","logger":"unusual_prefix_377e48747e3957bb035dd88b74b86ec1d0ec8c25_stocks_etl_dag","filename":"stocks_etl_dag.py","lineno":103}
{"timestamp":"2026-08-19T07:04:52.670482Z","level":"info","event":"Filling up the DagBag from /opt/airflow/dags/stocks_etl_dag.py","logger":"airflow.dag_processing.dagbag.BundleDagBag","filename":"dagbag.py","lineno":460}
{"timestamp":"2026-08-19T07:04:52.914337Z","level":"info","event":"Pyspark imported, version: 3.5.2","logger":"unusual_prefix_377e48747e3957bb035dd88b74b86ec1d0ec8c25_stocks_etl_dag","filename":"stocks_etl_dag.py","lineno":24}
{"timestamp":"2026-08-19T07:04:54.476211Z","level":"info","event":"ETL function imported succesfully!","logger":"unusual_prefix_377e48747e3957bb035dd88b74b86ec1d0ec8c25_stocks_etl_dag","filename":"stocks_etl_dag.py","lineno":32}
{"timestamp":"2026-08-19T07:04:54.483305Z","level":"info","event":"DAG loaded sucessfully!","logger":"unusual_prefix_377e48747e3957bb035dd88b74b86ec1d0ec8c25_stocks_etl_dag","filename":"stocks_etl_dag.py","lineno":103}
{"timestamp":"2026-08-19T07:05:25.081978Z","level":"info","event":"Filling up the DagBag from /opt/airflow/dags/stocks_etl_dag.py","logger":"airflow.dag_processing.dagbag.BundleDagBag","filename":"dagbag.py","lineno":460}
{"timestamp":"2026-08-19T07:05:25.348896Z","level":"info","event":"Pyspark imported, version: 3.5.2","logger":"unusual_prefix_377e48747e3957bb035dd88b74b86ec1d0ec8c25_stocks_etl_dag","filename":"stocks_etl_dag.py","lineno":24}
{"timestamp":"2026-08-19T07:05:26.786808Z","level":"info","event":"ETL function imported succesfully!","logger":"unusual_prefix_377e48747e3957bb035dd88b74b86ec1d0ec8c25_stocks_etl_dag","filename":"stocks_etl_dag.py","lineno":32}
{"timestamp":"2026-08-19T07:05:26.793137Z","level":"info","event":"DAG loaded sucessfully!","logger":"unusual_prefix_377e48747e3957bb035dd88b74b86ec1d0ec8c25_stocks_etl_dag","filename":"stocks_etl_dag.py","lineno":103}
{"timestamp":"2026-08-19T07:05:57.365876Z","level":"info","event":"Filling up the DagBag from /opt/airflow/dags/stocks_etl_dag.py","logger":"airflow.dag_processing.dagbag.BundleDagBag","filename":"dagbag.py","lineno":460}
{"timestamp":"2026-08-19T07:05:58.034586Z","level":"info","event":"Pyspark imported, version: 3.5.2","logger":"unusual_prefix_377e48747e3957bb035dd88b74b86ec1d0ec8c25_stocks_etl_dag","filename":"stocks_etl_dag.py","lineno":24}
{"timestamp":"2026-08-19T07:05:59.542601Z","level":"info","event":"ETL function imported succesfully!","logger":"unusual_prefix_377e48747e3957bb035dd88b74b86ec1d0ec8c25_stocks_etl_dag","filename":"stocks_etl_dag.py","lineno":32}
{"timestamp":"2026-08-19T07:05:59.550496Z","level":"info","event":"DAG loaded sucessfully!","logger":"unusual_prefix_377e48747e3957bb035dd88b74b86ec1d0ec8c25_stocks_etl_dag","filename":"stocks_etl_dag.py","lineno":103}
{"timestamp":"2026-08-19T07:06:29.996423Z","level":"info","event":"Filling up the DagBag from /opt/airflow/dags/stocks_etl_dag.py","logger":"airflow.dag_processing.dagbag.BundleDagBag","filename":"dagbag.py","lineno":460}
{"timestamp":"2026-08-19T07:06:30.229499Z","level":"info","event":"Pyspark imported, version: 3.5.2","logger":"unusual_prefix_377e48747e3957bb035dd88b74b86ec1d0ec8c25_stocks_etl_dag","filename":"stocks_etl_dag.py","lineno":24}
{"timestamp":"2026-08-19T07:06:31.785104Z","level":"info","event":"ETL function imported succesfully!","logger":"unusual_prefix_377e48747e3957bb035dd88b74b86ec1d0ec8c25_stocks_etl_dag","filename":"stocks_etl_dag.py","lineno":32}
{"timestamp":"2026-08-19T07:06:31.798794Z","level":"info","event":"DAG loaded sucessfully!","logger":"unusual_prefix_377e48747e3957bb035dd88b74b86ec1d0ec8c25_stocks_etl_dag","filename":"stocks_etl_dag.py","lineno":103}
{"timestamp":"2026-08-19T07:07:02.636287Z","level":"info","event":"Filling up the DagBag from /opt/airflow/dags/stocks_etl_dag.py","logger":"airflow.dag_processing.dagbag.BundleDagBag","filename":"dagbag.py","lineno":460}
{"timestamp":"2026-08-19T07:07:02.876799Z","level":"info","event":"Pyspark imported, version: 3.5.2","logger":"unusual_prefix_377e48747e3957bb035dd88b74b86ec1d0ec8c25_stocks_etl_dag","filename":"stocks_etl_dag.py","lineno":24}
{"timestamp":"2026-08-19T07:07:04.118192Z","level":"info","event":"ETL function imported succesfully!","logger":"unusual_prefix_377e48747e3957bb035dd88b74b86ec1d0ec8c25_stocks_etl_dag","filename":"stocks_etl_dag.py","lineno":32}
{"timestamp":"2026-08-19T07:07:04.126106Z","level":"info","event":"DAG loaded sucessfully!","logger":"unusual_prefix_377e48747e3957bb035dd88b74b86ec1d0ec8c25_stocks_etl_dag","filename":"stocks_etl_dag.py","lineno":103}
{"timestamp":"2026-08-19T07:07:35.000404Z","level":"info","event":"Filling up the DagBag from /opt/airflow/dags/stocks_etl_dag.py","logger":"airflow.dag_processing.dagbag.BundleDagBag","filename":"dagbag.py","lineno":460}
{"timestamp":"2026-08-19T07:07:35.362913Z","level":"info","event":"Pyspark imported, version: 3.5.2","logger":"unusual_prefix_377e48747e3957bb035dd88b74b86ec1d0ec8c25_stocks_etl_dag","filename":"stocks_etl_dag.py","lineno":24}
{"timestamp":"2026-08-19T07:07:36.984382Z","level":"info","event":"ETL function imported succesfully!","logger":"unusual_prefix_377e48747e3957bb035dd88b74b86ec1d0ec8c25_stocks_etl_dag","filename":"stocks_etl_dag.py","lineno":32}
{"timestamp":"2026-08-19T07:07:36.996860Z","level":"info","event":"DAG loaded sucessfully!","logger":"unusual_prefix_377e48747e3957bb035dd88b74b86ec1d0ec8c25_stocks_etl_dag","filename":"stocks_etl_dag.py","lineno":103}
{"timestamp":"2026-08-19T07:08:07.251860Z","level":"info","event":"Filling up the DagBag from /opt/airflow/dags/stocks_etl_dag.py","logger":"airflow.dag_processing.dagbag.BundleDagBag","filename":"dagbag.py","lineno":460}
{"timestamp":"2026-08-19T07:08:07.581346Z","level":"info","event":"Pyspark imported, version: 3.5.2","logger":"unusual_prefix_377e48747e3957bb035dd88b74b86ec1d0ec8c25_stocks_etl_dag","filename":"stocks_etl_dag.py","lineno":24}
{"timestamp":"2026-08-19T07:08:08.823197Z","level":"info","event":"ETL function imported succesfully!","logger":"unusual_prefix_377e48747e3957bb035dd88b74b86ec1d0ec8c25_stocks_etl_dag","filename":"stocks_etl_dag.py","lineno":32}
{"timestamp":"2026-08-19T07:08:08.830182Z","level":"info","event":"DAG loaded sucessfully!","logger":"unusual_prefix_377e48747e3957bb035dd88b74b86ec1d0ec8c25_stocks_etl_dag","filename":"stocks_etl_dag.py","lineno":103}
{"timestamp":"2026-08-19T07:08:39.329635Z","level":"info","event":"Filling up the DagBag from /opt/airflow/dags/stocks_etl_dag.py","logger":"airflow.dag_processing.dagbag.BundleDagBag","filename":"dagbag.py","lineno":460}
{"timestamp":"2026-08-19T07:08:39.794057Z","level":"info","event":"Pyspark imported, version: 3.5.2","logger":"unusual_prefix_377e48747e3957bb035dd88b74b86ec1d0ec8c25_stocks_etl_dag","filename":"stocks_etl_dag.py","lineno":24}
{"timestamp":"2026-08-19T07:08:41.976085Z","level":"info","event":"ETL function imported succesfully!","logger":"unusual_prefix_377e48747e3957bb035dd88b74b86ec1d0ec8c25_stocks_etl_dag","filename":"stocks_etl_dag.py","lineno":32}
{"timestamp":"2026-08-19T07:08:41.984759Z","level":"info","event":"DAG loaded sucessfully!","logger":"unusual_prefix_377e48747e3957bb035dd88b74b86ec1d0ec8c25_stocks_etl_dag","filename":"stocks_etl_dag.py","lineno":103}
{"timestamp":"2026-08-19T07:09:12.175124Z","level":"info","event":"Filling up the DagBag from /opt/airflow/dags/stocks_etl_dag.py","logger":"airflow.dag_processing.dagbag.BundleDagBag","filename":"dagbag.py","lineno":460}
{"timestamp":"2026-08-19T07:09:12.468655Z","level":"info","event":"Pyspark imported, version: 3.5.2","logger":"unusual_prefix_377e48747e3957bb035dd88b74b86ec1d0ec8c25_stocks_etl_dag","filename":"stocks_etl_dag.py","lineno":24}
{"timestamp":"2026-08-19T07:09:13.684790Z","level":"info","event":"ETL function imported succesfully!","logger":"unusual_prefix_377e48747e3957bb035dd88b74b86ec1d0ec8c25_stocks_etl_dag","filename":"stocks_etl_dag.py","lineno":32}
{"timestamp":"2026-08-19T07:09:13.694118Z","level":"info","event":"DAG loaded sucessfully!","logger":"unusual_prefix_377e48747e3957bb035dd88b74b86ec1d0ec8c25_stocks_etl_dag","filename":"stocks_etl_dag.py","lineno":103}
{"timestamp":"2026-08-19T07:09:44.470155Z","level":"info","event":"Filling up the DagBag from /opt/airflow/dags/stocks_etl_dag.py","logger":"airflow.dag_processing.dagbag.BundleDagBag","filename":"dagbag.py","lineno":460}
{"timestamp":"2026-08-19T07:09:44.737851Z","level":"info","event":"Pyspark imported, version: 3.5.2","logger":"unusual_prefix_377e48747e3957bb035dd88b74b86ec1d0ec8c25_stocks_etl_dag","filename":"stocks_etl_dag.py","lineno":24}
{"timestamp":"2026-08-19T07:09:45.775053Z","level":"info","event":"ETL function imported succesfully!","logger":"unusual_prefix_377e48747e3957bb035dd88b74b86ec1d0ec8c25_stocks_etl_dag","filename":"stocks_etl_dag.py","lineno":32}
{"timestamp":"2026-08-19T07:09:45.780998Z","level":"info","event":"DAG loaded sucessfully!","logger":"unusual_prefix_377e48747e3957bb035dd88b74b86ec1d0ec8c25_stocks_etl_dag","filename":"stocks_etl_dag.py","lineno":103}
{"timestamp":"2026-08-19T07:10:16.445794Z","level":"info","event":"Filling up the DagBag from /opt/airflow/dags/stocks_etl_dag.py","logger":"airflow.dag_processing.dagbag.BundleDagBag","filename":"dagbag.py","lineno":460}
{"timestamp":"2026-08-19T07:10:16.731835Z","level":"info","event":"Pyspark imported, version: 3.5.2","logger":"unusual_prefix_377e48747e3957bb035dd88b74b86ec1d0ec8c25_stocks_etl_dag","filename":"stocks_etl_dag.py","lineno":24}
{"timestamp":"2026-08-19T07:10:18.081644Z","level":"info","event":"ETL function imported succesfully!","logger":"unusual_prefix_377e48747e3957bb035dd88b74b86ec1d0ec8c25_stocks_etl_dag","filename":"stocks_etl_dag.py","lineno":32}
{"timestamp":"2026-08-19T07:10:18.091214Z","level":"info","event":"DAG loaded sucessfully!","logger":"unusual_prefix_377e48747e3957bb035dd88b74b86ec1d0ec8c25_stocks_etl_dag","filename":"stocks_etl_dag.py","lineno":103}
{"timestamp":"2026-08-19T07:10:48.963231Z","level":"info","event":"Filling up the DagBag from /opt/airflow/dags/stocks_etl_dag.py","logger":"airflow.dag_processing.dagbag.BundleDagBag","filename":"dagbag.py","lineno":460}
{"timestamp":"2026-08-19T07:10:49.198756Z","level":"info","event":"Pyspark imported, version: 3.5.2","logger":"unusual_prefix_377e48747e3957bb035dd88b74b86ec1d0ec8c25_stocks_etl_dag","filename":"stocks_etl_dag.py","lineno":24}
{"timestamp":"2026-08-19T07:10:50.417313Z","level":"info","event":"ETL function imported succesfully!","logger":"unusual_prefix_377e48747e3957bb035dd88b74b86ec1d0ec8c25_stocks_etl_dag","filename":"stocks_etl_dag.py","lineno":32}
{"timestamp":"2026-08-19T07:10:50.427590Z","level":"info","event":"DAG loaded sucessfully!","logger":"unusual_prefix_377e48747e3957bb035dd88b74b86ec1d0ec8c25_stocks_etl_dag","filename":"stocks_etl_dag.py","lineno":103}
{"timestamp":"2026-08-19T07:11:21.005183Z","level":"info","event":"Filling up the DagBag from /opt/airflow/dags/stocks_etl_dag.py","logger":"airflow.dag_processing.dagbag.BundleDagBag","filename":"dagbag.py","lineno":460}
{"timestamp":"2026-08-19T07:11:21.431042Z","level":"info","event":"Pyspark imported, version: 3.5.2","logger":"unusual_prefix_377e48747e3957bb035dd88b74b86ec1d0ec8c25_stocks_etl_dag","filename":"stocks_etl_dag.py","lineno":24}
{"timestamp":"2026-08-19T07:11:23.257311Z","level":"info","event":"ETL function imported succesfully!","logger":"unusual_prefix_377e48747e3957bb035dd88b74b86ec1d0ec8c25_stocks_etl_dag","filename":"stocks_etl_dag.py","lineno":32}
{"timestamp":"2026-08-19T07:11:23.267377Z","level":"info","event":"DAG loaded sucessfully!","logger":"unusual_prefix_377e48747e3957bb035dd88b74b86ec1d0ec8c25_stocks_etl_dag","filename":"stocks_etl_dag.py","lineno":103}
{"timestamp":"2026-08-19T07:11:53.414451Z","level":"info","event":"Filling up the DagBag from /opt/airflow/dags/stocks_etl_dag.py","logger":"airflow.dag_processing.dagbag.BundleDagBag","filename":"dagbag.py","lineno":460}
{"timestamp":"2026-08-19T07:11:53.645220Z","level":"info","event":"Pyspark imported, version: 3.5.2","logger":"unusual_prefix_377e48747e3957bb035dd88b74b86ec1d0ec8c25_stocks_etl_dag","filename":"stocks_etl_dag.py","lineno":24}
{"timestamp":"2026-08-19T07:11:54.695202Z","level":"info","event":"ETL function imported succesfully!","logger":"unusual_prefix_377e48747e3957bb035dd88b74b86ec1d0ec8c25_stocks_etl_dag","filename":"stocks_etl_dag.py","lineno":32}
{"timestamp":"2026-08-19T07:11:54.702619Z","level":"info","event":"DAG loaded sucessfully!","logger":"unusual_prefix_377e48747e3957bb035dd88b74b86ec1d0ec8c25_stocks_etl_dag","filename":"stocks_etl_dag.py","lineno":103}
{"timestamp":"2026-08-19T07:12:25.212137Z","level":"info","event":"Filling up the DagBag from /opt/airflow/dags/stocks_etl_dag.py","logger":"airflow.dag_processing.dagbag.BundleDagBag","filename":"dagbag.py","lineno":460}
{"timestamp":"2026-08-19T07:12:25.533995Z","level":"info","event":"Pyspark imported, version: 3.5.2","logger":"unusual_prefix_377e48747e3957bb035dd88b74b86ec1d0ec8c25_stocks_etl_dag","filename":"stocks_etl_dag.py","lineno":24}
{"timestamp":"2026-08-19T07:12:26.714079Z","level":"info","event":"ETL function imported succesfully!","logger":"unusual_prefix_377e48747e3957bb035dd88b74b86ec1d0ec8c25_stocks_etl_dag","filename":"stocks_etl_dag.py","lineno":32}
{"timestamp":"2026-08-19T07:12:26.721027Z","level":"info","event":"DAG loaded sucessfully!","logger":"unusual_prefix_377e48747e3957bb035dd88b74b86ec1d0ec8c25_stocks_etl_dag","filename":"stocks_etl_dag.py","lineno":103}
{"timestamp":"2026-08-19T07:12:57.097945Z","level":"info","event":"Filling up the DagBag from /opt/airflow/dags/stocks_etl_dag.py","logger":"airflow.dag_processing.dagbag.BundleDagBag","filename":"dagbag.py","lineno":460}
{"timestamp":"2026-08-19T07:12:57.473374Z","level":"info","event":"Pyspark imported, version: 3.5.2","logger":"unusual_prefix_377e48747e3957bb035dd88b74b86ec1d0ec8c25_stocks_etl_dag","filename":"stocks_etl_dag.py","lineno":24}
{"timestamp":"2026-08-19T07:12:59.427392Z","level":"info","event":"ETL function imported succesfully!","logger":"unusual_prefix_377e48747e3957bb035dd88b74b86ec1d0ec8c25_stocks_etl_dag","filename":"stocks_etl_dag.py","lineno":32}
{"timestamp":"2026-08-19T07:12:59.435044Z","level":"info","event":"DAG loaded sucessfully!","logger":"unusual_prefix_377e48747e3957bb035dd88b74b86ec1d0ec8c25_stocks_etl_dag","filename":"stocks_etl_dag.py","lineno":103}
{"timestamp":"2026-08-19T07:13:29.941827Z","level":"info","event":"Filling up the DagBag from /opt/airflow/dags/stocks_etl_dag.py","logger":"airflow.dag_processing.dagbag.BundleDagBag","filename":"dagbag.py","lineno":460}
{"timestamp":"2026-08-19T07:13:30.270647Z","level":"info","event":"Pyspark imported, version: 3.5.2","logger":"unusual_prefix_377e48747e3957bb035dd88b74b86ec1d0ec8c25_stocks_etl_dag","filename":"stocks_etl_dag.py","lineno":24}
{"timestamp":"2026-08-19T07:13:31.854318Z","level":"info","event":"ETL function imported succesfully!","logger":"unusual_prefix_377e48747e3957bb035dd88b74b86ec1d0ec8c25_stocks_etl_dag","filename":"stocks_etl_dag.py","lineno":32}
{"timestamp":"2026-08-19T07:13:31.878054Z","level":"info","event":"DAG loaded sucessfully!","logger":"unusual_prefix_377e48747e3957bb035dd88b74b86ec1d0ec8c25_stocks_etl_dag","filename":"stocks_etl_dag.py","lineno":103}
{"timestamp":"2026-08-19T07:14:02.511533Z","level":"info","event":"Filling up the DagBag from /opt/airflow/dags/stocks_etl_dag.py","logger":"airflow.dag_processing.dagbag.BundleDagBag","filename":"dagbag.py","lineno":460}
{"timestamp":"2026-08-19T07:14:02.746489Z","level":"info","event":"Pyspark imported, version: 3.5.2","logger":"unusual_prefix_377e48747e3957bb035dd88b74b86ec1d0ec8c25_stocks_etl_dag","filename":"stocks_etl_dag.py","lineno":24}
{"timestamp":"2026-08-19T07:14:03.850131Z","level":"info","event":"ETL function imported succesfully!","logger":"unusual_prefix_377e48747e3957bb035dd88b74b86ec1d0ec8c25_stocks_etl_dag","filename":"stocks_etl_dag.py","lineno":32}
{"timestamp":"2026-08-19T07:14:03.858822Z","level":"info","event":"DAG loaded sucessfully!","logger":"unusual_prefix_377e48747e3957bb035dd88b74b86ec1d0ec8c25_stocks_etl_dag","filename":"stocks_etl_dag.py","lineno":103}
{"timestamp":"2026-08-19T07:14:34.449424Z","level":"info","event":"Filling up the DagBag from /opt/airflow/dags/stocks_etl_dag.py","logger":"airflow.dag_processing.dagbag.BundleDagBag","filename":"dagbag.py","lineno":460}
{"timestamp":"2026-08-19T07:14:34.827520Z","level":"info","event":"Pyspark imported, version: 3.5.2","logger":"unusual_prefix_377e48747e3957bb035dd88b74b86ec1d0ec8c25_stocks_etl_dag","filename":"stocks_etl_dag.py","lineno":24}
{"timestamp":"2026-08-19T07:14:36.477834Z","level":"info","event":"ETL function imported succesfully!","logger":"unusual_prefix_377e48747e3957bb035dd88b74b86ec1d0ec8c25_stocks_etl_dag","filename":"stocks_etl_dag.py","lineno":32}
{"timestamp":"2026-08-19T07:14:36.488675Z","level":"info","event":"DAG loaded sucessfully!","logger":"unusual_prefix_377e48747e3957bb035dd88b74b86ec1d0ec8c25_stocks_etl_dag","filename":"stocks_etl_dag.py","lineno":103}
{"timestamp":"2026-08-19T07:15:06.758840Z","level":"info","event":"Filling up the DagBag from /opt/airflow/dags/stocks_etl_dag.py","logger":"airflow.dag_processing.dagbag.BundleDagBag","filename":"dagbag.py","lineno":460}
{"timestamp":"2026-08-19T07:15:07.021861Z","level":"info","event":"Pyspark imported, version: 3.5.2","logger":"unusual_prefix_377e48747e3957bb035dd88b74b86ec1d0ec8c25_stocks_etl_dag","filename":"stocks_etl_dag.py","lineno":24}
{"timestamp":"2026-08-19T07:15:09.217232Z","level":"info","event":"ETL function imported succesfully!","logger":"unusual_prefix_377e48747e3957bb035dd88b74b86ec1d0ec8c25_stocks_etl_dag","filename":"stocks_etl_dag.py","lineno":32}
{"timestamp":"2026-08-19T07:15:09.224391Z","level":"info","event":"DAG loaded sucessfully!","logger":"unusual_prefix_377e48747e3957bb035dd88b74b86ec1d0ec8c25_stocks_etl_dag","filename":"stocks_etl_dag.py","lineno":103}
{"timestamp":"2026-08-19T07:15:39.484064Z","level":"info","event":"Filling up the DagBag from /opt/airflow/dags/stocks_etl_dag.py","logger":"airflow.dag_processing.dagbag.BundleDagBag","filename":"dagbag.py","lineno":460}
{"timestamp":"2026-08-19T07:15:39.815510Z","level":"info","event":"Pyspark imported, version: 3.5.2","logger":"unusual_prefix_377e48747e3957bb035dd88b74b86ec1d0ec8c25_stocks_etl_dag","filename":"stocks_etl_dag.py","lineno":24}
{"timestamp":"2026-08-19T07:15:41.370054Z","level":"info","event":"ETL function imported succesfully!","logger":"unusual_prefix_377e48747e3957bb035dd88b74b86ec1d0ec8c25_stocks_etl_dag","filename":"stocks_etl_dag.py","lineno":32}
{"timestamp":"2026-08-19T07:15:41.379073Z","level":"info","event":"DAG loaded sucessfully!","logger":"unusual_prefix_377e48747e3957bb035dd88b74b86ec1d0ec8c25_stocks_etl_dag","filename":"stocks_etl_dag.py","lineno":103}
{"timestamp":"2026-08-19T07:16:12.305480Z","level":"info","event":"Filling up the DagBag from /opt/airflow/dags/stocks_etl_dag.py","logger":"airflow.dag_processing.dagbag.BundleDagBag","filename":"dagbag.py","lineno":460}
{"timestamp":"2026-08-19T07:16:12.751167Z","level":"info","event":"Pyspark imported, version: 3.5.2","logger":"unusual_prefix_377e48747e3957bb035dd88b74b86ec1d0ec8c25_stocks_etl_dag","filename":"stocks_etl_dag.py","lineno":24}
{"timestamp":"2026-08-19T07:16:14.511989Z","level":"info","event":"ETL function imported succesfully!","logger":"unusual_prefix_377e48747e3957bb035dd88b74b86ec1d0ec8c25_stocks_etl_dag","filename":"stocks_etl_dag.py","lineno":32}
{"timestamp":"2026-08-19T07:16:14.519411Z","level":"info","event":"DAG loaded sucessfully!","logger":"unusual_prefix_377e48747e3957bb035dd88b74b86ec1d0ec8c25_stocks_etl_dag","filename":"stocks_etl_dag.py","lineno":103}
{"timestamp":"2026-08-19T07:16:45.034508Z","level":"info","event":"Filling up the DagBag from /opt/airflow/dags/stocks_etl_dag.py","logger":"airflow.dag_processing.dagbag.BundleDagBag","filename":"dagbag.py","lineno":460}
{"timestamp":"2026-08-19T07:16:45.444620Z","level":"info","event":"Pyspark imported, version: 3.5.2","logger":"unusual_prefix_377e48747e3957bb035dd88b74b86ec1d0ec8c25_stocks_etl_dag","filename":"stocks_etl_dag.py","lineno":24}
{"timestamp":"2026-08-19T07:16:47.407874Z","level":"info","event":"ETL function imported succesfully!","logger":"unusual_prefix_377e48747e3957bb035dd88b74b86ec1d0ec8c25_stocks_etl_dag","filename":"stocks_etl_dag.py","lineno":32}
{"timestamp":"2026-08-19T07:16:47.423433Z","level":"info","event":"DAG loaded sucessfully!","logger":"unusual_prefix_377e48747e3957bb035dd88b74b86ec1d0ec8c25_stocks_etl_dag","filename":"stocks_etl_dag.py","lineno":103}
{"timestamp":"2026-08-19T07:17:17.591292Z","level":"info","event":"Filling up the DagBag from /opt/airflow/dags/stocks_etl_dag.py","logger":"airflow.dag_processing.dagbag.BundleDagBag","filename":"dagbag.py","lineno":460}
{"timestamp":"2026-08-19T07:17:17.875333Z","level":"info","event":"Pyspark imported, version: 3.5.2","logger":"unusual_prefix_377e48747e3957bb035dd88b74b86ec1d0ec8c25_stocks_etl_dag","filename":"stocks_etl_dag.py","lineno":24}
{"timestamp":"2026-08-19T07:17:19.403350Z","level":"info","event":"ETL function imported succesfully!","logger":"unusual_prefix_377e48747e3957bb035dd88b74b86ec1d0ec8c25_stocks_etl_dag","filename":"stocks_etl_dag.py","lineno":32}
{"timestamp":"2026-08-19T07:17:19.414193Z","level":"info","event":"DAG loaded sucessfully!","logger":"unusual_prefix_377e48747e3957bb035dd88b74b86ec1d0ec8c25_stocks_etl_dag","filename":"stocks_etl_dag.py","lineno":103}
{"timestamp":"2026-08-19T07:17:49.950787Z","level":"info","event":"Filling up the DagBag from /opt/airflow/dags/stocks_etl_dag.py","logger":"airflow.dag_processing.dagbag.BundleDagBag","filename":"dagbag.py","lineno":460}
{"timestamp":"2026-08-19T07:17:50.307474Z","level":"info","event":"Pyspark imported, version: 3.5.2","logger":"unusual_prefix_377e48747e3957bb035dd88b74b86ec1d0ec8c25_stocks_etl_dag","filename":"stocks_etl_dag.py","lineno":24}
{"timestamp":"2026-08-19T07:17:52.598186Z","level":"info","event":"ETL function imported succesfully!","logger":"unusual_prefix_377e48747e3957bb035dd88b74b86ec1d0ec8c25_stocks_etl_dag","filename":"stocks_etl_dag.py","lineno":32}
{"timestamp":"2026-08-19T07:17:52.616336Z","level":"info","event":"DAG loaded sucessfully!","logger":"unusual_prefix_377e48747e3957bb035dd88b74b86ec1d0ec8c25_stocks_etl_dag","filename":"stocks_etl_dag.py","lineno":103}
{"timestamp":"2026-08-19T07:18:23.496191Z","level":"info","event":"Filling up the DagBag from /opt/airflow/dags/stocks_etl_dag.py","logger":"airflow.dag_processing.dagbag.BundleDagBag","filename":"dagbag.py","lineno":460}
{"timestamp":"2026-08-19T07:18:23.782520Z","level":"info","event":"Pyspark imported, version: 3.5.2","logger":"unusual_prefix_377e48747e3957bb035dd88b74b86ec1d0ec8c25_stocks_etl_dag","filename":"stocks_etl_dag.py","lineno":24}
{"timestamp":"2026-08-19T07:18:25.380333Z","level":"info","event":"ETL function imported succesfully!","logger":"unusual_prefix_377e48747e3957bb035dd88b74b86ec1d0ec8c25_stocks_etl_dag","filename":"stocks_etl_dag.py","lineno":32}
{"timestamp":"2026-08-19T07:18:25.389017Z","level":"info","event":"DAG loaded sucessfully!","logger":"unusual_prefix_377e48747e3957bb035dd88b74b86ec1d0ec8c25_stocks_etl_dag","filename":"stocks_etl_dag.py","lineno":103}
{"timestamp":"2026-08-19T07:18:55.557226Z","level":"info","event":"Filling up the DagBag from /opt/airflow/dags/stocks_etl_dag.py","logger":"airflow.dag_processing.dagbag.BundleDagBag","filename":"dagbag.py","lineno":460}
{"timestamp":"2026-08-19T07:18:55.735158Z","level":"info","event":"Pyspark imported, version: 3.5.2","logger":"unusual_prefix_377e48747e3957bb035dd88b74b86ec1d0ec8c25_stocks_etl_dag","filename":"stocks_etl_dag.py","lineno":24}
{"timestamp":"2026-08-19T07:18:56.663080Z","level":"info","event":"ETL function imported succesfully!","logger":"unusual_prefix_377e48747e3957bb035dd88b74b86ec1d0ec8c25_stocks_etl_dag","filename":"stocks_etl_dag.py","lineno":32}
{"timestamp":"2026-08-19T07:18:56.669182Z","level":"info","event":"DAG loaded sucessfully!","logger":"unusual_prefix_377e48747e3957bb035dd88b74b86ec1d0ec8c25_stocks_etl_dag","filename":"stocks_etl_dag.py","lineno":103}
{"timestamp":"2026-08-19T07:19:27.306299Z","level":"info","event":"Filling up the DagBag from /opt/airflow/dags/stocks_etl_dag.py","logger":"airflow.dag_processing.dagbag.BundleDagBag","filename":"dagbag.py","lineno":460}
{"timestamp":"2026-08-19T07:19:27.550873Z","level":"info","event":"Pyspark imported, version: 3.5.2","logger":"unusual_prefix_377e48747e3957bb035dd88b74b86ec1d0ec8c25_stocks_etl_dag","filename":"stocks_etl_dag.py","lineno":24}
{"timestamp":"2026-08-19T07:19:28.609271Z","level":"info","event":"ETL function imported succesfully!","logger":"unusual_prefix_377e48747e3957bb035dd88b74b86ec1d0ec8c25_stocks_etl_dag","filename":"stocks_etl_dag.py","lineno":32}
{"timestamp":"2026-08-19T07:19:28.615836Z","level":"info","event":"DAG loaded sucessfully!","logger":"unusual_prefix_377e48747e3957bb035dd88b74b86ec1d0ec8c25_stocks_etl_dag","filename":"stocks_etl_dag.py","lineno":103}
{"timestamp":"2026-08-19T07:19:59.373648Z","level":"info","event":"Filling up the DagBag from /opt/airflow/dags/stocks_etl_dag.py","logger":"airflow.dag_processing.dagbag.BundleDagBag","filename":"dagbag.py","lineno":460}
{"timestamp":"2026-08-19T07:19:59.612159Z","level":"info","event":"Pyspark imported, version: 3.5.2","logger":"unusual_prefix_377e48747e3957bb035dd88b74b86ec1d0ec8c25_stocks_etl_dag","filename":"stocks_etl_dag.py","lineno":24}
{"timestamp":"2026-08-19T07:20:00.803841Z","level":"info","event":"ETL function imported succesfully!","logger":"unusual_prefix_377e48747e3957bb035dd88b74b86ec1d0ec8c25_stocks_etl_dag","filename":"stocks_etl_dag.py","lineno":32}
{"timestamp":"2026-08-19T07:20:00.809545Z","level":"info","event":"DAG loaded sucessfully!","logger":"unusual_prefix_377e48747e3957bb035dd88b74b86ec1d0ec8c25_stocks_etl_dag","filename":"stocks_etl_dag.py","lineno":103}
{"timestamp":"2026-08-19T07:20:31.291509Z","level":"info","event":"Filling up the DagBag from /opt/airflow/dags/stocks_etl_dag.py","logger":"airflow.dag_processing.dagbag.BundleDagBag","filename":"dagbag.py","lineno":460}
{"timestamp":"2026-08-19T07:20:31.544576Z","level":"info","event":"Pyspark imported, version: 3.5.2","logger":"unusual_prefix_377e48747e3957bb035dd88b74b86ec1d0ec8c25_stocks_etl_dag","filename":"stocks_etl_dag.py","lineno":24}
{"timestamp":"2026-08-19T07:20:33.119896Z","level":"info","event":"ETL function imported succesfully!","logger":"unusual_prefix_377e48747e3957bb035dd88b74b86ec1d0ec8c25_stocks_etl_dag","filename":"stocks_etl_dag.py","lineno":32}
{"timestamp":"2026-08-19T07:20:33.127143Z","level":"info","event":"DAG loaded sucessfully!","logger":"unusual_prefix_377e48747e3957bb035dd88b74b86ec1d0ec8c25_stocks_etl_dag","filename":"stocks_etl_dag.py","lineno":103}
{"timestamp":"2026-08-19T07:21:03.613326Z","level":"info","event":"Filling up the DagBag from /opt/airflow/dags/stocks_etl_dag.py","logger":"airflow.dag_processing.dagbag.BundleDagBag","filename":"dagbag.py","lineno":460}
{"timestamp":"2026-08-19T07:21:03.921823Z","level":"info","event":"Pyspark imported, version: 3.5.2","logger":"unusual_prefix_377e48747e3957bb035dd88b74b86ec1d0ec8c25_stocks_etl_dag","filename":"stocks_etl_dag.py","lineno":24}
{"timestamp":"2026-08-19T07:21:05.699628Z","level":"info","event":"ETL function imported succesfully!","logger":"unusual_prefix_377e48747e3957bb035dd88b74b86ec1d0ec8c25_stocks_etl_dag","filename":"stocks_etl_dag.py","lineno":32}
{"timestamp":"2026-08-19T07:21:05.710011Z","level":"info","event":"DAG loaded sucessfully!","logger":"unusual_prefix_377e48747e3957bb035dd88b74b86ec1d0ec8c25_stocks_etl_dag","filename":"stocks_etl_dag.py","lineno":103}
{"timestamp":"2026-08-19T07:21:36.458178Z","level":"info","event":"Filling up the DagBag from /opt/airflow/dags/stocks_etl_dag.py","logger":"airflow.dag_processing.dagbag.BundleDagBag","filename":"dagbag.py","lineno":460}
{"timestamp":"2026-08-19T07:21:36.805559Z","level":"info","event":"Pyspark imported, version: 3.5.2","logger":"unusual_prefix_377e48747e3957bb035dd88b74b86ec1d0ec8c25_stocks_etl_dag","filename":"stocks_etl_dag.py","lineno":24}
{"timestamp":"2026-08-19T07:21:38.344074Z","level":"info","event":"ETL function imported succesfully!","logger":"unusual_prefix_377e48747e3957bb035dd88b74b86ec1d0ec8c25_stocks_etl_dag","filename":"stocks_etl_dag.py","lineno":32}
{"timestamp":"2026-08-19T07:21:38.352375Z","level":"info","event":"DAG loaded sucessfully!","logger":"unusual_prefix_377e48747e3957bb035dd88b74b86ec1d0ec8c25_stocks_etl_dag","filename":"stocks_etl_dag.py","lineno":103}
{"timestamp":"2026-08-19T07:22:08.883274Z","level":"info","event":"Filling up the DagBag from /opt/airflow/dags/stocks_etl_dag.py","logger":"airflow.dag_processing.dagbag.BundleDagBag","filename":"dagbag.py","lineno":460}
{"timestamp":"2026-08-19T07:22:09.207462Z","level":"info","event":"Pyspark imported, version: 3.5.2","logger":"unusual_prefix_377e48747e3957bb035dd88b74b86ec1d0ec8c25_stocks_etl_dag","filename":"stocks_etl_dag.py","lineno":24}
{"timestamp":"2026-08-19T07:22:11.614160Z","level":"info","event":"ETL function imported succesfully!","logger":"unusual_prefix_377e48747e3957bb035dd88b74b86ec1d0ec8c25_stocks_etl_dag","filename":"stocks_etl_dag.py","lineno":32}
{"timestamp":"2026-08-19T07:22:11.627085Z","level":"info","event":"DAG loaded sucessfully!","logger":"unusual_prefix_377e48747e3957bb035dd88b74b86ec1d0ec8c25_stocks_etl_dag","filename":"stocks_etl_dag.py","lineno":103}
{"timestamp":"2026-08-19T07:22:42.327874Z","level":"info","event":"Filling up the DagBag from /opt/airflow/dags/stocks_etl_dag.py","logger":"airflow.dag_processing.dagbag.BundleDagBag","filename":"dagbag.py","lineno":460}
{"timestamp":"2026-08-19T07:22:42.592717Z","level":"info","event":"Pyspark imported, version: 3.5.2","logger":"unusual_prefix_377e48747e3957bb035dd88b74b86ec1d0ec8c25_stocks_etl_dag","filename":"stocks_etl_dag.py","lineno":24}
{"timestamp":"2026-08-19T07:22:43.399539Z","level":"info","event":"ETL function imported succesfully!","logger":"unusual_prefix_377e48747e3957bb035dd88b74b86ec1d0ec8c25_stocks_etl_dag","filename":"stocks_etl_dag.py","lineno":32}
{"timestamp":"2026-08-19T07:22:43.405240Z","level":"info","event":"DAG loaded sucessfully!","logger":"unusual_prefix_377e48747e3957bb035dd88b74b86ec1d0ec8c25_stocks_etl_dag","filename":"stocks_etl_dag.py","lineno":103}
{"timestamp":"2026-08-19T07:23:13.828199Z","level":"info","event":"Filling up the DagBag from /opt/airflow/dags/stocks_etl_dag.py","logger":"airflow.dag_processing.dagbag.BundleDagBag","filename":"dagbag.py","lineno":460}
{"timestamp":"2026-08-19T07:23:13.978785Z","level":"info","event":"Pyspark imported, version: 3.5.2","logger":"unusual_prefix_377e48747e3957bb035dd88b74b86ec1d0ec8c25_stocks_etl_dag","filename":"stocks_etl_dag.py","lineno":24}
{"timestamp":"2026-08-19T07:23:14.696784Z","level":"info","event":"ETL function imported succesfully!","logger":"unusual_prefix_377e48747e3957bb035dd88b74b86ec1d0ec8c25_stocks_etl_dag","filename":"stocks_etl_dag.py","lineno":32}
{"timestamp":"2026-08-19T07:23:14.700417Z","level":"info","event":"DAG loaded sucessfully!","logger":"unusual_prefix_377e48747e3957bb035dd88b74b86ec1d0ec8c25_stocks_etl_dag","filename":"stocks_etl_dag.py","lineno":103}
{"timestamp":"2026-08-19T07:23:45.397334Z","level":"info","event":"Filling up the DagBag from /opt/airflow/dags/stocks_etl_dag.py","logger":"airflow.dag_processing.dagbag.BundleDagBag","filename":"dagbag.py","lineno":460}
{"timestamp":"2026-08-19T07:23:45.709546Z","level":"info","event":"Pyspark imported, version: 3.5.2","logger":"unusual_prefix_377e48747e3957bb035dd88b74b86ec1d0ec8c25_stocks_etl_dag","filename":"stocks_etl_dag.py","lineno":24}
{"timestamp":"2026-08-19T07:23:47.032883Z","level":"info","event":"ETL function imported succesfully!","logger":"unusual_prefix_377e48747e3957bb035dd88b74b86ec1d0ec8c25_stocks_etl_dag","filename":"stocks_etl_dag.py","lineno":32}
{"timestamp":"2026-08-19T07:23:47.039465Z","level":"info","event":"DAG loaded sucessfully!","logger":"unusual_prefix_377e48747e3957bb035dd88b74b86ec1d0ec8c25_stocks_etl_dag","filename":"stocks_etl_dag.py","lineno":103}
{"timestamp":"2026-08-19T07:24:17.567621Z","level":"info","event":"Filling up the DagBag from /opt/airflow/dags/stocks_etl_dag.py","logger":"airflow.dag_processing.dagbag.BundleDagBag","filename":"dagbag.py","lineno":460}
{"timestamp":"2026-08-19T07:24:17.747705Z","level":"info","event":"Pyspark imported, version: 3.5.2","logger":"unusual_prefix_377e48747e3957bb035dd88b74b86ec1d0ec8c25_stocks_etl_dag","filename":"stocks_etl_dag.py","lineno":24}
{"timestamp":"2026-08-19T07:24:18.558176Z","level":"info","event":"ETL function imported succesfully!","logger":"unusual_prefix_377e48747e3957bb035dd88b74b86ec1d0ec8c25_stocks_etl_dag","filename":"stocks_etl_dag.py","lineno":32}
{"timestamp":"2026-08-19T07:24:18.564093Z","level":"info","event":"DAG loaded sucessfully!","logger":"unusual_prefix_377e48747e3957bb035dd88b74b86ec1d0ec8c25_stocks_etl_dag","filename":"stocks_etl_dag.py","lineno":103}
{"timestamp":"2026-08-19T07:24:48.716682Z","level":"info","event":"Filling up the DagBag from /opt/airflow/dags/stocks_etl_dag.py","logger":"airflow.dag_processing.dagbag.BundleDagBag","filename":"dagbag.py","lineno":460}
{"timestamp":"2026-08-19T07:24:49.007040Z","level":"info","event":"Pyspark imported, version: 3.5.2","logger":"unusual_prefix_377e48747e3957bb035dd88b74b86ec1d0ec8c25_stocks_etl_dag","filename":"stocks_etl_dag.py","lineno":24}
{"timestamp":"2026-08-19T07:24:50.791675Z","level":"info","event":"ETL function imported succesfully!","logger":"unusual_prefix_377e48747e3957bb035dd88b74b86ec1d0ec8c25_stocks_etl_dag","filename":"stocks_etl_dag.py","lineno":32}
{"timestamp":"2026-08-19T07:24:50.802244Z","level":"info","event":"DAG loaded sucessfully!","logger":"unusual_prefix_377e48747e3957bb035dd88b74b86ec1d0ec8c25_stocks_etl_dag","filename":"stocks_etl_dag.py","lineno":103}
{"timestamp":"2026-08-19T07:25:21.349205Z","level":"info","event":"Filling up the DagBag from /opt/airflow/dags/stocks_etl_dag.py","logger":"airflow.dag_processing.dagbag.BundleDagBag","filename":"dagbag.py","lineno":460}
{"timestamp":"2026-08-19T07:25:21.538467Z","level":"info","event":"Pyspark imported, version: 3.5.2","logger":"unusual_prefix_377e48747e3957bb035dd88b74b86ec1d0ec8c25_stocks_etl_dag","filename":"stocks_etl_dag.py","lineno":24}
{"timestamp":"2026-08-19T07:25:22.725375Z","level":"info","event":"ETL function imported succesfully!","logger":"unusual_prefix_377e48747e3957bb035dd88b74b86ec1d0ec8c25_stocks_etl_dag","filename":"stocks_etl_dag.py","lineno":32}
{"timestamp":"2026-08-19T07:25:22.745941Z","level":"info","event":"DAG loaded sucessfully!","logger":"unusual_prefix_377e48747e3957bb035dd88b74b86ec1d0ec8c25_stocks_etl_dag","filename":"stocks_etl_dag.py","lineno":103}
{"timestamp":"2026-08-19T07:25:53.227862Z","level":"info","event":"Filling up the DagBag from /opt/airflow/dags/stocks_etl_dag.py","logger":"airflow.dag_processing.dagbag.BundleDagBag","filename":"dagbag.py","lineno":460}
{"timestamp":"2026-08-19T07:25:53.434089Z","level":"info","event":"Pyspark imported, version: 3.5.2","logger":"unusual_prefix_377e48747e3957bb035dd88b74b86ec1d0ec8c25_stocks_etl_dag","filename":"stocks_etl_dag.py","lineno":24}
{"timestamp":"2026-08-19T07:25:54.348310Z","level":"info","event":"ETL function imported succesfully!","logger":"unusual_prefix_377e48747e3957bb035dd88b74b86ec1d0ec8c25_stocks_etl_dag","filename":"stocks_etl_dag.py","lineno":32}
{"timestamp":"2026-08-19T07:25:54.353794Z","level":"info","event":"DAG loaded sucessfully!","logger":"unusual_prefix_377e48747e3957bb035dd88b74b86ec1d0ec8c25_stocks_etl_dag","filename":"stocks_etl_dag.py","lineno":103}
{"timestamp":"2026-08-19T07:26:25.251476Z","level":"info","event":"Filling up the DagBag from /opt/airflow/dags/stocks_etl_dag.py","logger":"airflow.dag_processing.dagbag.BundleDagBag","filename":"dagbag.py","lineno":460}
{"timestamp":"2026-08-19T07:26:25.736901Z","level":"info","event":"Pyspark imported, version: 3.5.2","logger":"unusual_prefix_377e48747e3957bb035dd88b74b86ec1d0ec8c25_stocks_etl_dag","filename":"stocks_etl_dag.py","lineno":24}
{"timestamp":"2026-08-19T07:26:27.260189Z","level":"info","event":"ETL function imported succesfully!","logger":"unusual_prefix_377e48747e3957bb035dd88b74b86ec1d0ec8c25_stocks_etl_dag","filename":"stocks_etl_dag.py","lineno":32}
{"timestamp":"2026-08-19T07:26:27.266956Z","level":"info","event":"DAG loaded sucessfully!","logger":"unusual_prefix_377e48747e3957bb035dd88b74b86ec1d0ec8c25_stocks_etl_dag","filename":"stocks_etl_dag.py","lineno":103}
{"timestamp":"2026-08-19T07:26:57.740005Z","level":"info","event":"Filling up the DagBag from /opt/airflow/dags/stocks_etl_dag.py","logger":"airflow.dag_processing.dagbag.BundleDagBag","filename":"dagbag.py","lineno":460}
{"timestamp":"2026-08-19T07:26:58.050598Z","level":"info","event":"Pyspark imported, version: 3.5.2","logger":"unusual_prefix_377e48747e3957bb035dd88b74b86ec1d0ec8c25_stocks_etl_dag","filename":"stocks_etl_dag.py","lineno":24}
{"timestamp":"2026-08-19T07:26:59.456386Z","level":"info","event":"ETL function imported succesfully!","logger":"unusual_prefix_377e48747e3957bb035dd88b74b86ec1d0ec8c25_stocks_etl_dag","filename":"stocks_etl_dag.py","lineno":32}
{"timestamp":"2026-08-19T07:26:59.462662Z","level":"info","event":"DAG loaded sucessfully!","logger":"unusual_prefix_377e48747e3957bb035dd88b74b86ec1d0ec8c25_stocks_etl_dag","filename":"stocks_etl_dag.py","lineno":103}
{"timestamp":"2026-08-19T07:27:30.113522Z","level":"info","event":"Filling up the DagBag from /opt/airflow/dags/stocks_etl_dag.py","logger":"airflow.dag_processing.dagbag.BundleDagBag","filename":"dagbag.py","lineno":460}
{"timestamp":"2026-08-19T07:27:30.277796Z","level":"info","event":"Pyspark imported, version: 3.5.2","logger":"unusual_prefix_377e48747e3957bb035dd88b74b86ec1d0ec8c25_stocks_etl_dag","filename":"stocks_etl_dag.py","lineno":24}
{"timestamp":"2026-08-19T07:27:31.020329Z","level":"info","event":"ETL function imported succesfully!","logger":"unusual_prefix_377e48747e3957bb035dd88b74b86ec1d0ec8c25_stocks_etl_dag","filename":"stocks_etl_dag.py","lineno":32}
{"timestamp":"2026-08-19T07:27:31.024588Z","level":"info","event":"DAG loaded sucessfully!","logger":"unusual_prefix_377e48747e3957bb035dd88b74b86ec1d0ec8c25_stocks_etl_dag","filename":"stocks_etl_dag.py","lineno":103}
{"timestamp":"2026-08-19T07:28:01.595936Z","level":"info","event":"Filling up the DagBag from /opt/airflow/dags/stocks_etl_dag.py","logger":"airflow.dag_processing.dagbag.BundleDagBag","filename":"dagbag.py","lineno":460}
{"timestamp":"2026-08-19T07:28:01.753086Z","level":"info","event":"Pyspark imported, version: 3.5.2","logger":"unusual_prefix_377e48747e3957bb035dd88b74b86ec1d0ec8c25_stocks_etl_dag","filename":"stocks_etl_dag.py","lineno":24}
{"timestamp":"2026-08-19T07:28:02.485801Z","level":"info","event":"ETL function imported succesfully!","logger":"unusual_prefix_377e48747e3957bb035dd88b74b86ec1d0ec8c25_stocks_etl_dag","filename":"stocks_etl_dag.py","lineno":32}
{"timestamp":"2026-08-19T07:28:02.492071Z","level":"info","event":"DAG loaded sucessfully!","logger":"unusual_prefix_377e48747e3957bb035dd88b74b86ec1d0ec8c25_stocks_etl_dag","filename":"stocks_etl_dag.py","lineno":103}
{"timestamp":"2026-08-19T07:28:33.119735Z","level":"info","event":"Filling up the DagBag from /opt/airflow/dags/stocks_etl_dag.py","logger":"airflow.dag_processing.dagbag.BundleDagBag","filename":"dagbag.py","lineno":460}
{"timestamp":"2026-08-19T07:28:33.410219Z","level":"info","event":"Pyspark imported, version: 3.5.2","logger":"unusual_prefix_377e48747e3957bb035dd88b74b86ec1d0ec8c25_stocks_etl_dag","filename":"stocks_etl_dag.py","lineno":24}
{"timestamp":"2026-08-19T07:28:34.505656Z","level":"info","event":"ETL function imported succesfully!","logger":"unusual_prefix_377e48747e3957bb035dd88b74b86ec1d0ec8c25_stocks_etl_dag","filename":"stocks_etl_dag.py","lineno":32}
{"timestamp":"2026-08-19T07:28:34.514023Z","level":"info","event":"DAG loaded sucessfully!","logger":"unusual_prefix_377e48747e3957bb035dd88b74b86ec1d0ec8c25_stocks_etl_dag","filename":"stocks_etl_dag.py","lineno":103}
{"timestamp":"2026-08-19T07:29:05.272738Z","level":"info","event":"Filling up the DagBag from /opt/airflow/dags/stocks_etl_dag.py","logger":"airflow.dag_processing.dagbag.BundleDagBag","filename":"dagbag.py","lineno":460}
{"timestamp":"2026-08-19T07:29:05.607893Z","level":"info","event":"Pyspark imported, version: 3.5.2","logger":"unusual_prefix_377e48747e3957bb035dd88b74b86ec1d0ec8c25_stocks_etl_dag","filename":"stocks_etl_dag.py","lineno":24}
{"timestamp":"2026-08-19T07:29:07.278665Z","level":"info","event":"ETL function imported succesfully!","logger":"unusual_prefix_377e48747e3957bb035dd88b74b86ec1d0ec8c25_stocks_etl_dag","filename":"stocks_etl_dag.py","lineno":32}
{"timestamp":"2026-08-19T07:29:07.289211Z","level":"info","event":"DAG loaded sucessfully!","logger":"unusual_prefix_377e48747e3957bb035dd88b74b86ec1d0ec8c25_stocks_etl_dag","filename":"stocks_etl_dag.py","lineno":103}
{"timestamp":"2026-08-19T07:29:37.710381Z","level":"info","event":"Filling up the DagBag from /opt/airflow/dags/stocks_etl_dag.py","logger":"airflow.dag_processing.dagbag.BundleDagBag","filename":"dagbag.py","lineno":460}
{"timestamp":"2026-08-19T07:29:37.906899Z","level":"info","event":"Pyspark imported, version: 3.5.2","logger":"unusual_prefix_377e48747e3957bb035dd88b74b86ec1d0ec8c25_stocks_etl_dag","filename":"stocks_etl_dag.py","lineno":24}
{"timestamp":"2026-08-19T07:29:38.762968Z","level":"info","event":"ETL function imported succesfully!","logger":"unusual_prefix_377e48747e3957bb035dd88b74b86ec1d0ec8c25_stocks_etl_dag","filename":"stocks_etl_dag.py","lineno":32}
{"timestamp":"2026-08-19T07:29:38.769844Z","level":"info","event":"DAG loaded sucessfully!","logger":"unusual_prefix_377e48747e3957bb035dd88b74b86ec1d0ec8c25_stocks_etl_dag","filename":"stocks_etl_dag.py","lineno":103}
{"timestamp":"2026-08-19T07:30:09.316553Z","level":"info","event":"Filling up the DagBag from /opt/airflow/dags/stocks_etl_dag.py","logger":"airflow.dag_processing.dagbag.BundleDagBag","filename":"dagbag.py","lineno":460}
{"timestamp":"2026-08-19T07:30:09.584777Z","level":"info","event":"Pyspark imported, version: 3.5.2","logger":"unusual_prefix_377e48747e3957bb035dd88b74b86ec1d0ec8c25_stocks_etl_dag","filename":"stocks_etl_dag.py","lineno":24}
{"timestamp":"2026-08-19T07:30:10.918874Z","level":"info","event":"ETL function imported succesfully!","logger":"unusual_prefix_377e48747e3957bb035dd88b74b86ec1d0ec8c25_stocks_etl_dag","filename":"stocks_etl_dag.py","lineno":32}
{"timestamp":"2026-08-19T07:30:10.927936Z","level":"info","event":"DAG loaded sucessfully!","logger":"unusual_prefix_377e48747e3957bb035dd88b74b86ec1d0ec8c25_stocks_etl_dag","filename":"stocks_etl_dag.py","lineno":103}
{"timestamp":"2026-08-19T07:30:41.651764Z","level":"info","event":"Filling up the DagBag from /opt/airflow/dags/stocks_etl_dag.py","logger":"airflow.dag_processing.dagbag.BundleDagBag","filename":"dagbag.py","lineno":460}
{"timestamp":"2026-08-19T07:30:41.943485Z","level":"info","event":"Pyspark imported, version: 3.5.2","logger":"unusual_prefix_377e48747e3957bb035dd88b74b86ec1d0ec8c25_stocks_etl_dag","filename":"stocks_etl_dag.py","lineno":24}
{"timestamp":"2026-08-19T07:30:43.859489Z","level":"info","event":"ETL function imported succesfully!","logger":"unusual_prefix_377e48747e3957bb035dd88b74b86ec1d0ec8c25_stocks_etl_dag","filename":"stocks_etl_dag.py","lineno":32}
{"timestamp":"2026-08-19T07:30:43.872065Z","level":"info","event":"DAG loaded sucessfully!","logger":"unusual_prefix_377e48747e3957bb035dd88b74b86ec1d0ec8c25_stocks_etl_dag","filename":"stocks_etl_dag.py","lineno":103}
{"timestamp":"2026-08-19T07:31:14.085155Z","level":"info","event":"Filling up the DagBag from /opt/airflow/dags/stocks_etl_dag.py","logger":"airflow.dag_processing.dagbag.BundleDagBag","filename":"dagbag.py","lineno":460}
{"timestamp":"2026-08-19T07:31:14.456536Z","level":"info","event":"Pyspark imported, version: 3.5.2","logger":"unusual_prefix_377e48747e3957bb035dd88b74b86ec1d0ec8c25_stocks_etl_dag","filename":"stocks_etl_dag.py","lineno":24}
{"timestamp":"2026-08-19T07:31:16.465926Z","level":"info","event":"ETL function imported succesfully!","logger":"unusual_prefix_377e48747e3957bb035dd88b74b86ec1d0ec8c25_stocks_etl_dag","filename":"stocks_etl_dag.py","lineno":32}
{"timestamp":"2026-08-19T07:31:16.476171Z","level":"info","event":"DAG loaded sucessfully!","logger":"unusual_prefix_377e48747e3957bb035dd88b74b86ec1d0ec8c25_stocks_etl_dag","filename":"stocks_etl_dag.py","lineno":103}
{"timestamp":"2026-08-19T07:31:47.368278Z","level":"info","event":"Filling up the DagBag from /opt/airflow/dags/stocks_etl_dag.py","logger":"airflow.dag_processing.dagbag.BundleDagBag","filename":"dagbag.py","lineno":460}
{"timestamp":"2026-08-19T07:31:48.119080Z","level":"info","event":"Pyspark imported, version: 3.5.2","logger":"unusual_prefix_377e48747e3957bb035dd88b74b86ec1d0ec8c25_stocks_etl_dag","filename":"stocks_etl_dag.py","lineno":24}
{"timestamp":"2026-08-19T07:31:50.189146Z","level":"info","event":"ETL function imported succesfully!","logger":"unusual_prefix_377e48747e3957bb035dd88b74b86ec1d0ec8c25_stocks_etl_dag","filename":"stocks_etl_dag.py","lineno":32}
{"timestamp":"2026-08-19T07:31:50.199193Z","level":"info","event":"DAG loaded sucessfully!","logger":"unusual_prefix_377e48747e3957bb035dd88b74b86ec1d0ec8c25_stocks_etl_dag","filename":"stocks_etl_dag.py","lineno":103}
{"timestamp":"2026-08-19T07:32:20.814753Z","level":"info","event":"Filling up the DagBag from /opt/airflow/dags/stocks_etl_dag.py","logger":"airflow.dag_processing.dagbag.BundleDagBag","filename":"dagbag.py","lineno":460}
{"timestamp":"2026-08-19T07:32:21.240244Z","level":"info","event":"Pyspark imported, version: 3.5.2","logger":"unusual_prefix_377e48747e3957bb035dd88b74b86ec1d0ec8c25_stocks_etl_dag","filename":"stocks_etl_dag.py","lineno":24}
{"timestamp":"2026-08-19T07:32:22.827427Z","level":"info","event":"ETL function imported succesfully!","logger":"unusual_prefix_377e48747e3957bb035dd88b74b86ec1d0ec8c25_stocks_etl_dag","filename":"stocks_etl_dag.py","lineno":32}
{"timestamp":"2026-08-19T07:32:22.839060Z","level":"info","event":"DAG loaded sucessfully!","logger":"unusual_prefix_377e48747e3957bb035dd88b74b86ec1d0ec8c25_stocks_etl_dag","filename":"stocks_etl_dag.py","lineno":103}
{"timestamp":"2026-08-19T07:32:53.252605Z","level":"info","event":"Filling up the DagBag from /opt/airflow/dags/stocks_etl_dag.py","logger":"airflow.dag_processing.dagbag.BundleDagBag","filename":"dagbag.py","lineno":460}
{"timestamp":"2026-08-19T07:32:53.527790Z","level":"info","event":"Pyspark imported, version: 3.5.2","logger":"unusual_prefix_377e48747e3957bb035dd88b74b86ec1d0ec8c25_stocks_etl_dag","filename":"stocks_etl_dag.py","lineno":24}
{"timestamp":"2026-08-19T07:32:54.754103Z","level":"info","event":"ETL function imported succesfully!","logger":"unusual_prefix_377e48747e3957bb035dd88b74b86ec1d0ec8c25_stocks_etl_dag","filename":"stocks_etl_dag.py","lineno":32}
{"timestamp":"2026-08-19T07:32:54.765053Z","level":"info","event":"DAG loaded sucessfully!","logger":"unusual_prefix_377e48747e3957bb035dd88b74b86ec1d0ec8c25_stocks_etl_dag","filename":"stocks_etl_dag.py","lineno":103}
{"timestamp":"2026-08-19T07:33:25.156571Z","level":"info","event":"Filling up the DagBag from /opt/airflow/dags/stocks_etl_dag.py","logger":"airflow.dag_processing.dagbag.BundleDagBag","filename":"dagbag.py","lineno":460}
{"timestamp":"2026-08-19T07:33:25.583557Z","level":"info","event":"Pyspark imported, version: 3.5.2","logger":"unusual_prefix_377e48747e3957bb035dd88b74b86ec1d0ec8c25_stocks_etl_dag","filename":"stocks_etl_dag.py","lineno":24}
{"timestamp":"2026-08-19T07:33:27.151277Z","level":"info","event":"ETL function imported succesfully!","logger":"unusual_prefix_377e48747e3957bb035dd88b74b86ec1d0ec8c25_stocks_etl_dag","filename":"stocks_etl_dag.py","lineno":32}
{"timestamp":"2026-08-19T07:33:27.158121Z","level":"info","event":"DAG loaded sucessfully!","logger":"unusual_prefix_377e48747e3957bb035dd88b74b86ec1d0ec8c25_stocks_etl_dag","filename":"stocks_etl_dag.py","lineno":103}
{"timestamp":"2026-08-19T07:33:58.186427Z","level":"info","event":"Filling up the DagBag from /opt/airflow/dags/stocks_etl_dag.py","logger":"airflow.dag_processing.dagbag.BundleDagBag","filename":"dagbag.py","lineno":460}
{"timestamp":"2026-08-19T07:33:58.548614Z","level":"info","event":"Pyspark imported, version: 3.5.2","logger":"unusual_prefix_377e48747e3957bb035dd88b74b86ec1d0ec8c25_stocks_etl_dag","filename":"stocks_etl_dag.py","lineno":24}
{"timestamp":"2026-08-19T07:34:00.125310Z","level":"info","event":"ETL function imported succesfully!","logger":"unusual_prefix_377e48747e3957bb035dd88b74b86ec1d0ec8c25_stocks_etl_dag","filename":"stocks_etl_dag.py","lineno":32}
{"timestamp":"2026-08-19T07:34:00.138421Z","level":"info","event":"DAG loaded sucessfully!","logger":"unusual_prefix_377e48747e3957bb035dd88b74b86ec1d0ec8c25_stocks_etl_dag","filename":"stocks_etl_dag.py","lineno":103}
{"timestamp":"2026-08-19T07:34:30.747265Z","level":"info","event":"Filling up the DagBag from /opt/airflow/dags/stocks_etl_dag.py","logger":"airflow.dag_processing.dagbag.BundleDagBag","filename":"dagbag.py","lineno":460}
{"timestamp":"2026-08-19T07:34:31.015396Z","level":"info","event":"Pyspark imported, version: 3.5.2","logger":"unusual_prefix_377e48747e3957bb035dd88b74b86ec1d0ec8c25_stocks_etl_dag","filename":"stocks_etl_dag.py","lineno":24}
{"timestamp":"2026-08-19T07:34:32.567871Z","level":"info","event":"ETL function imported succesfully!","logger":"unusual_prefix_377e48747e3957bb035dd88b74b86ec1d0ec8c25_stocks_etl_dag","filename":"stocks_etl_dag.py","lineno":32}
{"timestamp":"2026-08-19T07:34:32.578667Z","level":"info","event":"DAG loaded sucessfully!","logger":"unusual_prefix_377e48747e3957bb035dd88b74b86ec1d0ec8c25_stocks_etl_dag","filename":"stocks_etl_dag.py","lineno":103}
{"timestamp":"2026-08-19T07:35:03.277771Z","level":"info","event":"Filling up the DagBag from /opt/airflow/dags/stocks_etl_dag.py","logger":"airflow.dag_processing.dagbag.BundleDagBag","filename":"dagbag.py","lineno":460}
{"timestamp":"2026-08-19T07:35:03.885951Z","level":"info","event":"Pyspark imported, version: 3.5.2","logger":"unusual_prefix_377e48747e3957bb035dd88b74b86ec1d0ec8c25_stocks_etl_dag","filename":"stocks_etl_dag.py","lineno":24}
{"timestamp":"2026-08-19T07:35:05.816404Z","level":"info","event":"ETL function imported succesfully!","logger":"unusual_prefix_377e48747e3957bb035dd88b74b86ec1d0ec8c25_stocks_etl_dag","filename":"stocks_etl_dag.py","lineno":32}
{"timestamp":"2026-08-19T07:35:05.826878Z","level":"info","event":"DAG loaded sucessfully!","logger":"unusual_prefix_377e48747e3957bb035dd88b74b86ec1d0ec8c25_stocks_etl_dag","filename":"stocks_etl_dag.py","lineno":103}
{"timestamp":"2026-08-19T07:35:36.431234Z","level":"info","event":"Filling up the DagBag from /opt/airflow/dags/stocks_etl_dag.py","logger":"airflow.dag_processing.dagbag.BundleDagBag","filename":"dagbag.py","lineno":460}
{"timestamp":"2026-08-19T07:35:36.785568Z","level":"info","event":"Pyspark imported, version: 3.5.2","logger":"unusual_prefix_377e48747e3957bb035dd88b74b86ec1d0ec8c25_stocks_etl_dag","filename":"stocks_etl_dag.py","lineno":24}
{"timestamp":"2026-08-19T07:35:38.123540Z","level":"info","event":"ETL function imported succesfully!","logger":"unusual_prefix_377e48747e3957bb035dd88b74b86ec1d0ec8c25_stocks_etl_dag","filename":"stocks_etl_dag.py","lineno":32}
{"timestamp":"2026-08-19T07:35:38.131156Z","level":"info","event":"DAG loaded sucessfully!","logger":"unusual_prefix_377e48747e3957bb035dd88b74b86ec1d0ec8c25_stocks_etl_dag","filename":"stocks_etl_dag.py","lineno":103}
{"timestamp":"2026-08-19T07:36:08.824582Z","level":"info","event":"Filling up the DagBag from /opt/airflow/dags/stocks_etl_dag.py","logger":"airflow.dag_processing.dagbag.BundleDagBag","filename":"dagbag.py","lineno":460}
{"timestamp":"2026-08-19T07:36:09.022490Z","level":"info","event":"Pyspark imported, version: 3.5.2","logger":"unusual_prefix_377e48747e3957bb035dd88b74b86ec1d0ec8c25_stocks_etl_dag","filename":"stocks_etl_dag.py","lineno":24}
{"timestamp":"2026-08-19T07:36:09.998943Z","level":"info","event":"ETL function imported succesfully!","logger":"unusual_prefix_377e48747e3957bb035dd88b74b86ec1d0ec8c25_stocks_etl_dag","filename":"stocks_etl_dag.py","lineno":32}
{"timestamp":"2026-08-19T07:36:10.012676Z","level":"info","event":"DAG loaded sucessfully!","logger":"unusual_prefix_377e48747e3957bb035dd88b74b86ec1d0ec8c25_stocks_etl_dag","filename":"stocks_etl_dag.py","lineno":103}
{"timestamp":"2026-08-19T07:36:40.638639Z","level":"info","event":"Filling up the DagBag from /opt/airflow/dags/stocks_etl_dag.py","logger":"airflow.dag_processing.dagbag.BundleDagBag","filename":"dagbag.py","lineno":460}
{"timestamp":"2026-08-19T07:36:40.911944Z","level":"info","event":"Pyspark imported, version: 3.5.2","logger":"unusual_prefix_377e48747e3957bb035dd88b74b86ec1d0ec8c25_stocks_etl_dag","filename":"stocks_etl_dag.py","lineno":24}
{"timestamp":"2026-08-19T07:36:42.173189Z","level":"info","event":"ETL function imported succesfully!","logger":"unusual_prefix_377e48747e3957bb035dd88b74b86ec1d0ec8c25_stocks_etl_dag","filename":"stocks_etl_dag.py","lineno":32}
{"timestamp":"2026-08-19T07:36:42.180037Z","level":"info","event":"DAG loaded sucessfully!","logger":"unusual_prefix_377e48747e3957bb035dd88b74b86ec1d0ec8c25_stocks_etl_dag","filename":"stocks_etl_dag.py","lineno":103}
{"timestamp":"2026-08-19T07:37:13.179884Z","level":"info","event":"Filling up the DagBag from /opt/airflow/dags/stocks_etl_dag.py","logger":"airflow.dag_processing.dagbag.BundleDagBag","filename":"dagbag.py","lineno":460}
{"timestamp":"2026-08-19T07:37:15.122016Z","level":"info","event":"Pyspark imported, version: 3.5.2","logger":"unusual_prefix_377e48747e3957bb035dd88b74b86ec1d0ec8c25_stocks_etl_dag","filename":"stocks_etl_dag.py","lineno":24}
{"timestamp":"2026-08-19T07:37:16.985994Z","level":"info","event":"ETL function imported succesfully!","logger":"unusual_prefix_377e48747e3957bb035dd88b74b86ec1d0ec8c25_stocks_etl_dag","filename":"stocks_etl_dag.py","lineno":32}
{"timestamp":"2026-08-19T07:37:16.998430Z","level":"info","event":"DAG loaded sucessfully!","logger":"unusual_prefix_377e48747e3957bb035dd88b74b86ec1d0ec8c25_stocks_etl_dag","filename":"stocks_etl_dag.py","lineno":103}
{"timestamp":"2026-08-19T07:37:47.461863Z","level":"info","event":"Filling up the DagBag from /opt/airflow/dags/stocks_etl_dag.py","logger":"airflow.dag_processing.dagbag.BundleDagBag","filename":"dagbag.py","lineno":460}
{"timestamp":"2026-08-19T07:37:47.667376Z","level":"info","event":"Pyspark imported, version: 3.5.2","logger":"unusual_prefix_377e48747e3957bb035dd88b74b86ec1d0ec8c25_stocks_etl_dag","filename":"stocks_etl_dag.py","lineno":24}
{"timestamp":"2026-08-19T07:37:48.659288Z","level":"info","event":"ETL function imported succesfully!","logger":"unusual_prefix_377e48747e3957bb035dd88b74b86ec1d0ec8c25_stocks_etl_dag","filename":"stocks_etl_dag.py","lineno":32}
{"timestamp":"2026-08-19T07:37:48.665801Z","level":"info","event":"DAG loaded sucessfully!","logger":"unusual_prefix_377e48747e3957bb035dd88b74b86ec1d0ec8c25_stocks_etl_dag","filename":"stocks_etl_dag.py","lineno":103}
{"timestamp":"2026-08-19T07:38:19.103073Z","level":"info","event":"Filling up the DagBag from /opt/airflow/dags/stocks_etl_dag.py","logger":"airflow.dag_processing.dagbag.BundleDagBag","filename":"dagbag.py","lineno":460}
{"timestamp":"2026-08-19T07:38:19.327738Z","level":"info","event":"Pyspark imported, version: 3.5.2","logger":"unusual_prefix_377e48747e3957bb035dd88b74b86ec1d0ec8c25_stocks_etl_dag","filename":"stocks_etl_dag.py","lineno":24}
{"timestamp":"2026-08-19T07:38:20.231910Z","level":"info","event":"ETL function imported succesfully!","logger":"unusual_prefix_377e48747e3957bb035dd88b74b86ec1d0ec8c25_stocks_etl_dag","filename":"stocks_etl_dag.py","lineno":32}
{"timestamp":"2026-08-19T07:38:20.238171Z","level":"info","event":"DAG loaded sucessfully!","logger":"unusual_prefix_377e48747e3957bb035dd88b74b86ec1d0ec8c25_stocks_etl_dag","filename":"stocks_etl_dag.py","lineno":103}
{"timestamp":"2026-08-19T07:38:50.880340Z","level":"info","event":"Filling up the DagBag from /opt/airflow/dags/stocks_etl_dag.py","logger":"airflow.dag_processing.dagbag.BundleDagBag","filename":"dagbag.py","lineno":460}
{"timestamp":"2026-08-19T07:38:51.113046Z","level":"info","event":"Pyspark imported, version: 3.5.2","logger":"unusual_prefix_377e48747e3957bb035dd88b74b86ec1d0ec8c25_stocks_etl_dag","filename":"stocks_etl_dag.py","lineno":24}
{"timestamp":"2026-08-19T07:38:52.372762Z","level":"info","event":"ETL function imported succesfully!","logger":"unusual_prefix_377e48747e3957bb035dd88b74b86ec1d0ec8c25_stocks_etl_dag","filename":"stocks_etl_dag.py","lineno":32}
{"timestamp":"2026-08-19T07:38:52.382174Z","level":"info","event":"DAG loaded sucessfully!","logger":"unusual_prefix_377e48747e3957bb035dd88b74b86ec1d0ec8c25_stocks_etl_dag","filename":"stocks_etl_dag.py","lineno":103}
{"timestamp":"2026-08-19T07:39:22.849983Z","level":"info","event":"Filling up the DagBag from /opt/airflow/dags/stocks_etl_dag.py","logger":"airflow.dag_processing.dagbag.BundleDagBag","filename":"dagbag.py","lineno":460}
{"timestamp":"2026-08-19T07:39:23.178427Z","level":"info","event":"Pyspark imported, version: 3.5.2","logger":"unusual_prefix_377e48747e3957bb035dd88b74b86ec1d0ec8c25_stocks_etl_dag","filename":"stocks_etl_dag.py","lineno":24}
{"timestamp":"2026-08-19T07:39:24.982801Z","level":"info","event":"ETL function imported succesfully!","logger":"unusual_prefix_377e48747e3957bb035dd88b74b86ec1d0ec8c25_stocks_etl_dag","filename":"stocks_etl_dag.py","lineno":32}
{"timestamp":"2026-08-19T07:39:24.995841Z","level":"info","event":"DAG loaded sucessfully!","logger":"unusual_prefix_377e48747e3957bb035dd88b74b86ec1d0ec8c25_stocks_etl_dag","filename":"stocks_etl_dag.py","lineno":103}
{"timestamp":"2026-08-19T07:39:55.487347Z","level":"info","event":"Filling up the DagBag from /opt/airflow/dags/stocks_etl_dag.py","logger":"airflow.dag_processing.dagbag.BundleDagBag","filename":"dagbag.py","lineno":460}
{"timestamp":"2026-08-19T07:39:55.689635Z","level":"info","event":"Pyspark imported, version: 3.5.2","logger":"unusual_prefix_377e48747e3957bb035dd88b74b86ec1d0ec8c25_stocks_etl_dag","filename":"stocks_etl_dag.py","lineno":24}
{"timestamp":"2026-08-19T07:39:56.466635Z","level":"info","event":"ETL function imported succesfully!","logger":"unusual_prefix_377e48747e3957bb035dd88b74b86ec1d0ec8c25_stocks_etl_dag","filename":"stocks_etl_dag.py","lineno":32}
{"timestamp":"2026-08-19T07:39:56.471182Z","level":"info","event":"DAG loaded sucessfully!","logger":"unusual_prefix_377e48747e3957bb035dd88b74b86ec1d0ec8c25_stocks_etl_dag","filename":"stocks_etl_dag.py","lineno":103}
{"timestamp":"2026-08-19T07:40:27.142599Z","level":"info","event":"Filling up the DagBag from /opt/airflow/dags/stocks_etl_dag.py","logger":"airflow.dag_processing.dagbag.BundleDagBag","filename":"dagbag.py","lineno":460}
{"timestamp":"2026-08-19T07:40:27.379150Z","level":"info","event":"Pyspark imported, version: 3.5.2","logger":"unusual_prefix_377e48747e3957bb035dd88b74b86ec1d0ec8c25_stocks_etl_dag","filename":"stocks_etl_dag.py","lineno":24}
{"timestamp":"2026-08-19T07:40:28.428276Z","level":"info","event":"ETL function imported succesfully!","logger":"unusual_prefix_377e48747e3957bb035dd88b74b86ec1d0ec8c25_stocks_etl_dag","filename":"stocks_etl_dag.py","lineno":32}
{"timestamp":"2026-08-19T07:40:28.433626Z","level":"info","event":"DAG loaded sucessfully!","logger":"unusual_prefix_377e48747e3957bb035dd88b74b86ec1d0ec8c25_stocks_etl_dag","filename":"stocks_etl_dag.py","lineno":103}
{"timestamp":"2026-08-19T07:40:58.933937Z","level":"info","event":"Filling up the DagBag from /opt/airflow/dags/stocks_etl_dag.py","logger":"airflow.dag_processing.dagbag.BundleDagBag","filename":"dagbag.py","lineno":460}
{"timestamp":"2026-08-19T07:40:59.199374Z","level":"info","event":"Pyspark imported, version: 3.5.2","logger":"unusual_prefix_377e48747e3957bb035dd88b74b86ec1d0ec8c25_stocks_etl_dag","filename":"stocks_etl_dag.py","lineno":24}
{"timestamp":"2026-08-19T07:41:00.540597Z","level":"info","event":"ETL function imported succesfully!","logger":"unusual_prefix_377e48747e3957bb035dd88b74b86ec1d0ec8c25_stocks_etl_dag","filename":"stocks_etl_dag.py","lineno":32}
{"timestamp":"2026-08-19T07:41:00.551960Z","level":"info","event":"DAG loaded sucessfully!","logger":"unusual_prefix_377e48747e3957bb035dd88b74b86ec1d0ec8c25_stocks_etl_dag","filename":"stocks_etl_dag.py","lineno":103}
{"timestamp":"2026-08-19T07:41:30.999820Z","level":"info","event":"Filling up the DagBag from /opt/airflow/dags/stocks_etl_dag.py","logger":"airflow.dag_processing.dagbag.BundleDagBag","filename":"dagbag.py","lineno":460}
{"timestamp":"2026-08-19T07:41:31.278154Z","level":"info","event":"Pyspark imported, version: 3.5.2","logger":"unusual_prefix_377e48747e3957bb035dd88b74b86ec1d0ec8c25_stocks_etl_dag","filename":"stocks_etl_dag.py","lineno":24}
{"timestamp":"2026-08-19T07:41:32.501560Z","level":"info","event":"ETL function imported succesfully!","logger":"unusual_prefix_377e48747e3957bb035dd88b74b86ec1d0ec8c25_stocks_etl_dag","filename":"stocks_etl_dag.py","lineno":32}
{"timestamp":"2026-08-19T07:41:32.509367Z","level":"info","event":"DAG loaded sucessfully!","logger":"unusual_prefix_377e48747e3957bb035dd88b74b86ec1d0ec8c25_stocks_etl_dag","filename":"stocks_etl_dag.py","lineno":103}
{"timestamp":"2026-08-19T07:42:02.954131Z","level":"info","event":"Filling up the DagBag from /opt/airflow/dags/stocks_etl_dag.py","logger":"airflow.dag_processing.dagbag.BundleDagBag","filename":"dagbag.py","lineno":460}
{"timestamp":"2026-08-19T07:42:03.295232Z","level":"info","event":"Pyspark imported, version: 3.5.2","logger":"unusual_prefix_377e48747e3957bb035dd88b74b86ec1d0ec8c25_stocks_etl_dag","filename":"stocks_etl_dag.py","lineno":24}
{"timestamp":"2026-08-19T07:42:04.794710Z","level":"info","event":"ETL function imported succesfully!","logger":"unusual_prefix_377e48747e3957bb035dd88b74b86ec1d0ec8c25_stocks_etl_dag","filename":"stocks_etl_dag.py","lineno":32}
{"timestamp":"2026-08-19T07:42:04.802432Z","level":"info","event":"DAG loaded sucessfully!","logger":"unusual_prefix_377e48747e3957bb035dd88b74b86ec1d0ec8c25_stocks_etl_dag","filename":"stocks_etl_dag.py","lineno":103}
{"timestamp":"2026-08-19T07:42:35.628092Z","level":"info","event":"Filling up the DagBag from /opt/airflow/dags/stocks_etl_dag.py","logger":"airflow.dag_processing.dagbag.BundleDagBag","filename":"dagbag.py","lineno":460}
{"timestamp":"2026-08-19T07:42:36.396400Z","level":"info","event":"Pyspark imported, version: 3.5.2","logger":"unusual_prefix_377e48747e3957bb035dd88b74b86ec1d0ec8c25_stocks_etl_dag","filename":"stocks_etl_dag.py","lineno":24}
{"timestamp":"2026-08-19T07:42:38.060592Z","level":"info","event":"ETL function imported succesfully!","logger":"unusual_prefix_377e48747e3957bb035dd88b74b86ec1d0ec8c25_stocks_etl_dag","filename":"stocks_etl_dag.py","lineno":32}
{"timestamp":"2026-08-19T07:42:38.069768Z","level":"info","event":"DAG loaded sucessfully!","logger":"unusual_prefix_377e48747e3957bb035dd88b74b86ec1d0ec8c25_stocks_etl_dag","filename":"stocks_etl_dag.py","lineno":103}
{"timestamp":"2026-08-19T07:43:08.840546Z","level":"info","event":"Filling up the DagBag from /opt/airflow/dags/stocks_etl_dag.py","logger":"airflow.dag_processing.dagbag.BundleDagBag","filename":"dagbag.py","lineno":460}
{"timestamp":"2026-08-19T07:43:09.080693Z","level":"info","event":"Pyspark imported, version: 3.5.2","logger":"unusual_prefix_377e48747e3957bb035dd88b74b86ec1d0ec8c25_stocks_etl_dag","filename":"stocks_etl_dag.py","lineno":24}
{"timestamp":"2026-08-19T07:43:10.348733Z","level":"info","event":"ETL function imported succesfully!","logger":"unusual_prefix_377e48747e3957bb035dd88b74b86ec1d0ec8c25_stocks_etl_dag","filename":"stocks_etl_dag.py","lineno":32}
{"timestamp":"2026-08-19T07:43:10.358312Z","level":"info","event":"DAG loaded sucessfully!","logger":"unusual_prefix_377e48747e3957bb035dd88b74b86ec1d0ec8c25_stocks_etl_dag","filename":"stocks_etl_dag.py","lineno":103}
{"timestamp":"2026-08-19T07:43:40.837728Z","level":"info","event":"Filling up the DagBag from /opt/airflow/dags/stocks_etl_dag.py","logger":"airflow.dag_processing.dagbag.BundleDagBag","filename":"dagbag.py","lineno":460}
{"timestamp":"2026-08-19T07:43:41.152021Z","level":"info","event":"Pyspark imported, version: 3.5.2","logger":"unusual_prefix_377e48747e3957bb035dd88b74b86ec1d0ec8c25_stocks_etl_dag","filename":"stocks_etl_dag.py","lineno":24}
{"timestamp":"2026-08-19T07:43:42.530310Z","level":"info","event":"ETL function imported succesfully!","logger":"unusual_prefix_377e48747e3957bb035dd88b74b86ec1d0ec8c25_stocks_etl_dag","filename":"stocks_etl_dag.py","lineno":32}
{"timestamp":"2026-08-19T07:43:42.537186Z","level":"info","event":"DAG loaded sucessfully!","logger":"unusual_prefix_377e48747e3957bb035dd88b74b86ec1d0ec8c25_stocks_etl_dag","filename":"stocks_etl_dag.py","lineno":103}
{"timestamp":"2026-08-19T07:44:13.174413Z","level":"info","event":"Filling up the DagBag from /opt/airflow/dags/stocks_etl_dag.py","logger":"airflow.dag_processing.dagbag.BundleDagBag","filename":"dagbag.py","lineno":460}
{"timestamp":"2026-08-19T07:44:13.376644Z","level":"info","event":"Pyspark imported, version: 3.5.2","logger":"unusual_prefix_377e48747e3957bb035dd88b74b86ec1d0ec8c25_stocks_etl_dag","filename":"stocks_etl_dag.py","lineno":24}
{"timestamp":"2026-08-19T07:44:14.381227Z","level":"info","event":"ETL function imported succesfully!","logger":"unusual_prefix_377e48747e3957bb035dd88b74b86ec1d0ec8c25_stocks_etl_dag","filename":"stocks_etl_dag.py","lineno":32}
{"timestamp":"2026-08-19T07:44:14.386462Z","level":"info","event":"DAG loaded sucessfully!","logger":"unusual_prefix_377e48747e3957bb035dd88b74b86ec1d0ec8c25_stocks_etl_dag","filename":"stocks_etl_dag.py","lineno":103}
{"timestamp":"2026-08-19T07:44:44.919861Z","level":"info","event":"Filling up the DagBag from /opt/airflow/dags/stocks_etl_dag.py","logger":"airflow.dag_processing.dagbag.BundleDagBag","filename":"dagbag.py","lineno":460}
{"timestamp":"2026-08-19T07:44:45.260001Z","level":"info","event":"Pyspark imported, version: 3.5.2","logger":"unusual_prefix_377e48747e3957bb035dd88b74b86ec1d0ec8c25_stocks_etl_dag","filename":"stocks_etl_dag.py","lineno":24}
{"timestamp":"2026-08-19T07:44:46.814077Z","level":"info","event":"ETL function imported succesfully!","logger":"unusual_prefix_377e48747e3957bb035dd88b74b86ec1d0ec8c25_stocks_etl_dag","filename":"stocks_etl_dag.py","lineno":32}
{"timestamp":"2026-08-19T07:44:46.823079Z","level":"info","event":"DAG loaded sucessfully!","logger":"unusual_prefix_377e48747e3957bb035dd88b74b86ec1d0ec8c25_stocks_etl_dag","filename":"stocks_etl_dag.py","lineno":103}
{"timestamp":"2026-08-19T07:45:17.280093Z","level":"info","event":"Filling up the DagBag from /opt/airflow/dags/stocks_etl_dag.py","logger":"airflow.dag_processing.dagbag.BundleDagBag","filename":"dagbag.py","lineno":460}
{"timestamp":"2026-08-19T07:45:17.627528Z","level":"info","event":"Pyspark imported, version: 3.5.2","logger":"unusual_prefix_377e48747e3957bb035dd88b74b86ec1d0ec8c25_stocks_etl_dag","filename":"stocks_etl_dag.py","lineno":24}
{"timestamp":"2026-08-19T07:45:19.609533Z","level":"info","event":"ETL function imported succesfully!","logger":"unusual_prefix_377e48747e3957bb035dd88b74b86ec1d0ec8c25_stocks_etl_dag","filename":"stocks_etl_dag.py","lineno":32}
{"timestamp":"2026-08-19T07:45:19.618527Z","level":"info","event":"DAG loaded sucessfully!","logger":"unusual_prefix_377e48747e3957bb035dd88b74b86ec1d0ec8c25_stocks_etl_dag","filename":"stocks_etl_dag.py","lineno":103}
{"timestamp":"2026-08-19T07:45:50.162831Z","level":"info","event":"Filling up the DagBag from /opt/airflow/dags/stocks_etl_dag.py","logger":"airflow.dag_processing.dagbag.BundleDagBag","filename":"dagbag.py","lineno":460}
{"timestamp":"2026-08-19T07:45:50.356581Z","level":"info","event":"Pyspark imported, version: 3.5.2","logger":"unusual_prefix_377e48747e3957bb035dd88b74b86ec1d0ec8c25_stocks_etl_dag","filename":"stocks_etl_dag.py","lineno":24}
{"timestamp":"2026-08-19T07:45:51.255062Z","level":"info","event":"ETL function imported succesfully!","logger":"unusual_prefix_377e48747e3957bb035dd88b74b86ec1d0ec8c25_stocks_etl_dag","filename":"stocks_etl_dag.py","lineno":32}
{"timestamp":"2026-08-19T07:45:51.260231Z","level":"info","event":"DAG loaded sucessfully!","logger":"unusual_prefix_377e48747e3957bb035dd88b74b86ec1d0ec8c25_stocks_etl_dag","filename":"stocks_etl_dag.py","lineno":103}
{"timestamp":"2026-08-19T07:46:21.671876Z","level":"info","event":"Filling up the DagBag from /opt/airflow/dags/stocks_etl_dag.py","logger":"airflow.dag_processing.dagbag.BundleDagBag","filename":"dagbag.py","lineno":460}
{"timestamp":"2026-08-19T07:46:21.833553Z","level":"info","event":"Pyspark imported, version: 3.5.2","logger":"unusual_prefix_377e48747e3957bb035dd88b74b86ec1d0ec8c25_stocks_etl_dag","filename":"stocks_etl_dag.py","lineno":24}
{"timestamp":"2026-08-19T07:46:22.600213Z","level":"info","event":"ETL function imported succesfully!","logger":"unusual_prefix_377e48747e3957bb035dd88b74b86ec1d0ec8c25_stocks_etl_dag","filename":"stocks_etl_dag.py","lineno":32}
{"timestamp":"2026-08-19T07:46:22.604908Z","level":"info","event":"DAG loaded sucessfully!","logger":"unusual_prefix_377e48747e3957bb035dd88b74b86ec1d0ec8c25_stocks_etl_dag","filename":"stocks_etl_dag.py","lineno":103}
{"timestamp":"2026-08-19T07:46:53.034330Z","level":"info","event":"Filling up the DagBag from /opt/airflow/dags/stocks_etl_dag.py","logger":"airflow.dag_processing.dagbag.BundleDagBag","filename":"dagbag.py","lineno":460}
{"timestamp":"2026-08-19T07:46:53.307810Z","level":"info","event":"Pyspark imported, version: 3.5.2","logger":"unusual_prefix_377e48747e3957bb035dd88b74b86ec1d0ec8c25_stocks_etl_dag","filename":"stocks_etl_dag.py","lineno":24}
{"timestamp":"2026-08-19T07:46:54.734241Z","level":"info","event":"ETL function imported succesfully!","logger":"unusual_prefix_377e48747e3957bb035dd88b74b86ec1d0ec8c25_stocks_etl_dag","filename":"stocks_etl_dag.py","lineno":32}
{"timestamp":"2026-08-19T07:46:54.740704Z","level":"info","event":"DAG loaded sucessfully!","logger":"unusual_prefix_377e48747e3957bb035dd88b74b86ec1d0ec8c25_stocks_etl_dag","filename":"stocks_etl_dag.py","lineno":103}
{"timestamp":"2026-08-19T07:47:25.310202Z","level":"info","event":"Filling up the DagBag from /opt/airflow/dags/stocks_etl_dag.py","logger":"airflow.dag_processing.dagbag.BundleDagBag","filename":"dagbag.py","lineno":460}
{"timestamp":"2026-08-19T07:47:25.523445Z","level":"info","event":"Pyspark imported, version: 3.5.2","logger":"unusual_prefix_377e48747e3957bb035dd88b74b86ec1d0ec8c25_stocks_etl_dag","filename":"stocks_etl_dag.py","lineno":24}
{"timestamp":"2026-08-19T07:47:26.631967Z","level":"info","event":"ETL function imported succesfully!","logger":"unusual_prefix_377e48747e3957bb035dd88b74b86ec1d0ec8c25_stocks_etl_dag","filename":"stocks_etl_dag.py","lineno":32}
{"timestamp":"2026-08-19T07:47:26.638767Z","level":"info","event":"DAG loaded sucessfully!","logger":"unusual_prefix_377e48747e3957bb035dd88b74b86ec1d0ec8c25_stocks_etl_dag","filename":"stocks_etl_dag.py","lineno":103}
{"timestamp":"2026-08-19T07:47:57.082213Z","level":"info","event":"Filling up the DagBag from /opt/airflow/dags/stocks_etl_dag.py","logger":"airflow.dag_processing.dagbag.BundleDagBag","filename":"dagbag.py","lineno":460}
{"timestamp":"2026-08-19T07:47:57.331477Z","level":"info","event":"Pyspark imported, version: 3.5.2","logger":"unusual_prefix_377e48747e3957bb035dd88b74b86ec1d0ec8c25_stocks_etl_dag","filename":"stocks_etl_dag.py","lineno":24}
{"timestamp":"2026-08-19T07:47:58.415204Z","level":"info","event":"ETL function imported succesfully!","logger":"unusual_prefix_377e48747e3957bb035dd88b74b86ec1d0ec8c25_stocks_etl_dag","filename":"stocks_etl_dag.py","lineno":32}
{"timestamp":"2026-08-19T07:47:58.420799Z","level":"info","event":"DAG loaded sucessfully!","logger":"unusual_prefix_377e48747e3957bb035dd88b74b86ec1d0ec8c25_stocks_etl_dag","filename":"stocks_etl_dag.py","lineno":103}
{"timestamp":"2026-08-19T07:48:28.948300Z","level":"info","event":"Filling up the DagBag from /opt/airflow/dags/stocks_etl_dag.py","logger":"airflow.dag_processing.dagbag.BundleDagBag","filename":"dagbag.py","lineno":460}
{"timestamp":"2026-08-19T07:48:29.307738Z","level":"info","event":"Pyspark imported, version: 3.5.2","logger":"unusual_prefix_377e48747e3957bb035dd88b74b86ec1d0ec8c25_stocks_etl_dag","filename":"stocks_etl_dag.py","lineno":24}
{"timestamp":"2026-08-19T07:48:30.604006Z","level":"info","event":"ETL function imported succesfully!","logger":"unusual_prefix_377e48747e3957bb035dd88b74b86ec1d0ec8c25_stocks_etl_dag","filename":"stocks_etl_dag.py","lineno":32}
{"timestamp":"2026-08-19T07:48:30.617818Z","level":"info","event":"DAG loaded sucessfully!","logger":"unusual_prefix_377e48747e3957bb035dd88b74b86ec1d0ec8c25_stocks_etl_dag","filename":"stocks_etl_dag.py","lineno":103}
{"timestamp":"2026-08-19T07:49:01.276352Z","level":"info","event":"Filling up the DagBag from /opt/airflow/dags/stocks_etl_dag.py","logger":"airflow.dag_processing.dagbag.BundleDagBag","filename":"dagbag.py","lineno":460}
{"timestamp":"2026-08-19T07:49:01.557763Z","level":"info","event":"Pyspark imported, version: 3.5.2","logger":"unusual_prefix_377e48747e3957bb035dd88b74b86ec1d0ec8c25_stocks_etl_dag","filename":"stocks_etl_dag.py","lineno":24}
{"timestamp":"2026-08-19T07:49:02.679218Z","level":"info","event":"ETL function imported succesfully!","logger":"unusual_prefix_377e48747e3957bb035dd88b74b86ec1d0ec8c25_stocks_etl_dag","filename":"stocks_etl_dag.py","lineno":32}
{"timestamp":"2026-08-19T07:49:02.687713Z","level":"info","event":"DAG loaded sucessfully!","logger":"unusual_prefix_377e48747e3957bb035dd88b74b86ec1d0ec8c25_stocks_etl_dag","filename":"stocks_etl_dag.py","lineno":103}
{"timestamp":"2026-08-19T07:49:33.136470Z","level":"info","event":"Filling up the DagBag from /opt/airflow/dags/stocks_etl_dag.py","logger":"airflow.dag_processing.dagbag.BundleDagBag","filename":"dagbag.py","lineno":460}
{"timestamp":"2026-08-19T07:49:33.372317Z","level":"info","event":"Pyspark imported, version: 3.5.2","logger":"unusual_prefix_377e48747e3957bb035dd88b74b86ec1d0ec8c25_stocks_etl_dag","filename":"stocks_etl_dag.py","lineno":24}
{"timestamp":"2026-08-19T07:49:34.419451Z","level":"info","event":"ETL function imported succesfully!","logger":"unusual_prefix_377e48747e3957bb035dd88b74b86ec1d0ec8c25_stocks_etl_dag","filename":"stocks_etl_dag.py","lineno":32}
{"timestamp":"2026-08-19T07:49:34.427646Z","level":"info","event":"DAG loaded sucessfully!","logger":"unusual_prefix_377e48747e3957bb035dd88b74b86ec1d0ec8c25_stocks_etl_dag","filename":"stocks_etl_dag.py","lineno":103}
{"timestamp":"2026-08-19T07:50:04.885382Z","level":"info","event":"Filling up the DagBag from /opt/airflow/dags/stocks_etl_dag.py","logger":"airflow.dag_processing.dagbag.BundleDagBag","filename":"dagbag.py","lineno":460}
{"timestamp":"2026-08-19T07:50:05.195726Z","level":"info","event":"Pyspark imported, version: 3.5.2","logger":"unusual_prefix_377e48747e3957bb035dd88b74b86ec1d0ec8c25_stocks_etl_dag","filename":"stocks_etl_dag.py","lineno":24}
{"timestamp":"2026-08-19T07:50:06.407120Z","level":"info","event":"ETL function imported succesfully!","logger":"unusual_prefix_377e48747e3957bb035dd88b74b86ec1d0ec8c25_stocks_etl_dag","filename":"stocks_etl_dag.py","lineno":32}
{"timestamp":"2026-08-19T07:50:06.413829Z","level":"info","event":"DAG loaded sucessfully!","logger":"unusual_prefix_377e48747e3957bb035dd88b74b86ec1d0ec8c25_stocks_etl_dag","filename":"stocks_etl_dag.py","lineno":103}
{"timestamp":"2026-08-19T07:50:37.052450Z","level":"info","event":"Filling up the DagBag from /opt/airflow/dags/stocks_etl_dag.py","logger":"airflow.dag_processing.dagbag.BundleDagBag","filename":"dagbag.py","lineno":460}
{"timestamp":"2026-08-19T07:50:37.345524Z","level":"info","event":"Pyspark imported, version: 3.5.2","logger":"unusual_prefix_377e48747e3957bb035dd88b74b86ec1d0ec8c25_stocks_etl_dag","filename":"stocks_etl_dag.py","lineno":24}
{"timestamp":"2026-08-19T07:50:38.506883Z","level":"info","event":"ETL function imported succesfully!","logger":"unusual_prefix_377e48747e3957bb035dd88b74b86ec1d0ec8c25_stocks_etl_dag","filename":"stocks_etl_dag.py","lineno":32}
{"timestamp":"2026-08-19T07:50:38.513977Z","level":"info","event":"DAG loaded sucessfully!","logger":"unusual_prefix_377e48747e3957bb035dd88b74b86ec1d0ec8c25_stocks_etl_dag","filename":"stocks_etl_dag.py","lineno":103}
{"timestamp":"2026-08-19T07:51:08.794635Z","level":"info","event":"Filling up the DagBag from /opt/airflow/dags/stocks_etl_dag.py","logger":"airflow.dag_processing.dagbag.BundleDagBag","filename":"dagbag.py","lineno":460}
{"timestamp":"2026-08-19T07:51:09.051854Z","level":"info","event":"Pyspark imported, version: 3.5.2","logger":"unusual_prefix_377e48747e3957bb035dd88b74b86ec1d0ec8c25_stocks_etl_dag","filename":"stocks_etl_dag.py","lineno":24}
{"timestamp":"2026-08-19T07:51:09.739460Z","level":"info","event":"ETL function imported succesfully!","logger":"unusual_prefix_377e48747e3957bb035dd88b74b86ec1d0ec8c25_stocks_etl_dag","filename":"stocks_etl_dag.py","lineno":32}
{"timestamp":"2026-08-19T07:51:09.743244Z","level":"info","event":"DAG loaded sucessfully!","logger":"unusual_prefix_377e48747e3957bb035dd88b74b86ec1d0ec8c25_stocks_etl_dag","filename":"stocks_etl_dag.py","lineno":103}
{"timestamp":"2026-08-19T07:51:40.498805Z","level":"info","event":"Filling up the DagBag from /opt/airflow/dags/stocks_etl_dag.py","logger":"airflow.dag_processing.dagbag.BundleDagBag","filename":"dagbag.py","lineno":460}
{"timestamp":"2026-08-19T07:51:40.806526Z","level":"info","event":"Pyspark imported, version: 3.5.2","logger":"unusual_prefix_377e48747e3957bb035dd88b74b86ec1d0ec8c25_stocks_etl_dag","filename":"stocks_etl_dag.py","lineno":24}
{"timestamp":"2026-08-19T07:51:42.003037Z","level":"info","event":"ETL function imported succesfully!","logger":"unusual_prefix_377e48747e3957bb035dd88b74b86ec1d0ec8c25_stocks_etl_dag","filename":"stocks_etl_dag.py","lineno":32}
{"timestamp":"2026-08-19T07:51:42.011610Z","level":"info","event":"DAG loaded sucessfully!","logger":"unusual_prefix_377e48747e3957bb035dd88b74b86ec1d0ec8c25_stocks_etl_dag","filename":"stocks_etl_dag.py","lineno":103}
{"timestamp":"2026-08-19T07:52:12.725076Z","level":"info","event":"Filling up the DagBag from /opt/airflow/dags/stocks_etl_dag.py","logger":"airflow.dag_processing.dagbag.BundleDagBag","filename":"dagbag.py","lineno":460}
{"timestamp":"2026-08-19T07:52:13.010379Z","level":"info","event":"Pyspark imported, version: 3.5.2","logger":"unusual_prefix_377e48747e3957bb035dd88b74b86ec1d0ec8c25_stocks_etl_dag","filename":"stocks_etl_dag.py","lineno":24}
{"timestamp":"2026-08-19T07:52:14.373413Z","level":"info","event":"ETL function imported succesfully!","logger":"unusual_prefix_377e48747e3957bb035dd88b74b86ec1d0ec8c25_stocks_etl_dag","filename":"stocks_etl_dag.py","lineno":32}
{"timestamp":"2026-08-19T07:52:14.381044Z","level":"info","event":"DAG loaded sucessfully!","logger":"unusual_prefix_377e48747e3957bb035dd88b74b86ec1d0ec8c25_stocks_etl_dag","filename":"stocks_etl_dag.py","lineno":103}
{"timestamp":"2026-08-19T07:52:44.753103Z","level":"info","event":"Filling up the DagBag from /opt/airflow/dags/stocks_etl_dag.py","logger":"airflow.dag_processing.dagbag.BundleDagBag","filename":"dagbag.py","lineno":460}
{"timestamp":"2026-08-19T07:52:44.973137Z","level":"info","event":"Pyspark imported, version: 3.5.2","logger":"unusual_prefix_377e48747e3957bb035dd88b74b86ec1d0ec8c25_stocks_etl_dag","filename":"stocks_etl_dag.py","lineno":24}
{"timestamp":"2026-08-19T07:52:46.117583Z","level":"info","event":"ETL function imported succesfully!","logger":"unusual_prefix_377e48747e3957bb035dd88b74b86ec1d0ec8c25_stocks_etl_dag","filename":"stocks_etl_dag.py","lineno":32}
{"timestamp":"2026-08-19T07:52:46.126642Z","level":"info","event":"DAG loaded sucessfully!","logger":"unusual_prefix_377e48747e3957bb035dd88b74b86ec1d0ec8c25_stocks_etl_dag","filename":"stocks_etl_dag.py","lineno":103}
{"timestamp":"2026-08-19T07:53:16.347444Z","level":"info","event":"Filling up the DagBag from /opt/airflow/dags/stocks_etl_dag.py","logger":"airflow.dag_processing.dagbag.BundleDagBag","filename":"dagbag.py","lineno":460}
{"timestamp":"2026-08-19T07:53:16.647556Z","level":"info","event":"Pyspark imported, version: 3.5.2","logger":"unusual_prefix_377e48747e3957bb035dd88b74b86ec1d0ec8c25_stocks_etl_dag","filename":"stocks_etl_dag.py","lineno":24}
{"timestamp":"2026-08-19T07:53:17.620613Z","level":"info","event":"ETL function imported succesfully!","logger":"unusual_prefix_377e48747e3957bb035dd88b74b86ec1d0ec8c25_stocks_etl_dag","filename":"stocks_etl_dag.py","lineno":32}
{"timestamp":"2026-08-19T07:53:17.625675Z","level":"info","event":"DAG loaded sucessfully!","logger":"unusual_prefix_377e48747e3957bb035dd88b74b86ec1d0ec8c25_stocks_etl_dag","filename":"stocks_etl_dag.py","lineno":103}
{"timestamp":"2026-08-19T07:53:48.272912Z","level":"info","event":"Filling up the DagBag from /opt/airflow/dags/stocks_etl_dag.py","logger":"airflow.dag_processing.dagbag.BundleDagBag","filename":"dagbag.py","lineno":460}
{"timestamp":"2026-08-19T07:53:48.613891Z","level":"info","event":"Pyspark imported, version: 3.5.2","logger":"unusual_prefix_377e48747e3957bb035dd88b74b86ec1d0ec8c25_stocks_etl_dag","filename":"stocks_etl_dag.py","lineno":24}
{"timestamp":"2026-08-19T07:53:49.750352Z","level":"info","event":"ETL function imported succesfully!","logger":"unusual_prefix_377e48747e3957bb035dd88b74b86ec1d0ec8c25_stocks_etl_dag","filename":"stocks_etl_dag.py","lineno":32}
{"timestamp":"2026-08-19T07:53:49.758143Z","level":"info","event":"DAG loaded sucessfully!","logger":"unusual_prefix_377e48747e3957bb035dd88b74b86ec1d0ec8c25_stocks_etl_dag","filename":"stocks_etl_dag.py","lineno":103}
{"timestamp":"2026-08-19T07:54:20.249685Z","level":"info","event":"Filling up the DagBag from /opt/airflow/dags/stocks_etl_dag.py","logger":"airflow.dag_processing.dagbag.BundleDagBag","filename":"dagbag.py","lineno":460}
{"timestamp":"2026-08-19T07:54:20.431105Z","level":"info","event":"Pyspark imported, version: 3.5.2","logger":"unusual_prefix_377e48747e3957bb035dd88b74b86ec1d0ec8c25_stocks_etl_dag","filename":"stocks_etl_dag.py","lineno":24}
{"timestamp":"2026-08-19T07:54:21.361241Z","level":"info","event":"ETL function imported succesfully!","logger":"unusual_prefix_377e48747e3957bb035dd88b74b86ec1d0ec8c25_stocks_etl_dag","filename":"stocks_etl_dag.py","lineno":32}
{"timestamp":"2026-08-19T07:54:21.367833Z","level":"info","event":"DAG loaded sucessfully!","logger":"unusual_prefix_377e48747e3957bb035dd88b74b86ec1d0ec8c25_stocks_etl_dag","filename":"stocks_etl_dag.py","lineno":103}
{"timestamp":"2026-08-19T07:54:51.527471Z","level":"info","event":"Filling up the DagBag from /opt/airflow/dags/stocks_etl_dag.py","logger":"airflow.dag_processing.dagbag.BundleDagBag","filename":"dagbag.py","lineno":460}
{"timestamp":"2026-08-19T07:54:51.856596Z","level":"info","event":"Pyspark imported, version: 3.5.2","logger":"unusual_prefix_377e48747e3957bb035dd88b74b86ec1d0ec8c25_stocks_etl_dag","filename":"stocks_etl_dag.py","lineno":24}
{"timestamp":"2026-08-19T07:54:53.255742Z","level":"info","event":"ETL function imported succesfully!","logger":"unusual_prefix_377e48747e3957bb035dd88b74b86ec1d0ec8c25_stocks_etl_dag","filename":"stocks_etl_dag.py","lineno":32}
{"timestamp":"2026-08-19T07:54:53.262731Z","level":"info","event":"DAG loaded sucessfully!","logger":"unusual_prefix_377e48747e3957bb035dd88b74b86ec1d0ec8c25_stocks_etl_dag","filename":"stocks_etl_dag.py","lineno":103}
{"timestamp":"2026-08-19T07:55:24.116208Z","level":"info","event":"Filling up the DagBag from /opt/airflow/dags/stocks_etl_dag.py","logger":"airflow.dag_processing.dagbag.BundleDagBag","filename":"dagbag.py","lineno":460}
{"timestamp":"2026-08-19T07:55:24.379278Z","level":"info","event":"Pyspark imported, version: 3.5.2","logger":"unusual_prefix_377e48747e3957bb035dd88b74b86ec1d0ec8c25_stocks_etl_dag","filename":"stocks_etl_dag.py","lineno":24}
{"timestamp":"2026-08-19T07:55:25.128736Z","level":"info","event":"ETL function imported succesfully!","logger":"unusual_prefix_377e48747e3957bb035dd88b74b86ec1d0ec8c25_stocks_etl_dag","filename":"stocks_etl_dag.py","lineno":32}
{"timestamp":"2026-08-19T07:55:25.134828Z","level":"info","event":"DAG loaded sucessfully!","logger":"unusual_prefix_377e48747e3957bb035dd88b74b86ec1d0ec8c25_stocks_etl_dag","filename":"stocks_etl_dag.py","lineno":103}
{"timestamp":"2026-08-19T07:55:55.614626Z","level":"info","event":"Filling up the DagBag from /opt/airflow/dags/stocks_etl_dag.py","logger":"airflow.dag_processing.dagbag.BundleDagBag","filename":"dagbag.py","lineno":460}
{"timestamp":"2026-08-19T07:55:55.782337Z","level":"info","event":"Pyspark imported, version: 3.5.2","logger":"unusual_prefix_377e48747e3957bb035dd88b74b86ec1d0ec8c25_stocks_etl_dag","filename":"stocks_etl_dag.py","lineno":24}
{"timestamp":"2026-08-19T07:55:56.590724Z","level":"info","event":"ETL function imported succesfully!","logger":"unusual_prefix_377e48747e3957bb035dd88b74b86ec1d0ec8c25_stocks_etl_dag","filename":"stocks_etl_dag.py","lineno":32}
{"timestamp":"2026-08-19T07:55:56.596473Z","level":"info","event":"DAG loaded sucessfully!","logger":"unusual_prefix_377e48747e3957bb035dd88b74b86ec1d0ec8c25_stocks_etl_dag","filename":"stocks_etl_dag.py","lineno":103}
{"timestamp":"2026-08-19T07:56:27.195825Z","level":"info","event":"Filling up the DagBag from /opt/airflow/dags/stocks_etl_dag.py","logger":"airflow.dag_processing.dagbag.BundleDagBag","filename":"dagbag.py","lineno":460}
{"timestamp":"2026-08-19T07:56:27.394713Z","level":"info","event":"Pyspark imported, version: 3.5.2","logger":"unusual_prefix_377e48747e3957bb035dd88b74b86ec1d0ec8c25_stocks_etl_dag","filename":"stocks_etl_dag.py","lineno":24}
{"timestamp":"2026-08-19T07:56:28.229705Z","level":"info","event":"ETL function imported succesfully!","logger":"unusual_prefix_377e48747e3957bb035dd88b74b86ec1d0ec8c25_stocks_etl_dag","filename":"stocks_etl_dag.py","lineno":32}
{"timestamp":"2026-08-19T07:56:28.234028Z","level":"info","event":"DAG loaded sucessfully!","logger":"unusual_prefix_377e48747e3957bb035dd88b74b86ec1d0ec8c25_stocks_etl_dag","filename":"stocks_etl_dag.py","lineno":103}
{"timestamp":"2026-08-19T07:56:58.431339Z","level":"info","event":"Filling up the DagBag from /opt/airflow/dags/stocks_etl_dag.py","logger":"airflow.dag_processing.dagbag.BundleDagBag","filename":"dagbag.py","lineno":460}
{"timestamp":"2026-08-19T07:56:58.677652Z","level":"info","event":"Pyspark imported, version: 3.5.2","logger":"unusual_prefix_377e48747e3957bb035dd88b74b86ec1d0ec8c25_stocks_etl_dag","filename":"stocks_etl_dag.py","lineno":24}
{"timestamp":"2026-08-19T07:56:59.647719Z","level":"info","event":"ETL function imported succesfully!","logger":"unusual_prefix_377e48747e3957bb035dd88b74b86ec1d0ec8c25_stocks_etl_dag","filename":"stocks_etl_dag.py","lineno":32}
{"timestamp":"2026-08-19T07:56:59.655908Z","level":"info","event":"DAG loaded sucessfully!","logger":"unusual_prefix_377e48747e3957bb035dd88b74b86ec1d0ec8c25_stocks_etl_dag","filename":"stocks_etl_dag.py","lineno":103}
{"timestamp":"2026-08-19T07:57:30.586883Z","level":"info","event":"Filling up the DagBag from /opt/airflow/dags/stocks_etl_dag.py","logger":"airflow.dag_processing.dagbag.BundleDagBag","filename":"dagbag.py","lineno":460}
{"timestamp":"2026-08-19T07:57:30.890685Z","level":"info","event":"Pyspark imported, version: 3.5.2","logger":"unusual_prefix_377e48747e3957bb035dd88b74b86ec1d0ec8c25_stocks_etl_dag","filename":"stocks_etl_dag.py","lineno":24}
{"timestamp":"2026-08-19T07:57:32.078310Z","level":"info","event":"ETL function imported succesfully!","logger":"unusual_prefix_377e48747e3957bb035dd88b74b86ec1d0ec8c25_stocks_etl_dag","filename":"stocks_etl_dag.py","lineno":32}
{"timestamp":"2026-08-19T07:57:32.084120Z","level":"info","event":"DAG loaded sucessfully!","logger":"unusual_prefix_377e48747e3957bb035dd88b74b86ec1d0ec8c25_stocks_etl_dag","filename":"stocks_etl_dag.py","lineno":103}
{"timestamp":"2026-08-19T07:58:02.949319Z","level":"info","event":"Filling up the DagBag from /opt/airflow/dags/stocks_etl_dag.py","logger":"airflow.dag_processing.dagbag.BundleDagBag","filename":"dagbag.py","lineno":460}
{"timestamp":"2026-08-19T07:58:03.168185Z","level":"info","event":"Pyspark imported, version: 3.5.2","logger":"unusual_prefix_377e48747e3957bb035dd88b74b86ec1d0ec8c25_stocks_etl_dag","filename":"stocks_etl_dag.py","lineno":24}
{"timestamp":"2026-08-19T07:58:04.248561Z","level":"info","event":"ETL function imported succesfully!","logger":"unusual_prefix_377e48747e3957bb035dd88b74b86ec1d0ec8c25_stocks_etl_dag","filename":"stocks_etl_dag.py","lineno":32}
{"timestamp":"2026-08-19T07:58:04.258899Z","level":"info","event":"DAG loaded sucessfully!","logger":"unusual_prefix_377e48747e3957bb035dd88b74b86ec1d0ec8c25_stocks_etl_dag","filename":"stocks_etl_dag.py","lineno":103}
{"timestamp":"2026-08-19T07:58:39.239728Z","level":"info","event":"Filling up the DagBag from /opt/airflow/dags/stocks_etl_dag.py","logger":"airflow.dag_processing.dagbag.BundleDagBag","filename":"dagbag.py","lineno":460}
{"timestamp":"2026-08-19T07:58:40.066118Z","level":"info","event":"Pyspark imported, version: 3.5.2","logger":"unusual_prefix_377e48747e3957bb035dd88b74b86ec1d0ec8c25_stocks_etl_dag","filename":"stocks_etl_dag.py","lineno":24}
{"timestamp":"2026-08-19T07:58:41.639092Z","level":"info","event":"ETL function imported succesfully!","logger":"unusual_prefix_377e48747e3957bb035dd88b74b86ec1d0ec8c25_stocks_etl_dag","filename":"stocks_etl_dag.py","lineno":32}
{"timestamp":"2026-08-19T07:58:41.646978Z","level":"info","event":"DAG loaded sucessfully!","logger":"unusual_prefix_377e48747e3957bb035dd88b74b86ec1d0ec8c25_stocks_etl_dag","filename":"stocks_etl_dag.py","lineno":103}
{"timestamp":"2026-08-19T07:59:12.438118Z","level":"info","event":"Filling up the DagBag from /opt/airflow/dags/stocks_etl_dag.py","logger":"airflow.dag_processing.dagbag.BundleDagBag","filename":"dagbag.py","lineno":460}
{"timestamp":"2026-08-19T07:59:12.613269Z","level":"info","event":"Pyspark imported, version: 3.5.2","logger":"unusual_prefix_377e48747e3957bb035dd88b74b86ec1d0ec8c25_stocks_etl_dag","filename":"stocks_etl_dag.py","lineno":24}
{"timestamp":"2026-08-19T07:59:13.278788Z","level":"info","event":"ETL function imported succesfully!","logger":"unusual_prefix_377e48747e3957bb035dd88b74b86ec1d0ec8c25_stocks_etl_dag","filename":"stocks_etl_dag.py","lineno":32}
{"timestamp":"2026-08-19T07:59:13.282607Z","level":"info","event":"DAG loaded sucessfully!","logger":"unusual_prefix_377e48747e3957bb035dd88b74b86ec1d0ec8c25_stocks_etl_dag","filename":"stocks_etl_dag.py","lineno":103}
{"timestamp":"2026-08-19T07:59:43.574418Z","level":"info","event":"Filling up the DagBag from /opt/airflow/dags/stocks_etl_dag.py","logger":"airflow.dag_processing.dagbag.BundleDagBag","filename":"dagbag.py","lineno":460}
{"timestamp":"2026-08-19T07:59:43.825371Z","level":"info","event":"Pyspark imported, version: 3.5.2","logger":"unusual_prefix_377e48747e3957bb035dd88b74b86ec1d0ec8c25_stocks_etl_dag","filename":"stocks_etl_dag.py","lineno":24}
{"timestamp":"2026-08-19T07:59:45.026487Z","level":"info","event":"ETL function imported succesfully!","logger":"unusual_prefix_377e48747e3957bb035dd88b74b86ec1d0ec8c25_stocks_etl_dag","filename":"stocks_etl_dag.py","lineno":32}
{"timestamp":"2026-08-19T07:59:45.032202Z","level":"info","event":"DAG loaded sucessfully!","logger":"unusual_prefix_377e48747e3957bb035dd88b74b86ec1d0ec8c25_stocks_etl_dag","filename":"stocks_etl_dag.py","lineno":103}
{"timestamp":"2026-08-19T08:00:15.340979Z","level":"info","event":"Filling up the DagBag from /opt/airflow/dags/stocks_etl_dag.py","logger":"airflow.dag_processing.dagbag.BundleDagBag","filename":"dagbag.py","lineno":460}
{"timestamp":"2026-08-19T08:00:15.702606Z","level":"info","event":"Pyspark imported, version: 3.5.2","logger":"unusual_prefix_377e48747e3957bb035dd88b74b86ec1d0ec8c25_stocks_etl_dag","filename":"stocks_etl_dag.py","lineno":24}
{"timestamp":"2026-08-19T08:00:17.226956Z","level":"info","event":"ETL function imported succesfully!","logger":"unusual_prefix_377e48747e3957bb035dd88b74b86ec1d0ec8c25_stocks_etl_dag","filename":"stocks_etl_dag.py","lineno":32}
{"timestamp":"2026-08-19T08:00:17.238142Z","level":"info","event":"DAG loaded sucessfully!","logger":"unusual_prefix_377e48747e3957bb035dd88b74b86ec1d0ec8c25_stocks_etl_dag","filename":"stocks_etl_dag.py","lineno":103}
{"timestamp":"2026-08-19T08:00:47.899583Z","level":"info","event":"Filling up the DagBag from /opt/airflow/dags/stocks_etl_dag.py","logger":"airflow.dag_processing.dagbag.BundleDagBag","filename":"dagbag.py","lineno":460}
{"timestamp":"2026-08-19T08:00:48.149786Z","level":"info","event":"Pyspark imported, version: 3.5.2","logger":"unusual_prefix_377e48747e3957bb035dd88b74b86ec1d0ec8c25_stocks_etl_dag","filename":"stocks_etl_dag.py","lineno":24}
{"timestamp":"2026-08-19T08:00:48.942512Z","level":"info","event":"ETL function imported succesfully!","logger":"unusual_prefix_377e48747e3957bb035dd88b74b86ec1d0ec8c25_stocks_etl_dag","filename":"stocks_etl_dag.py","lineno":32}
{"timestamp":"2026-08-19T08:00:48.947307Z","level":"info","event":"DAG loaded sucessfully!","logger":"unusual_prefix_377e48747e3957bb035dd88b74b86ec1d0ec8c25_stocks_etl_dag","filename":"stocks_etl_dag.py","lineno":103}
{"timestamp":"2026-08-19T08:01:19.178660Z","level":"info","event":"Filling up the DagBag from /opt/airflow/dags/stocks_etl_dag.py","logger":"airflow.dag_processing.dagbag.BundleDagBag","filename":"dagbag.py","lineno":460}
{"timestamp":"2026-08-19T08:01:19.529197Z","level":"info","event":"Pyspark imported, version: 3.5.2","logger":"unusual_prefix_377e48747e3957bb035dd88b74b86ec1d0ec8c25_stocks_etl_dag","filename":"stocks_etl_dag.py","lineno":24}
{"timestamp":"2026-08-19T08:01:21.049862Z","level":"info","event":"ETL function imported succesfully!","logger":"unusual_prefix_377e48747e3957bb035dd88b74b86ec1d0ec8c25_stocks_etl_dag","filename":"stocks_etl_dag.py","lineno":32}
{"timestamp":"2026-08-19T08:01:21.059319Z","level":"info","event":"DAG loaded sucessfully!","logger":"unusual_prefix_377e48747e3957bb035dd88b74b86ec1d0ec8c25_stocks_etl_dag","filename":"stocks_etl_dag.py","lineno":103}
{"timestamp":"2026-08-19T08:01:51.967363Z","level":"info","event":"Filling up the DagBag from /opt/airflow/dags/stocks_etl_dag.py","logger":"airflow.dag_processing.dagbag.BundleDagBag","filename":"dagbag.py","lineno":460}
{"timestamp":"2026-08-19T08:01:52.240739Z","level":"info","event":"Pyspark imported, version: 3.5.2","logger":"unusual_prefix_377e48747e3957bb035dd88b74b86ec1d0ec8c25_stocks_etl_dag","filename":"stocks_etl_dag.py","lineno":24}
{"timestamp":"2026-08-19T08:01:53.400325Z","level":"info","event":"ETL function imported succesfully!","logger":"unusual_prefix_377e48747e3957bb035dd88b74b86ec1d0ec8c25_stocks_etl_dag","filename":"stocks_etl_dag.py","lineno":32}
{"timestamp":"2026-08-19T08:01:53.405464Z","level":"info","event":"DAG loaded sucessfully!","logger":"unusual_prefix_377e48747e3957bb035dd88b74b86ec1d0ec8c25_stocks_etl_dag","filename":"stocks_etl_dag.py","lineno":103}
{"timestamp":"2026-08-19T08:02:24.764579Z","level":"info","event":"Filling up the DagBag from /opt/airflow/dags/stocks_etl_dag.py","logger":"airflow.dag_processing.dagbag.BundleDagBag","filename":"dagbag.py","lineno":460}
{"timestamp":"2026-08-19T08:02:25.047262Z","level":"info","event":"Pyspark imported, version: 3.5.2","logger":"unusual_prefix_377e48747e3957bb035dd88b74b86ec1d0ec8c25_stocks_etl_dag","filename":"stocks_etl_dag.py","lineno":24}
{"timestamp":"2026-08-19T08:02:26.413041Z","level":"info","event":"ETL function imported succesfully!","logger":"unusual_prefix_377e48747e3957bb035dd88b74b86ec1d0ec8c25_stocks_etl_dag","filename":"stocks_etl_dag.py","lineno":32}
{"timestamp":"2026-08-19T08:02:26.419688Z","level":"info","event":"DAG loaded sucessfully!","logger":"unusual_prefix_377e48747e3957bb035dd88b74b86ec1d0ec8c25_stocks_etl_dag","filename":"stocks_etl_dag.py","lineno":103}
{"timestamp":"2026-08-19T08:02:56.883076Z","level":"info","event":"Filling up the DagBag from /opt/airflow/dags/stocks_etl_dag.py","logger":"airflow.dag_processing.dagbag.BundleDagBag","filename":"dagbag.py","lineno":460}
{"timestamp":"2026-08-19T08:02:57.066182Z","level":"info","event":"Pyspark imported, version: 3.5.2","logger":"unusual_prefix_377e48747e3957bb035dd88b74b86ec1d0ec8c25_stocks_etl_dag","filename":"stocks_etl_dag.py","lineno":24}
{"timestamp":"2026-08-19T08:02:57.860575Z","level":"info","event":"ETL function imported succesfully!","logger":"unusual_prefix_377e48747e3957bb035dd88b74b86ec1d0ec8c25_stocks_etl_dag","filename":"stocks_etl_dag.py","lineno":32}
{"timestamp":"2026-08-19T08:02:57.865495Z","level":"info","event":"DAG loaded sucessfully!","logger":"unusual_prefix_377e48747e3957bb035dd88b74b86ec1d0ec8c25_stocks_etl_dag","filename":"stocks_etl_dag.py","lineno":103}
{"timestamp":"2026-08-19T08:03:28.317465Z","level":"info","event":"Filling up the DagBag from /opt/airflow/dags/stocks_etl_dag.py","logger":"airflow.dag_processing.dagbag.BundleDagBag","filename":"dagbag.py","lineno":460}
{"timestamp":"2026-08-19T08:03:28.530086Z","level":"info","event":"Pyspark imported, version: 3.5.2","logger":"unusual_prefix_377e48747e3957bb035dd88b74b86ec1d0ec8c25_stocks_etl_dag","filename":"stocks_etl_dag.py","lineno":24}
{"timestamp":"2026-08-19T08:03:29.506220Z","level":"info","event":"ETL function imported succesfully!","logger":"unusual_prefix_377e48747e3957bb035dd88b74b86ec1d0ec8c25_stocks_etl_dag","filename":"stocks_etl_dag.py","lineno":32}
{"timestamp":"2026-08-19T08:03:29.513592Z","level":"info","event":"DAG loaded sucessfully!","logger":"unusual_prefix_377e48747e3957bb035dd88b74b86ec1d0ec8c25_stocks_etl_dag","filename":"stocks_etl_dag.py","lineno":103}
{"timestamp":"2026-08-19T08:04:00.212487Z","level":"info","event":"Filling up the DagBag from /opt/airflow/dags/stocks_etl_dag.py","logger":"airflow.dag_processing.dagbag.BundleDagBag","filename":"dagbag.py","lineno":460}
{"timestamp":"2026-08-19T08:04:00.617703Z","level":"info","event":"Pyspark imported, version: 3.5.2","logger":"unusual_prefix_377e48747e3957bb035dd88b74b86ec1d0ec8c25_stocks_etl_dag","filename":"stocks_etl_dag.py","lineno":24}
{"timestamp":"2026-08-19T08:04:02.060372Z","level":"info","event":"ETL function imported succesfully!","logger":"unusual_prefix_377e48747e3957bb035dd88b74b86ec1d0ec8c25_stocks_etl_dag","filename":"stocks_etl_dag.py","lineno":32}
{"timestamp":"2026-08-19T08:04:02.069068Z","level":"info","event":"DAG loaded sucessfully!","logger":"unusual_prefix_377e48747e3957bb035dd88b74b86ec1d0ec8c25_stocks_etl_dag","filename":"stocks_etl_dag.py","lineno":103}
{"timestamp":"2026-08-19T08:04:33.020007Z","level":"info","event":"Filling up the DagBag from /opt/airflow/dags/stocks_etl_dag.py","logger":"airflow.dag_processing.dagbag.BundleDagBag","filename":"dagbag.py","lineno":460}
{"timestamp":"2026-08-19T08:04:33.245440Z","level":"info","event":"Pyspark imported, version: 3.5.2","logger":"unusual_prefix_377e48747e3957bb035dd88b74b86ec1d0ec8c25_stocks_etl_dag","filename":"stocks_etl_dag.py","lineno":24}
{"timestamp":"2026-08-19T08:04:34.033852Z","level":"info","event":"ETL function imported succesfully!","logger":"unusual_prefix_377e48747e3957bb035dd88b74b86ec1d0ec8c25_stocks_etl_dag","filename":"stocks_etl_dag.py","lineno":32}
{"timestamp":"2026-08-19T08:04:34.039012Z","level":"info","event":"DAG loaded sucessfully!","logger":"unusual_prefix_377e48747e3957bb035dd88b74b86ec1d0ec8c25_stocks_etl_dag","filename":"stocks_etl_dag.py","lineno":103}
{"timestamp":"2026-08-19T08:05:04.779686Z","level":"info","event":"Filling up the DagBag from /opt/airflow/dags/stocks_etl_dag.py","logger":"airflow.dag_processing.dagbag.BundleDagBag","filename":"dagbag.py","lineno":460}
{"timestamp":"2026-08-19T08:05:05.041691Z","level":"info","event":"Pyspark imported, version: 3.5.2","logger":"unusual_prefix_377e48747e3957bb035dd88b74b86ec1d0ec8c25_stocks_etl_dag","filename":"stocks_etl_dag.py","lineno":24}
{"timestamp":"2026-08-19T08:05:05.982119Z","level":"info","event":"ETL function imported succesfully!","logger":"unusual_prefix_377e48747e3957bb035dd88b74b86ec1d0ec8c25_stocks_etl_dag","filename":"stocks_etl_dag.py","lineno":32}
{"timestamp":"2026-08-19T08:05:05.987279Z","level":"info","event":"DAG loaded sucessfully!","logger":"unusual_prefix_377e48747e3957bb035dd88b74b86ec1d0ec8c25_stocks_etl_dag","filename":"stocks_etl_dag.py","lineno":103}
{"timestamp":"2026-08-19T08:05:36.548468Z","level":"info","event":"Filling up the DagBag from /opt/airflow/dags/stocks_etl_dag.py","logger":"airflow.dag_processing.dagbag.BundleDagBag","filename":"dagbag.py","lineno":460}
{"timestamp":"2026-08-19T08:05:36.927638Z","level":"info","event":"Pyspark imported, version: 3.5.2","logger":"unusual_prefix_377e48747e3957bb035dd88b74b86ec1d0ec8c25_stocks_etl_dag","filename":"stocks_etl_dag.py","lineno":24}
{"timestamp":"2026-08-19T08:05:38.134457Z","level":"info","event":"ETL function imported succesfully!","logger":"unusual_prefix_377e48747e3957bb035dd88b74b86ec1d0ec8c25_stocks_etl_dag","filename":"stocks_etl_dag.py","lineno":32}
{"timestamp":"2026-08-19T08:05:38.141060Z","level":"info","event":"DAG loaded sucessfully!","logger":"unusual_prefix_377e48747e3957bb035dd88b74b86ec1d0ec8c25_stocks_etl_dag","filename":"stocks_etl_dag.py","lineno":103}
{"timestamp":"2026-08-19T08:06:08.929972Z","level":"info","event":"Filling up the DagBag from /opt/airflow/dags/stocks_etl_dag.py","logger":"airflow.dag_processing.dagbag.BundleDagBag","filename":"dagbag.py","lineno":460}
{"timestamp":"2026-08-19T08:06:09.100408Z","level":"info","event":"Pyspark imported, version: 3.5.2","logger":"unusual_prefix_377e48747e3957bb035dd88b74b86ec1d0ec8c25_stocks_etl_dag","filename":"stocks_etl_dag.py","lineno":24}
{"timestamp":"2026-08-19T08:06:10.018186Z","level":"info","event":"ETL function imported succesfully!","logger":"unusual_prefix_377e48747e3957bb035dd88b74b86ec1d0ec8c25_stocks_etl_dag","filename":"stocks_etl_dag.py","lineno":32}
{"timestamp":"2026-08-19T08:06:10.023792Z","level":"info","event":"DAG loaded sucessfully!","logger":"unusual_prefix_377e48747e3957bb035dd88b74b86ec1d0ec8c25_stocks_etl_dag","filename":"stocks_etl_dag.py","lineno":103}
{"timestamp":"2026-08-19T08:06:40.793314Z","level":"info","event":"Filling up the DagBag from /opt/airflow/dags/stocks_etl_dag.py","logger":"airflow.dag_processing.dagbag.BundleDagBag","filename":"dagbag.py","lineno":460}
{"timestamp":"2026-08-19T08:06:40.962905Z","level":"info","event":"Pyspark imported, version: 3.5.2","logger":"unusual_prefix_377e48747e3957bb035dd88b74b86ec1d0ec8c25_stocks_etl_dag","filename":"stocks_etl_dag.py","lineno":24}
{"timestamp":"2026-08-19T08:06:41.689964Z","level":"info","event":"ETL function imported succesfully!","logger":"unusual_prefix_377e48747e3957bb035dd88b74b86ec1d0ec8c25_stocks_etl_dag","filename":"stocks_etl_dag.py","lineno":32}
{"timestamp":"2026-08-19T08:06:41.694355Z","level":"info","event":"DAG loaded sucessfully!","logger":"unusual_prefix_377e48747e3957bb035dd88b74b86ec1d0ec8c25_stocks_etl_dag","filename":"stocks_etl_dag.py","lineno":103}
{"timestamp":"2026-08-19T08:07:12.678308Z","level":"info","event":"Filling up the DagBag from /opt/airflow/dags/stocks_etl_dag.py","logger":"airflow.dag_processing.dagbag.BundleDagBag","filename":"dagbag.py","lineno":460}
{"timestamp":"2026-08-19T08:07:12.961766Z","level":"info","event":"Pyspark imported, version: 3.5.2","logger":"unusual_prefix_377e48747e3957bb035dd88b74b86ec1d0ec8c25_stocks_etl_dag","filename":"stocks_etl_dag.py","lineno":24}
{"timestamp":"2026-08-19T08:07:13.833756Z","level":"info","event":"ETL function imported succesfully!","logger":"unusual_prefix_377e48747e3957bb035dd88b74b86ec1d0ec8c25_stocks_etl_dag","filename":"stocks_etl_dag.py","lineno":32}
{"timestamp":"2026-08-19T08:07:13.838831Z","level":"info","event":"DAG loaded sucessfully!","logger":"unusual_prefix_377e48747e3957bb035dd88b74b86ec1d0ec8c25_stocks_etl_dag","filename":"stocks_etl_dag.py","lineno":103}
{"timestamp":"2026-08-19T08:07:44.157741Z","level":"info","event":"Filling up the DagBag from /opt/airflow/dags/stocks_etl_dag.py","logger":"airflow.dag_processing.dagbag.BundleDagBag","filename":"dagbag.py","lineno":460}
{"timestamp":"2026-08-19T08:07:44.910565Z","level":"info","event":"Pyspark imported, version: 3.5.2","logger":"unusual_prefix_377e48747e3957bb035dd88b74b86ec1d0ec8c25_stocks_etl_dag","filename":"stocks_etl_dag.py","lineno":24}
{"timestamp":"2026-08-19T08:07:54.913905Z","level":"info","event":"ETL function imported succesfully!","logger":"unusual_prefix_377e48747e3957bb035dd88b74b86ec1d0ec8c25_stocks_etl_dag","filename":"stocks_etl_dag.py","lineno":32}
{"timestamp":"2026-08-19T08:07:55.008679Z","level":"info","event":"DAG loaded sucessfully!","logger":"unusual_prefix_377e48747e3957bb035dd88b74b86ec1d0ec8c25_stocks_etl_dag","filename":"stocks_etl_dag.py","lineno":103}
{"timestamp":"2026-08-19T08:08:26.215714Z","level":"info","event":"Filling up the DagBag from /opt/airflow/dags/stocks_etl_dag.py","logger":"airflow.dag_processing.dagbag.BundleDagBag","filename":"dagbag.py","lineno":460}
{"timestamp":"2026-08-19T08:08:26.460274Z","level":"info","event":"Pyspark imported, version: 3.5.2","logger":"unusual_prefix_377e48747e3957bb035dd88b74b86ec1d0ec8c25_stocks_etl_dag","filename":"stocks_etl_dag.py","lineno":24}
{"timestamp":"2026-08-19T08:08:30.075516Z","level":"info","event":"ETL function imported succesfully!","logger":"unusual_prefix_377e48747e3957bb035dd88b74b86ec1d0ec8c25_stocks_etl_dag","filename":"stocks_etl_dag.py","lineno":32}
{"timestamp":"2026-08-19T08:08:30.084839Z","level":"info","event":"DAG loaded sucessfully!","logger":"unusual_prefix_377e48747e3957bb035dd88b74b86ec1d0ec8c25_stocks_etl_dag","filename":"stocks_etl_dag.py","lineno":103}
{"timestamp":"2026-08-19T08:09:00.668085Z","level":"info","event":"Filling up the DagBag from /opt/airflow/dags/stocks_etl_dag.py","logger":"airflow.dag_processing.dagbag.BundleDagBag","filename":"dagbag.py","lineno":460}
{"timestamp":"2026-08-19T08:09:01.193702Z","level":"info","event":"Pyspark imported, version: 3.5.2","logger":"unusual_prefix_377e48747e3957bb035dd88b74b86ec1d0ec8c25_stocks_etl_dag","filename":"stocks_etl_dag.py","lineno":24}
{"timestamp":"2026-08-19T08:09:02.259952Z","level":"info","event":"ETL function imported succesfully!","logger":"unusual_prefix_377e48747e3957bb035dd88b74b86ec1d0ec8c25_stocks_etl_dag","filename":"stocks_etl_dag.py","lineno":32}
{"timestamp":"2026-08-19T08:09:02.266329Z","level":"info","event":"DAG loaded sucessfully!","logger":"unusual_prefix_377e48747e3957bb035dd88b74b86ec1d0ec8c25_stocks_etl_dag","filename":"stocks_etl_dag.py","lineno":103}
{"timestamp":"2026-08-19T08:09:33.135262Z","level":"info","event":"Filling up the DagBag from /opt/airflow/dags/stocks_etl_dag.py","logger":"airflow.dag_processing.dagbag.BundleDagBag","filename":"dagbag.py","lineno":460}
{"timestamp":"2026-08-19T08:09:36.222587Z","level":"info","event":"Pyspark imported, version: 3.5.2","logger":"unusual_prefix_377e48747e3957bb035dd88b74b86ec1d0ec8c25_stocks_etl_dag","filename":"stocks_etl_dag.py","lineno":24}
{"timestamp":"2026-08-19T08:09:41.062626Z","level":"info","event":"ETL function imported succesfully!","logger":"unusual_prefix_377e48747e3957bb035dd88b74b86ec1d0ec8c25_stocks_etl_dag","filename":"stocks_etl_dag.py","lineno":32}
{"timestamp":"2026-08-19T08:09:41.068066Z","level":"info","event":"DAG loaded sucessfully!","logger":"unusual_prefix_377e48747e3957bb035dd88b74b86ec1d0ec8c25_stocks_etl_dag","filename":"stocks_etl_dag.py","lineno":103}
{"timestamp":"2026-08-19T08:10:12.419443Z","level":"info","event":"Filling up the DagBag from /opt/airflow/dags/stocks_etl_dag.py","logger":"airflow.dag_processing.dagbag.BundleDagBag","filename":"dagbag.py","lineno":460}
{"timestamp":"2026-08-19T08:10:15.062827Z","level":"info","event":"Pyspark imported, version: 3.5.2","logger":"unusual_prefix_377e48747e3957bb035dd88b74b86ec1d0ec8c25_stocks_etl_dag","filename":"stocks_etl_dag.py","lineno":24}
{"timestamp":"2026-08-19T08:10:29.811285Z","level":"info","event":"ETL function imported succesfully!","logger":"unusual_prefix_377e48747e3957bb035dd88b74b86ec1d0ec8c25_stocks_etl_dag","filename":"stocks_etl_dag.py","lineno":32}
{"timestamp":"2026-08-19T08:10:29.861867Z","level":"info","event":"DAG loaded sucessfully!","logger":"unusual_prefix_377e48747e3957bb035dd88b74b86ec1d0ec8c25_stocks_etl_dag","filename":"stocks_etl_dag.py","lineno":103}
{"timestamp":"2026-08-19T08:11:01.508482Z","level":"info","event":"Filling up the DagBag from /opt/airflow/dags/stocks_etl_dag.py","logger":"airflow.dag_processing.dagbag.BundleDagBag","filename":"dagbag.py","lineno":460}
{"timestamp":"2026-08-19T08:11:04.736558Z","level":"info","event":"Pyspark imported, version: 3.5.2","logger":"unusual_prefix_377e48747e3957bb035dd88b74b86ec1d0ec8c25_stocks_etl_dag","filename":"stocks_etl_dag.py","lineno":24}
{"timestamp":"2026-08-19T08:11:31.611650Z","level":"error","event":"Process timed out, PID: 4637","logger":"airflow.dag_processing.importers.python_importer","filename":"python_importer.py","lineno":62}
{"timestamp":"2026-08-19T08:11:31.617987Z","level":"error","event":"Failed to import: /opt/airflow/dags/stocks_etl_dag.py","logger":"airflow.dag_processing.importers.python_importer","filename":"python_importer.py","lineno":244,"error_detail":[{"exc_type":"AirflowTaskTimeout","exc_value":"DagBag import timeout for /opt/airflow/dags/stocks_etl_dag.py after 30.0s.\nPlease take a look at these docs to improve your DAG import time:\n* https://airflow.apache.org/docs/apache-airflow/3.3.0/best-practices.html#top-level-python-code\n* https://airflow.apache.org/docs/apache-airflow/3.3.0/best-practices.html#reducing-dag-complexity, PID: 4637","exc_notes":[],"syntax_error":null,"is_cause":false,"frames":[{"filename":"/home/airflow/.local/lib/python3.13/site-packages/airflow/dag_processing/importers/python_importer.py","lineno":238,"name":"parse"},{"filename":"<frozen importlib._bootstrap_external>","lineno":1023,"name":"exec_module"},{"filename":"<frozen importlib._bootstrap>","lineno":488,"name":"_call_with_frames_removed"},{"filename":"/opt/airflow/dags/stocks_etl_dag.py","lineno":31,"name":"<module>"},{"filename":"/opt/airflow/scripts/stock_etl.py","lineno":8,"name":"<module>"},{"filename":"/home/airflow/.local/lib/python3.13/site-packages/yfinance/__init__.py","lineno":25,"name":"<module>"},{"filename":"/home/airflow/.local/lib/python3.13/site-packages/yfinance/ticker.py","lineno":28,"name":"<module>"},{"filename":"/home/airflow/.local/lib/python3.13/site-packages/yfinance/base.py","lineno":39,"name":"<module>"},{"filename":"<frozen importlib._bootstrap>","lineno":1360,"name":"_find_and_load"},{"filename":"<frozen importlib._bootstrap>","lineno":1322,"name":"_find_and_load_unlocked"},{"filename":"<frozen importlib._bootstrap>","lineno":1262,"name":"_find_spec"},{"filename":"<frozen importlib._bootstrap_external>","lineno":1556,"name":"find_spec"},{"filename":"<frozen importlib._bootstrap_external>","lineno":1530,"name":"_get_spec"},{"filename":"<frozen importlib._bootstrap_external>","lineno":1633,"name":"find_spec"},{"filename":"<frozen importlib._bootstrap_external>","lineno":1676,"name":"_fill_cache"},{"filename":"/home/airflow/.local/lib/python3.13/site-packages/airflow/dag_processing/importers/python_importer.py","lineno":65,"name":"handle_timeout"}],"is_group":false,"exceptions":[]}]}
{"timestamp":"2026-08-19T08:11:31.776192Z","level":"error","event":"Error loading DAG from stocks_etl_dag.py: DagBag import timeout for /opt/airflow/dags/stocks_etl_dag.py after 30.0s.\nPlease take a look at these docs to improve your DAG import time:\n* https://airflow.apache.org/docs/apache-airflow/3.3.0/best-practices.html#top-level-python-code\n* https://airflow.apache.org/docs/apache-airflow/3.3.0/best-practices.html#reducing-dag-complexity, PID: 4637","logger":"airflow.dag_processing.dagbag.BundleDagBag","filename":"dagbag.py","lineno":319}
{"timestamp":"2026-08-19T08:12:05.560424Z","level":"info","event":"Filling up the DagBag from /opt/airflow/dags/stocks_etl_dag.py","logger":"airflow.dag_processing.dagbag.BundleDagBag","filename":"dagbag.py","lineno":460}
{"timestamp":"2026-08-19T08:12:11.551171Z","level":"info","event":"Pyspark imported, version: 3.5.2","logger":"unusual_prefix_377e48747e3957bb035dd88b74b86ec1d0ec8c25_stocks_etl_dag","filename":"stocks_etl_dag.py","lineno":24}
{"timestamp":"2026-08-19T08:12:15.507639Z","level":"info","event":"ETL function imported succesfully!","logger":"unusual_prefix_377e48747e3957bb035dd88b74b86ec1d0ec8c25_stocks_etl_dag","filename":"stocks_etl_dag.py","lineno":32}
{"timestamp":"2026-08-19T08:12:15.754208Z","level":"info","event":"DAG loaded sucessfully!","logger":"unusual_prefix_377e48747e3957bb035dd88b74b86ec1d0ec8c25_stocks_etl_dag","filename":"stocks_etl_dag.py","lineno":103}
{"timestamp":"2026-08-19T08:12:46.919337Z","level":"info","event":"Filling up the DagBag from /opt/airflow/dags/stocks_etl_dag.py","logger":"airflow.dag_processing.dagbag.BundleDagBag","filename":"dagbag.py","lineno":460}
{"timestamp":"2026-08-19T08:12:47.280582Z","level":"info","event":"Pyspark imported, version: 3.5.2","logger":"unusual_prefix_377e48747e3957bb035dd88b74b86ec1d0ec8c25_stocks_etl_dag","filename":"stocks_etl_dag.py","lineno":24}
{"timestamp":"2026-08-19T08:12:48.685021Z","level":"info","event":"ETL function imported succesfully!","logger":"unusual_prefix_377e48747e3957bb035dd88b74b86ec1d0ec8c25_stocks_etl_dag","filename":"stocks_etl_dag.py","lineno":32}
{"timestamp":"2026-08-19T08:12:48.695954Z","level":"info","event":"DAG loaded sucessfully!","logger":"unusual_prefix_377e48747e3957bb035dd88b74b86ec1d0ec8c25_stocks_etl_dag","filename":"stocks_etl_dag.py","lineno":103}
{"timestamp":"2026-08-19T08:13:19.443424Z","level":"info","event":"Filling up the DagBag from /opt/airflow/dags/stocks_etl_dag.py","logger":"airflow.dag_processing.dagbag.BundleDagBag","filename":"dagbag.py","lineno":460}
{"timestamp":"2026-08-19T08:13:19.867611Z","level":"info","event":"Pyspark imported, version: 3.5.2","logger":"unusual_prefix_377e48747e3957bb035dd88b74b86ec1d0ec8c25_stocks_etl_dag","filename":"stocks_etl_dag.py","lineno":24}
{"timestamp":"2026-08-19T08:13:21.432383Z","level":"info","event":"ETL function imported succesfully!","logger":"unusual_prefix_377e48747e3957bb035dd88b74b86ec1d0ec8c25_stocks_etl_dag","filename":"stocks_etl_dag.py","lineno":32}
{"timestamp":"2026-08-19T08:13:21.440661Z","level":"info","event":"DAG loaded sucessfully!","logger":"unusual_prefix_377e48747e3957bb035dd88b74b86ec1d0ec8c25_stocks_etl_dag","filename":"stocks_etl_dag.py","lineno":103}
{"timestamp":"2026-08-19T08:13:51.811041Z","level":"info","event":"Filling up the DagBag from /opt/airflow/dags/stocks_etl_dag.py","logger":"airflow.dag_processing.dagbag.BundleDagBag","filename":"dagbag.py","lineno":460}
{"timestamp":"2026-08-19T08:13:52.100145Z","level":"info","event":"Pyspark imported, version: 3.5.2","logger":"unusual_prefix_377e48747e3957bb035dd88b74b86ec1d0ec8c25_stocks_etl_dag","filename":"stocks_etl_dag.py","lineno":24}
{"timestamp":"2026-08-19T08:13:53.262196Z","level":"info","event":"ETL function imported succesfully!","logger":"unusual_prefix_377e48747e3957bb035dd88b74b86ec1d0ec8c25_stocks_etl_dag","filename":"stocks_etl_dag.py","lineno":32}
{"timestamp":"2026-08-19T08:13:53.270999Z","level":"info","event":"DAG loaded sucessfully!","logger":"unusual_prefix_377e48747e3957bb035dd88b74b86ec1d0ec8c25_stocks_etl_dag","filename":"stocks_etl_dag.py","lineno":103}
{"timestamp":"2026-08-19T08:14:23.805179Z","level":"info","event":"Filling up the DagBag from /opt/airflow/dags/stocks_etl_dag.py","logger":"airflow.dag_processing.dagbag.BundleDagBag","filename":"dagbag.py","lineno":460}
{"timestamp":"2026-08-19T08:14:24.046220Z","level":"info","event":"Pyspark imported, version: 3.5.2","logger":"unusual_prefix_377e48747e3957bb035dd88b74b86ec1d0ec8c25_stocks_etl_dag","filename":"stocks_etl_dag.py","lineno":24}
{"timestamp":"2026-08-19T08:14:24.979560Z","level":"info","event":"ETL function imported succesfully!","logger":"unusual_prefix_377e48747e3957bb035dd88b74b86ec1d0ec8c25_stocks_etl_dag","filename":"stocks_etl_dag.py","lineno":32}
{"timestamp":"2026-08-19T08:14:24.991727Z","level":"info","event":"DAG loaded sucessfully!","logger":"unusual_prefix_377e48747e3957bb035dd88b74b86ec1d0ec8c25_stocks_etl_dag","filename":"stocks_etl_dag.py","lineno":103}
{"timestamp":"2026-08-19T08:14:55.656513Z","level":"info","event":"Filling up the DagBag from /opt/airflow/dags/stocks_etl_dag.py","logger":"airflow.dag_processing.dagbag.BundleDagBag","filename":"dagbag.py","lineno":460}
{"timestamp":"2026-08-19T08:14:56.022817Z","level":"info","event":"Pyspark imported, version: 3.5.2","logger":"unusual_prefix_377e48747e3957bb035dd88b74b86ec1d0ec8c25_stocks_etl_dag","filename":"stocks_etl_dag.py","lineno":24}
{"timestamp":"2026-08-19T08:14:57.853424Z","level":"info","event":"ETL function imported succesfully!","logger":"unusual_prefix_377e48747e3957bb035dd88b74b86ec1d0ec8c25_stocks_etl_dag","filename":"stocks_etl_dag.py","lineno":32}
{"timestamp":"2026-08-19T08:14:57.863936Z","level":"info","event":"DAG loaded sucessfully!","logger":"unusual_prefix_377e48747e3957bb035dd88b74b86ec1d0ec8c25_stocks_etl_dag","filename":"stocks_etl_dag.py","lineno":103}
{"timestamp":"2026-08-19T08:15:28.286517Z","level":"info","event":"Filling up the DagBag from /opt/airflow/dags/stocks_etl_dag.py","logger":"airflow.dag_processing.dagbag.BundleDagBag","filename":"dagbag.py","lineno":460}
{"timestamp":"2026-08-19T08:15:28.465750Z","level":"info","event":"Pyspark imported, version: 3.5.2","logger":"unusual_prefix_377e48747e3957bb035dd88b74b86ec1d0ec8c25_stocks_etl_dag","filename":"stocks_etl_dag.py","lineno":24}
{"timestamp":"2026-08-19T08:15:29.133301Z","level":"info","event":"ETL function imported succesfully!","logger":"unusual_prefix_377e48747e3957bb035dd88b74b86ec1d0ec8c25_stocks_etl_dag","filename":"stocks_etl_dag.py","lineno":32}
{"timestamp":"2026-08-19T08:15:29.137254Z","level":"info","event":"DAG loaded sucessfully!","logger":"unusual_prefix_377e48747e3957bb035dd88b74b86ec1d0ec8c25_stocks_etl_dag","filename":"stocks_etl_dag.py","lineno":103}
{"timestamp":"2026-08-19T08:15:59.647617Z","level":"info","event":"Filling up the DagBag from /opt/airflow/dags/stocks_etl_dag.py","logger":"airflow.dag_processing.dagbag.BundleDagBag","filename":"dagbag.py","lineno":460}
{"timestamp":"2026-08-19T08:15:59.945605Z","level":"info","event":"Pyspark imported, version: 3.5.2","logger":"unusual_prefix_377e48747e3957bb035dd88b74b86ec1d0ec8c25_stocks_etl_dag","filename":"stocks_etl_dag.py","lineno":24}
{"timestamp":"2026-08-19T08:16:01.225568Z","level":"info","event":"ETL function imported succesfully!","logger":"unusual_prefix_377e48747e3957bb035dd88b74b86ec1d0ec8c25_stocks_etl_dag","filename":"stocks_etl_dag.py","lineno":32}
{"timestamp":"2026-08-19T08:16:01.233379Z","level":"info","event":"DAG loaded sucessfully!","logger":"unusual_prefix_377e48747e3957bb035dd88b74b86ec1d0ec8c25_stocks_etl_dag","filename":"stocks_etl_dag.py","lineno":103}
{"timestamp":"2026-08-19T08:16:31.471230Z","level":"info","event":"Filling up the DagBag from /opt/airflow/dags/stocks_etl_dag.py","logger":"airflow.dag_processing.dagbag.BundleDagBag","filename":"dagbag.py","lineno":460}
{"timestamp":"2026-08-19T08:16:31.630812Z","level":"info","event":"Pyspark imported, version: 3.5.2","logger":"unusual_prefix_377e48747e3957bb035dd88b74b86ec1d0ec8c25_stocks_etl_dag","filename":"stocks_etl_dag.py","lineno":24}
{"timestamp":"2026-08-19T08:16:32.398543Z","level":"info","event":"ETL function imported succesfully!","logger":"unusual_prefix_377e48747e3957bb035dd88b74b86ec1d0ec8c25_stocks_etl_dag","filename":"stocks_etl_dag.py","lineno":32}
{"timestamp":"2026-08-19T08:16:32.403925Z","level":"info","event":"DAG loaded sucessfully!","logger":"unusual_prefix_377e48747e3957bb035dd88b74b86ec1d0ec8c25_stocks_etl_dag","filename":"stocks_etl_dag.py","lineno":103}
{"timestamp":"2026-08-19T08:17:03.294593Z","level":"info","event":"Filling up the DagBag from /opt/airflow/dags/stocks_etl_dag.py","logger":"airflow.dag_processing.dagbag.BundleDagBag","filename":"dagbag.py","lineno":460}
{"timestamp":"2026-08-19T08:17:03.647805Z","level":"info","event":"Pyspark imported, version: 3.5.2","logger":"unusual_prefix_377e48747e3957bb035dd88b74b86ec1d0ec8c25_stocks_etl_dag","filename":"stocks_etl_dag.py","lineno":24}
{"timestamp":"2026-08-19T08:17:04.792236Z","level":"info","event":"ETL function imported succesfully!","logger":"unusual_prefix_377e48747e3957bb035dd88b74b86ec1d0ec8c25_stocks_etl_dag","filename":"stocks_etl_dag.py","lineno":32}
{"timestamp":"2026-08-19T08:17:04.797567Z","level":"info","event":"DAG loaded sucessfully!","logger":"unusual_prefix_377e48747e3957bb035dd88b74b86ec1d0ec8c25_stocks_etl_dag","filename":"stocks_etl_dag.py","lineno":103}
{"timestamp":"2026-08-19T08:17:35.216412Z","level":"info","event":"Filling up the DagBag from /opt/airflow/dags/stocks_etl_dag.py","logger":"airflow.dag_processing.dagbag.BundleDagBag","filename":"dagbag.py","lineno":460}
{"timestamp":"2026-08-19T08:17:35.489203Z","level":"info","event":"Pyspark imported, version: 3.5.2","logger":"unusual_prefix_377e48747e3957bb035dd88b74b86ec1d0ec8c25_stocks_etl_dag","filename":"stocks_etl_dag.py","lineno":24}
{"timestamp":"2026-08-19T08:17:36.711262Z","level":"info","event":"ETL function imported succesfully!","logger":"unusual_prefix_377e48747e3957bb035dd88b74b86ec1d0ec8c25_stocks_etl_dag","filename":"stocks_etl_dag.py","lineno":32}
{"timestamp":"2026-08-19T08:17:36.718932Z","level":"info","event":"DAG loaded sucessfully!","logger":"unusual_prefix_377e48747e3957bb035dd88b74b86ec1d0ec8c25_stocks_etl_dag","filename":"stocks_etl_dag.py","lineno":103}
{"timestamp":"2026-08-19T08:18:07.574570Z","level":"info","event":"Filling up the DagBag from /opt/airflow/dags/stocks_etl_dag.py","logger":"airflow.dag_processing.dagbag.BundleDagBag","filename":"dagbag.py","lineno":460}
{"timestamp":"2026-08-19T08:18:07.848377Z","level":"info","event":"Pyspark imported, version: 3.5.2","logger":"unusual_prefix_377e48747e3957bb035dd88b74b86ec1d0ec8c25_stocks_etl_dag","filename":"stocks_etl_dag.py","lineno":24}
{"timestamp":"2026-08-19T08:18:08.935220Z","level":"info","event":"ETL function imported succesfully!","logger":"unusual_prefix_377e48747e3957bb035dd88b74b86ec1d0ec8c25_stocks_etl_dag","filename":"stocks_etl_dag.py","lineno":32}
{"timestamp":"2026-08-19T08:18:08.945065Z","level":"info","event":"DAG loaded sucessfully!","logger":"unusual_prefix_377e48747e3957bb035dd88b74b86ec1d0ec8c25_stocks_etl_dag","filename":"stocks_etl_dag.py","lineno":103}
{"timestamp":"2026-08-19T08:18:39.108172Z","level":"info","event":"Filling up the DagBag from /opt/airflow/dags/stocks_etl_dag.py","logger":"airflow.dag_processing.dagbag.BundleDagBag","filename":"dagbag.py","lineno":460}
{"timestamp":"2026-08-19T08:18:39.490874Z","level":"info","event":"Pyspark imported, version: 3.5.2","logger":"unusual_prefix_377e48747e3957bb035dd88b74b86ec1d0ec8c25_stocks_etl_dag","filename":"stocks_etl_dag.py","lineno":24}
{"timestamp":"2026-08-19T08:18:41.098569Z","level":"info","event":"ETL function imported succesfully!","logger":"unusual_prefix_377e48747e3957bb035dd88b74b86ec1d0ec8c25_stocks_etl_dag","filename":"stocks_etl_dag.py","lineno":32}
{"timestamp":"2026-08-19T08:18:41.107297Z","level":"info","event":"DAG loaded sucessfully!","logger":"unusual_prefix_377e48747e3957bb035dd88b74b86ec1d0ec8c25_stocks_etl_dag","filename":"stocks_etl_dag.py","lineno":103}
{"timestamp":"2026-08-19T08:19:12.906455Z","level":"info","event":"Filling up the DagBag from /opt/airflow/dags/stocks_etl_dag.py","logger":"airflow.dag_processing.dagbag.BundleDagBag","filename":"dagbag.py","lineno":460}
{"timestamp":"2026-08-19T08:19:13.153829Z","level":"info","event":"Pyspark imported, version: 3.5.2","logger":"unusual_prefix_377e48747e3957bb035dd88b74b86ec1d0ec8c25_stocks_etl_dag","filename":"stocks_etl_dag.py","lineno":24}
{"timestamp":"2026-08-19T08:19:14.397402Z","level":"info","event":"ETL function imported succesfully!","logger":"unusual_prefix_377e48747e3957bb035dd88b74b86ec1d0ec8c25_stocks_etl_dag","filename":"stocks_etl_dag.py","lineno":32}
{"timestamp":"2026-08-19T08:19:14.404107Z","level":"info","event":"DAG loaded sucessfully!","logger":"unusual_prefix_377e48747e3957bb035dd88b74b86ec1d0ec8c25_stocks_etl_dag","filename":"stocks_etl_dag.py","lineno":103}
{"timestamp":"2026-08-19T08:19:44.739843Z","level":"info","event":"Filling up the DagBag from /opt/airflow/dags/stocks_etl_dag.py","logger":"airflow.dag_processing.dagbag.BundleDagBag","filename":"dagbag.py","lineno":460}
{"timestamp":"2026-08-19T08:19:44.985040Z","level":"info","event":"Pyspark imported, version: 3.5.2","logger":"unusual_prefix_377e48747e3957bb035dd88b74b86ec1d0ec8c25_stocks_etl_dag","filename":"stocks_etl_dag.py","lineno":24}
{"timestamp":"2026-08-19T08:19:46.178779Z","level":"info","event":"ETL function imported succesfully!","logger":"unusual_prefix_377e48747e3957bb035dd88b74b86ec1d0ec8c25_stocks_etl_dag","filename":"stocks_etl_dag.py","lineno":32}
{"timestamp":"2026-08-19T08:19:46.185440Z","level":"info","event":"DAG loaded sucessfully!","logger":"unusual_prefix_377e48747e3957bb035dd88b74b86ec1d0ec8c25_stocks_etl_dag","filename":"stocks_etl_dag.py","lineno":103}
{"timestamp":"2026-08-19T08:20:16.339805Z","level":"info","event":"Filling up the DagBag from /opt/airflow/dags/stocks_etl_dag.py","logger":"airflow.dag_processing.dagbag.BundleDagBag","filename":"dagbag.py","lineno":460}
{"timestamp":"2026-08-19T08:20:16.649360Z","level":"info","event":"Pyspark imported, version: 3.5.2","logger":"unusual_prefix_377e48747e3957bb035dd88b74b86ec1d0ec8c25_stocks_etl_dag","filename":"stocks_etl_dag.py","lineno":24}
{"timestamp":"2026-08-19T08:20:17.993476Z","level":"info","event":"ETL function imported succesfully!","logger":"unusual_prefix_377e48747e3957bb035dd88b74b86ec1d0ec8c25_stocks_etl_dag","filename":"stocks_etl_dag.py","lineno":32}
{"timestamp":"2026-08-19T08:20:18.003847Z","level":"info","event":"DAG loaded sucessfully!","logger":"unusual_prefix_377e48747e3957bb035dd88b74b86ec1d0ec8c25_stocks_etl_dag","filename":"stocks_etl_dag.py","lineno":103}
{"timestamp":"2026-08-19T08:20:48.731255Z","level":"info","event":"Filling up the DagBag from /opt/airflow/dags/stocks_etl_dag.py","logger":"airflow.dag_processing.dagbag.BundleDagBag","filename":"dagbag.py","lineno":460}
{"timestamp":"2026-08-19T08:20:48.965320Z","level":"info","event":"Pyspark imported, version: 3.5.2","logger":"unusual_prefix_377e48747e3957bb035dd88b74b86ec1d0ec8c25_stocks_etl_dag","filename":"stocks_etl_dag.py","lineno":24}
{"timestamp":"2026-08-19T08:20:50.301850Z","level":"info","event":"ETL function imported succesfully!","logger":"unusual_prefix_377e48747e3957bb035dd88b74b86ec1d0ec8c25_stocks_etl_dag","filename":"stocks_etl_dag.py","lineno":32}
{"timestamp":"2026-08-19T08:20:50.309079Z","level":"info","event":"DAG loaded sucessfully!","logger":"unusual_prefix_377e48747e3957bb035dd88b74b86ec1d0ec8c25_stocks_etl_dag","filename":"stocks_etl_dag.py","lineno":103}
{"timestamp":"2026-08-19T08:21:20.826722Z","level":"info","event":"Filling up the DagBag from /opt/airflow/dags/stocks_etl_dag.py","logger":"airflow.dag_processing.dagbag.BundleDagBag","filename":"dagbag.py","lineno":460}
{"timestamp":"2026-08-19T08:21:21.029782Z","level":"info","event":"Pyspark imported, version: 3.5.2","logger":"unusual_prefix_377e48747e3957bb035dd88b74b86ec1d0ec8c25_stocks_etl_dag","filename":"stocks_etl_dag.py","lineno":24}
{"timestamp":"2026-08-19T08:21:21.872330Z","level":"info","event":"ETL function imported succesfully!","logger":"unusual_prefix_377e48747e3957bb035dd88b74b86ec1d0ec8c25_stocks_etl_dag","filename":"stocks_etl_dag.py","lineno":32}
{"timestamp":"2026-08-19T08:21:21.878482Z","level":"info","event":"DAG loaded sucessfully!","logger":"unusual_prefix_377e48747e3957bb035dd88b74b86ec1d0ec8c25_stocks_etl_dag","filename":"stocks_etl_dag.py","lineno":103}
{"timestamp":"2026-08-19T08:21:52.923334Z","level":"info","event":"Filling up the DagBag from /opt/airflow/dags/stocks_etl_dag.py","logger":"airflow.dag_processing.dagbag.BundleDagBag","filename":"dagbag.py","lineno":460}
{"timestamp":"2026-08-19T08:21:53.238383Z","level":"info","event":"Pyspark imported, version: 3.5.2","logger":"unusual_prefix_377e48747e3957bb035dd88b74b86ec1d0ec8c25_stocks_etl_dag","filename":"stocks_etl_dag.py","lineno":24}
{"timestamp":"2026-08-19T08:21:54.219589Z","level":"info","event":"ETL function imported succesfully!","logger":"unusual_prefix_377e48747e3957bb035dd88b74b86ec1d0ec8c25_stocks_etl_dag","filename":"stocks_etl_dag.py","lineno":32}
{"timestamp":"2026-08-19T08:21:54.224890Z","level":"info","event":"DAG loaded sucessfully!","logger":"unusual_prefix_377e48747e3957bb035dd88b74b86ec1d0ec8c25_stocks_etl_dag","filename":"stocks_etl_dag.py","lineno":103}
{"timestamp":"2026-08-19T08:22:24.365919Z","level":"info","event":"Filling up the DagBag from /opt/airflow/dags/stocks_etl_dag.py","logger":"airflow.dag_processing.dagbag.BundleDagBag","filename":"dagbag.py","lineno":460}
{"timestamp":"2026-08-19T08:22:24.607153Z","level":"info","event":"Pyspark imported, version: 3.5.2","logger":"unusual_prefix_377e48747e3957bb035dd88b74b86ec1d0ec8c25_stocks_etl_dag","filename":"stocks_etl_dag.py","lineno":24}
{"timestamp":"2026-08-19T08:22:25.978515Z","level":"info","event":"ETL function imported succesfully!","logger":"unusual_prefix_377e48747e3957bb035dd88b74b86ec1d0ec8c25_stocks_etl_dag","filename":"stocks_etl_dag.py","lineno":32}
{"timestamp":"2026-08-19T08:22:25.986492Z","level":"info","event":"DAG loaded sucessfully!","logger":"unusual_prefix_377e48747e3957bb035dd88b74b86ec1d0ec8c25_stocks_etl_dag","filename":"stocks_etl_dag.py","lineno":103}
{"timestamp":"2026-08-19T08:22:56.405769Z","level":"info","event":"Filling up the DagBag from /opt/airflow/dags/stocks_etl_dag.py","logger":"airflow.dag_processing.dagbag.BundleDagBag","filename":"dagbag.py","lineno":460}
{"timestamp":"2026-08-19T08:22:56.643386Z","level":"info","event":"Pyspark imported, version: 3.5.2","logger":"unusual_prefix_377e48747e3957bb035dd88b74b86ec1d0ec8c25_stocks_etl_dag","filename":"stocks_etl_dag.py","lineno":24}
{"timestamp":"2026-08-19T08:22:57.331677Z","level":"info","event":"ETL function imported succesfully!","logger":"unusual_prefix_377e48747e3957bb035dd88b74b86ec1d0ec8c25_stocks_etl_dag","filename":"stocks_etl_dag.py","lineno":32}
{"timestamp":"2026-08-19T08:22:57.336583Z","level":"info","event":"DAG loaded sucessfully!","logger":"unusual_prefix_377e48747e3957bb035dd88b74b86ec1d0ec8c25_stocks_etl_dag","filename":"stocks_etl_dag.py","lineno":103}
{"timestamp":"2026-08-19T08:23:27.799091Z","level":"info","event":"Filling up the DagBag from /opt/airflow/dags/stocks_etl_dag.py","logger":"airflow.dag_processing.dagbag.BundleDagBag","filename":"dagbag.py","lineno":460}
{"timestamp":"2026-08-19T08:23:28.004948Z","level":"info","event":"Pyspark imported, version: 3.5.2","logger":"unusual_prefix_377e48747e3957bb035dd88b74b86ec1d0ec8c25_stocks_etl_dag","filename":"stocks_etl_dag.py","lineno":24}
{"timestamp":"2026-08-19T08:23:28.794982Z","level":"info","event":"ETL function imported succesfully!","logger":"unusual_prefix_377e48747e3957bb035dd88b74b86ec1d0ec8c25_stocks_etl_dag","filename":"stocks_etl_dag.py","lineno":32}
{"timestamp":"2026-08-19T08:23:28.799748Z","level":"info","event":"DAG loaded sucessfully!","logger":"unusual_prefix_377e48747e3957bb035dd88b74b86ec1d0ec8c25_stocks_etl_dag","filename":"stocks_etl_dag.py","lineno":103}
{"timestamp":"2026-08-19T08:23:59.383325Z","level":"info","event":"Filling up the DagBag from /opt/airflow/dags/stocks_etl_dag.py","logger":"airflow.dag_processing.dagbag.BundleDagBag","filename":"dagbag.py","lineno":460}
{"timestamp":"2026-08-19T08:23:59.711518Z","level":"info","event":"Pyspark imported, version: 3.5.2","logger":"unusual_prefix_377e48747e3957bb035dd88b74b86ec1d0ec8c25_stocks_etl_dag","filename":"stocks_etl_dag.py","lineno":24}
{"timestamp":"2026-08-19T08:24:00.683421Z","level":"info","event":"ETL function imported succesfully!","logger":"unusual_prefix_377e48747e3957bb035dd88b74b86ec1d0ec8c25_stocks_etl_dag","filename":"stocks_etl_dag.py","lineno":32}
{"timestamp":"2026-08-19T08:24:00.688958Z","level":"info","event":"DAG loaded sucessfully!","logger":"unusual_prefix_377e48747e3957bb035dd88b74b86ec1d0ec8c25_stocks_etl_dag","filename":"stocks_etl_dag.py","lineno":103}
{"timestamp":"2026-08-19T08:24:31.246840Z","level":"info","event":"Filling up the DagBag from /opt/airflow/dags/stocks_etl_dag.py","logger":"airflow.dag_processing.dagbag.BundleDagBag","filename":"dagbag.py","lineno":460}
{"timestamp":"2026-08-19T08:24:31.572691Z","level":"info","event":"Pyspark imported, version: 3.5.2","logger":"unusual_prefix_377e48747e3957bb035dd88b74b86ec1d0ec8c25_stocks_etl_dag","filename":"stocks_etl_dag.py","lineno":24}
{"timestamp":"2026-08-19T08:24:32.808919Z","level":"info","event":"ETL function imported succesfully!","logger":"unusual_prefix_377e48747e3957bb035dd88b74b86ec1d0ec8c25_stocks_etl_dag","filename":"stocks_etl_dag.py","lineno":32}
{"timestamp":"2026-08-19T08:24:32.841601Z","level":"info","event":"DAG loaded sucessfully!","logger":"unusual_prefix_377e48747e3957bb035dd88b74b86ec1d0ec8c25_stocks_etl_dag","filename":"stocks_etl_dag.py","lineno":103}
{"timestamp":"2026-08-19T08:25:03.576502Z","level":"info","event":"Filling up the DagBag from /opt/airflow/dags/stocks_etl_dag.py","logger":"airflow.dag_processing.dagbag.BundleDagBag","filename":"dagbag.py","lineno":460}
{"timestamp":"2026-08-19T08:25:03.754445Z","level":"info","event":"Pyspark imported, version: 3.5.2","logger":"unusual_prefix_377e48747e3957bb035dd88b74b86ec1d0ec8c25_stocks_etl_dag","filename":"stocks_etl_dag.py","lineno":24}
{"timestamp":"2026-08-19T08:25:04.620211Z","level":"info","event":"ETL function imported succesfully!","logger":"unusual_prefix_377e48747e3957bb035dd88b74b86ec1d0ec8c25_stocks_etl_dag","filename":"stocks_etl_dag.py","lineno":32}
{"timestamp":"2026-08-19T08:25:04.628220Z","level":"info","event":"DAG loaded sucessfully!","logger":"unusual_prefix_377e48747e3957bb035dd88b74b86ec1d0ec8c25_stocks_etl_dag","filename":"stocks_etl_dag.py","lineno":103}
{"timestamp":"2026-08-19T08:25:35.065384Z","level":"info","event":"Filling up the DagBag from /opt/airflow/dags/stocks_etl_dag.py","logger":"airflow.dag_processing.dagbag.BundleDagBag","filename":"dagbag.py","lineno":460}
{"timestamp":"2026-08-19T08:25:35.304224Z","level":"info","event":"Pyspark imported, version: 3.5.2","logger":"unusual_prefix_377e48747e3957bb035dd88b74b86ec1d0ec8c25_stocks_etl_dag","filename":"stocks_etl_dag.py","lineno":24}
{"timestamp":"2026-08-19T08:25:36.524848Z","level":"info","event":"ETL function imported succesfully!","logger":"unusual_prefix_377e48747e3957bb035dd88b74b86ec1d0ec8c25_stocks_etl_dag","filename":"stocks_etl_dag.py","lineno":32}
{"timestamp":"2026-08-19T08:25:36.530654Z","level":"info","event":"DAG loaded sucessfully!","logger":"unusual_prefix_377e48747e3957bb035dd88b74b86ec1d0ec8c25_stocks_etl_dag","filename":"stocks_etl_dag.py","lineno":103}
{"timestamp":"2026-08-19T08:26:07.403694Z","level":"info","event":"Filling up the DagBag from /opt/airflow/dags/stocks_etl_dag.py","logger":"airflow.dag_processing.dagbag.BundleDagBag","filename":"dagbag.py","lineno":460}
{"timestamp":"2026-08-19T08:26:07.775748Z","level":"info","event":"Pyspark imported, version: 3.5.2","logger":"unusual_prefix_377e48747e3957bb035dd88b74b86ec1d0ec8c25_stocks_etl_dag","filename":"stocks_etl_dag.py","lineno":24}
{"timestamp":"2026-08-19T08:26:09.574763Z","level":"info","event":"ETL function imported succesfully!","logger":"unusual_prefix_377e48747e3957bb035dd88b74b86ec1d0ec8c25_stocks_etl_dag","filename":"stocks_etl_dag.py","lineno":32}
{"timestamp":"2026-08-19T08:26:09.582070Z","level":"info","event":"DAG loaded sucessfully!","logger":"unusual_prefix_377e48747e3957bb035dd88b74b86ec1d0ec8c25_stocks_etl_dag","filename":"stocks_etl_dag.py","lineno":103}
{"timestamp":"2026-08-19T08:26:40.282957Z","level":"info","event":"Filling up the DagBag from /opt/airflow/dags/stocks_etl_dag.py","logger":"airflow.dag_processing.dagbag.BundleDagBag","filename":"dagbag.py","lineno":460}
{"timestamp":"2026-08-19T08:26:40.593921Z","level":"info","event":"Pyspark imported, version: 3.5.2","logger":"unusual_prefix_377e48747e3957bb035dd88b74b86ec1d0ec8c25_stocks_etl_dag","filename":"stocks_etl_dag.py","lineno":24}
{"timestamp":"2026-08-19T08:26:42.028772Z","level":"info","event":"ETL function imported succesfully!","logger":"unusual_prefix_377e48747e3957bb035dd88b74b86ec1d0ec8c25_stocks_etl_dag","filename":"stocks_etl_dag.py","lineno":32}
{"timestamp":"2026-08-19T08:26:42.037866Z","level":"info","event":"DAG loaded sucessfully!","logger":"unusual_prefix_377e48747e3957bb035dd88b74b86ec1d0ec8c25_stocks_etl_dag","filename":"stocks_etl_dag.py","lineno":103}
{"timestamp":"2026-08-19T08:27:12.170995Z","level":"info","event":"Filling up the DagBag from /opt/airflow/dags/stocks_etl_dag.py","logger":"airflow.dag_processing.dagbag.BundleDagBag","filename":"dagbag.py","lineno":460}
{"timestamp":"2026-08-19T08:27:12.348672Z","level":"info","event":"Pyspark imported, version: 3.5.2","logger":"unusual_prefix_377e48747e3957bb035dd88b74b86ec1d0ec8c25_stocks_etl_dag","filename":"stocks_etl_dag.py","lineno":24}
{"timestamp":"2026-08-19T08:27:13.201186Z","level":"info","event":"ETL function imported succesfully!","logger":"unusual_prefix_377e48747e3957bb035dd88b74b86ec1d0ec8c25_stocks_etl_dag","filename":"stocks_etl_dag.py","lineno":32}
{"timestamp":"2026-08-19T08:27:13.206946Z","level":"info","event":"DAG loaded sucessfully!","logger":"unusual_prefix_377e48747e3957bb035dd88b74b86ec1d0ec8c25_stocks_etl_dag","filename":"stocks_etl_dag.py","lineno":103}
{"timestamp":"2026-08-19T08:27:43.907779Z","level":"info","event":"Filling up the DagBag from /opt/airflow/dags/stocks_etl_dag.py","logger":"airflow.dag_processing.dagbag.BundleDagBag","filename":"dagbag.py","lineno":460}
{"timestamp":"2026-08-19T08:27:44.206703Z","level":"info","event":"Pyspark imported, version: 3.5.2","logger":"unusual_prefix_377e48747e3957bb035dd88b74b86ec1d0ec8c25_stocks_etl_dag","filename":"stocks_etl_dag.py","lineno":24}
{"timestamp":"2026-08-19T08:27:45.181095Z","level":"info","event":"ETL function imported succesfully!","logger":"unusual_prefix_377e48747e3957bb035dd88b74b86ec1d0ec8c25_stocks_etl_dag","filename":"stocks_etl_dag.py","lineno":32}
{"timestamp":"2026-08-19T08:27:45.186271Z","level":"info","event":"DAG loaded sucessfully!","logger":"unusual_prefix_377e48747e3957bb035dd88b74b86ec1d0ec8c25_stocks_etl_dag","filename":"stocks_etl_dag.py","lineno":103}
{"timestamp":"2026-08-19T08:28:15.513589Z","level":"info","event":"Filling up the DagBag from /opt/airflow/dags/stocks_etl_dag.py","logger":"airflow.dag_processing.dagbag.BundleDagBag","filename":"dagbag.py","lineno":460}
{"timestamp":"2026-08-19T08:28:15.973355Z","level":"info","event":"Pyspark imported, version: 3.5.2","logger":"unusual_prefix_377e48747e3957bb035dd88b74b86ec1d0ec8c25_stocks_etl_dag","filename":"stocks_etl_dag.py","lineno":24}
{"timestamp":"2026-08-19T08:28:17.322248Z","level":"info","event":"ETL function imported succesfully!","logger":"unusual_prefix_377e48747e3957bb035dd88b74b86ec1d0ec8c25_stocks_etl_dag","filename":"stocks_etl_dag.py","lineno":32}
{"timestamp":"2026-08-19T08:28:17.330982Z","level":"info","event":"DAG loaded sucessfully!","logger":"unusual_prefix_377e48747e3957bb035dd88b74b86ec1d0ec8c25_stocks_etl_dag","filename":"stocks_etl_dag.py","lineno":103}
{"timestamp":"2026-08-19T08:28:47.844062Z","level":"info","event":"Filling up the DagBag from /opt/airflow/dags/stocks_etl_dag.py","logger":"airflow.dag_processing.dagbag.BundleDagBag","filename":"dagbag.py","lineno":460}
{"timestamp":"2026-08-19T08:28:48.022443Z","level":"info","event":"Pyspark imported, version: 3.5.2","logger":"unusual_prefix_377e48747e3957bb035dd88b74b86ec1d0ec8c25_stocks_etl_dag","filename":"stocks_etl_dag.py","lineno":24}
{"timestamp":"2026-08-19T08:28:48.771700Z","level":"info","event":"ETL function imported succesfully!","logger":"unusual_prefix_377e48747e3957bb035dd88b74b86ec1d0ec8c25_stocks_etl_dag","filename":"stocks_etl_dag.py","lineno":32}
{"timestamp":"2026-08-19T08:28:48.776326Z","level":"info","event":"DAG loaded sucessfully!","logger":"unusual_prefix_377e48747e3957bb035dd88b74b86ec1d0ec8c25_stocks_etl_dag","filename":"stocks_etl_dag.py","lineno":103}
{"timestamp":"2026-08-19T08:29:19.436978Z","level":"info","event":"Filling up the DagBag from /opt/airflow/dags/stocks_etl_dag.py","logger":"airflow.dag_processing.dagbag.BundleDagBag","filename":"dagbag.py","lineno":460}
{"timestamp":"2026-08-19T08:29:19.625510Z","level":"info","event":"Pyspark imported, version: 3.5.2","logger":"unusual_prefix_377e48747e3957bb035dd88b74b86ec1d0ec8c25_stocks_etl_dag","filename":"stocks_etl_dag.py","lineno":24}
{"timestamp":"2026-08-19T08:29:20.487037Z","level":"info","event":"ETL function imported succesfully!","logger":"unusual_prefix_377e48747e3957bb035dd88b74b86ec1d0ec8c25_stocks_etl_dag","filename":"stocks_etl_dag.py","lineno":32}
{"timestamp":"2026-08-19T08:29:20.492520Z","level":"info","event":"DAG loaded sucessfully!","logger":"unusual_prefix_377e48747e3957bb035dd88b74b86ec1d0ec8c25_stocks_etl_dag","filename":"stocks_etl_dag.py","lineno":103}
{"timestamp":"2026-08-19T08:29:51.025345Z","level":"info","event":"Filling up the DagBag from /opt/airflow/dags/stocks_etl_dag.py","logger":"airflow.dag_processing.dagbag.BundleDagBag","filename":"dagbag.py","lineno":460}
{"timestamp":"2026-08-19T08:29:51.357470Z","level":"info","event":"Pyspark imported, version: 3.5.2","logger":"unusual_prefix_377e48747e3957bb035dd88b74b86ec1d0ec8c25_stocks_etl_dag","filename":"stocks_etl_dag.py","lineno":24}
{"timestamp":"2026-08-19T08:29:52.391075Z","level":"info","event":"ETL function imported succesfully!","logger":"unusual_prefix_377e48747e3957bb035dd88b74b86ec1d0ec8c25_stocks_etl_dag","filename":"stocks_etl_dag.py","lineno":32}
{"timestamp":"2026-08-19T08:29:52.397055Z","level":"info","event":"DAG loaded sucessfully!","logger":"unusual_prefix_377e48747e3957bb035dd88b74b86ec1d0ec8c25_stocks_etl_dag","filename":"stocks_etl_dag.py","lineno":103}
{"timestamp":"2026-08-19T08:30:22.521827Z","level":"info","event":"Filling up the DagBag from /opt/airflow/dags/stocks_etl_dag.py","logger":"airflow.dag_processing.dagbag.BundleDagBag","filename":"dagbag.py","lineno":460}
{"timestamp":"2026-08-19T08:30:22.710723Z","level":"info","event":"Pyspark imported, version: 3.5.2","logger":"unusual_prefix_377e48747e3957bb035dd88b74b86ec1d0ec8c25_stocks_etl_dag","filename":"stocks_etl_dag.py","lineno":24}
{"timestamp":"2026-08-19T08:30:23.725471Z","level":"info","event":"ETL function imported succesfully!","logger":"unusual_prefix_377e48747e3957bb035dd88b74b86ec1d0ec8c25_stocks_etl_dag","filename":"stocks_etl_dag.py","lineno":32}
{"timestamp":"2026-08-19T08:30:23.733006Z","level":"info","event":"DAG loaded sucessfully!","logger":"unusual_prefix_377e48747e3957bb035dd88b74b86ec1d0ec8c25_stocks_etl_dag","filename":"stocks_etl_dag.py","lineno":103}
{"timestamp":"2026-08-19T08:30:53.904112Z","level":"info","event":"Filling up the DagBag from /opt/airflow/dags/stocks_etl_dag.py","logger":"airflow.dag_processing.dagbag.BundleDagBag","filename":"dagbag.py","lineno":460}
{"timestamp":"2026-08-19T08:30:54.082872Z","level":"info","event":"Pyspark imported, version: 3.5.2","logger":"unusual_prefix_377e48747e3957bb035dd88b74b86ec1d0ec8c25_stocks_etl_dag","filename":"stocks_etl_dag.py","lineno":24}
{"timestamp":"2026-08-19T08:30:54.910410Z","level":"info","event":"ETL function imported succesfully!","logger":"unusual_prefix_377e48747e3957bb035dd88b74b86ec1d0ec8c25_stocks_etl_dag","filename":"stocks_etl_dag.py","lineno":32}
{"timestamp":"2026-08-19T08:30:54.917329Z","level":"info","event":"DAG loaded sucessfully!","logger":"unusual_prefix_377e48747e3957bb035dd88b74b86ec1d0ec8c25_stocks_etl_dag","filename":"stocks_etl_dag.py","lineno":103}
{"timestamp":"2026-08-19T08:31:25.510658Z","level":"info","event":"Filling up the DagBag from /opt/airflow/dags/stocks_etl_dag.py","logger":"airflow.dag_processing.dagbag.BundleDagBag","filename":"dagbag.py","lineno":460}
{"timestamp":"2026-08-19T08:31:25.877742Z","level":"info","event":"Pyspark imported, version: 3.5.2","logger":"unusual_prefix_377e48747e3957bb035dd88b74b86ec1d0ec8c25_stocks_etl_dag","filename":"stocks_etl_dag.py","lineno":24}
{"timestamp":"2026-08-19T08:31:27.191281Z","level":"info","event":"ETL function imported succesfully!","logger":"unusual_prefix_377e48747e3957bb035dd88b74b86ec1d0ec8c25_stocks_etl_dag","filename":"stocks_etl_dag.py","lineno":32}
{"timestamp":"2026-08-19T08:31:27.196930Z","level":"info","event":"DAG loaded sucessfully!","logger":"unusual_prefix_377e48747e3957bb035dd88b74b86ec1d0ec8c25_stocks_etl_dag","filename":"stocks_etl_dag.py","lineno":103}
{"timestamp":"2026-08-19T08:31:58.428108Z","level":"info","event":"Filling up the DagBag from /opt/airflow/dags/stocks_etl_dag.py","logger":"airflow.dag_processing.dagbag.BundleDagBag","filename":"dagbag.py","lineno":460}
{"timestamp":"2026-08-19T08:31:58.752210Z","level":"info","event":"Pyspark imported, version: 3.5.2","logger":"unusual_prefix_377e48747e3957bb035dd88b74b86ec1d0ec8c25_stocks_etl_dag","filename":"stocks_etl_dag.py","lineno":24}
{"timestamp":"2026-08-19T08:31:59.936469Z","level":"info","event":"ETL function imported succesfully!","logger":"unusual_prefix_377e48747e3957bb035dd88b74b86ec1d0ec8c25_stocks_etl_dag","filename":"stocks_etl_dag.py","lineno":32}
{"timestamp":"2026-08-19T08:31:59.943012Z","level":"info","event":"DAG loaded sucessfully!","logger":"unusual_prefix_377e48747e3957bb035dd88b74b86ec1d0ec8c25_stocks_etl_dag","filename":"stocks_etl_dag.py","lineno":103}
{"timestamp":"2026-08-19T08:32:30.355750Z","level":"info","event":"Filling up the DagBag from /opt/airflow/dags/stocks_etl_dag.py","logger":"airflow.dag_processing.dagbag.BundleDagBag","filename":"dagbag.py","lineno":460}
{"timestamp":"2026-08-19T08:32:30.509323Z","level":"info","event":"Pyspark imported, version: 3.5.2","logger":"unusual_prefix_377e48747e3957bb035dd88b74b86ec1d0ec8c25_stocks_etl_dag","filename":"stocks_etl_dag.py","lineno":24}
{"timestamp":"2026-08-19T08:32:31.231639Z","level":"info","event":"ETL function imported succesfully!","logger":"unusual_prefix_377e48747e3957bb035dd88b74b86ec1d0ec8c25_stocks_etl_dag","filename":"stocks_etl_dag.py","lineno":32}
{"timestamp":"2026-08-19T08:32:31.236754Z","level":"info","event":"DAG loaded sucessfully!","logger":"unusual_prefix_377e48747e3957bb035dd88b74b86ec1d0ec8c25_stocks_etl_dag","filename":"stocks_etl_dag.py","lineno":103}
{"timestamp":"2026-08-19T08:33:01.823033Z","level":"info","event":"Filling up the DagBag from /opt/airflow/dags/stocks_etl_dag.py","logger":"airflow.dag_processing.dagbag.BundleDagBag","filename":"dagbag.py","lineno":460}
{"timestamp":"2026-08-19T08:33:02.000485Z","level":"info","event":"Pyspark imported, version: 3.5.2","logger":"unusual_prefix_377e48747e3957bb035dd88b74b86ec1d0ec8c25_stocks_etl_dag","filename":"stocks_etl_dag.py","lineno":24}
{"timestamp":"2026-08-19T08:33:02.851950Z","level":"info","event":"ETL function imported succesfully!","logger":"unusual_prefix_377e48747e3957bb035dd88b74b86ec1d0ec8c25_stocks_etl_dag","filename":"stocks_etl_dag.py","lineno":32}
{"timestamp":"2026-08-19T08:33:02.857169Z","level":"info","event":"DAG loaded sucessfully!","logger":"unusual_prefix_377e48747e3957bb035dd88b74b86ec1d0ec8c25_stocks_etl_dag","filename":"stocks_etl_dag.py","lineno":103}
{"timestamp":"2026-08-19T08:33:33.561619Z","level":"info","event":"Filling up the DagBag from /opt/airflow/dags/stocks_etl_dag.py","logger":"airflow.dag_processing.dagbag.BundleDagBag","filename":"dagbag.py","lineno":460}
{"timestamp":"2026-08-19T08:33:33.824703Z","level":"info","event":"Pyspark imported, version: 3.5.2","logger":"unusual_prefix_377e48747e3957bb035dd88b74b86ec1d0ec8c25_stocks_etl_dag","filename":"stocks_etl_dag.py","lineno":24}
{"timestamp":"2026-08-19T08:33:35.217395Z","level":"info","event":"ETL function imported succesfully!","logger":"unusual_prefix_377e48747e3957bb035dd88b74b86ec1d0ec8c25_stocks_etl_dag","filename":"stocks_etl_dag.py","lineno":32}
{"timestamp":"2026-08-19T08:33:35.228849Z","level":"info","event":"DAG loaded sucessfully!","logger":"unusual_prefix_377e48747e3957bb035dd88b74b86ec1d0ec8c25_stocks_etl_dag","filename":"stocks_etl_dag.py","lineno":103}
{"timestamp":"2026-08-19T08:34:05.690672Z","level":"info","event":"Filling up the DagBag from /opt/airflow/dags/stocks_etl_dag.py","logger":"airflow.dag_processing.dagbag.BundleDagBag","filename":"dagbag.py","lineno":460}
{"timestamp":"2026-08-19T08:34:05.854409Z","level":"info","event":"Pyspark imported, version: 3.5.2","logger":"unusual_prefix_377e48747e3957bb035dd88b74b86ec1d0ec8c25_stocks_etl_dag","filename":"stocks_etl_dag.py","lineno":24}
{"timestamp":"2026-08-19T08:34:06.732701Z","level":"info","event":"ETL function imported succesfully!","logger":"unusual_prefix_377e48747e3957bb035dd88b74b86ec1d0ec8c25_stocks_etl_dag","filename":"stocks_etl_dag.py","lineno":32}
{"timestamp":"2026-08-19T08:34:06.740729Z","level":"info","event":"DAG loaded sucessfully!","logger":"unusual_prefix_377e48747e3957bb035dd88b74b86ec1d0ec8c25_stocks_etl_dag","filename":"stocks_etl_dag.py","lineno":103}
{"timestamp":"2026-08-19T08:34:37.179397Z","level":"info","event":"Filling up the DagBag from /opt/airflow/dags/stocks_etl_dag.py","logger":"airflow.dag_processing.dagbag.BundleDagBag","filename":"dagbag.py","lineno":460}
{"timestamp":"2026-08-19T08:34:37.455211Z","level":"info","event":"Pyspark imported, version: 3.5.2","logger":"unusual_prefix_377e48747e3957bb035dd88b74b86ec1d0ec8c25_stocks_etl_dag","filename":"stocks_etl_dag.py","lineno":24}
{"timestamp":"2026-08-19T08:34:38.807497Z","level":"info","event":"ETL function imported succesfully!","logger":"unusual_prefix_377e48747e3957bb035dd88b74b86ec1d0ec8c25_stocks_etl_dag","filename":"stocks_etl_dag.py","lineno":32}
{"timestamp":"2026-08-19T08:34:38.814907Z","level":"info","event":"DAG loaded sucessfully!","logger":"unusual_prefix_377e48747e3957bb035dd88b74b86ec1d0ec8c25_stocks_etl_dag","filename":"stocks_etl_dag.py","lineno":103}
{"timestamp":"2026-08-19T08:35:09.672391Z","level":"info","event":"Filling up the DagBag from /opt/airflow/dags/stocks_etl_dag.py","logger":"airflow.dag_processing.dagbag.BundleDagBag","filename":"dagbag.py","lineno":460}
{"timestamp":"2026-08-19T08:35:09.841776Z","level":"info","event":"Pyspark imported, version: 3.5.2","logger":"unusual_prefix_377e48747e3957bb035dd88b74b86ec1d0ec8c25_stocks_etl_dag","filename":"stocks_etl_dag.py","lineno":24}
{"timestamp":"2026-08-19T08:35:10.722562Z","level":"info","event":"ETL function imported succesfully!","logger":"unusual_prefix_377e48747e3957bb035dd88b74b86ec1d0ec8c25_stocks_etl_dag","filename":"stocks_etl_dag.py","lineno":32}
{"timestamp":"2026-08-19T08:35:10.727967Z","level":"info","event":"DAG loaded sucessfully!","logger":"unusual_prefix_377e48747e3957bb035dd88b74b86ec1d0ec8c25_stocks_etl_dag","filename":"stocks_etl_dag.py","lineno":103}
{"timestamp":"2026-08-19T08:35:42.505067Z","level":"info","event":"Filling up the DagBag from /opt/airflow/dags/stocks_etl_dag.py","logger":"airflow.dag_processing.dagbag.BundleDagBag","filename":"dagbag.py","lineno":460}
{"timestamp":"2026-08-19T08:35:42.860475Z","level":"info","event":"Pyspark imported, version: 3.5.2","logger":"unusual_prefix_377e48747e3957bb035dd88b74b86ec1d0ec8c25_stocks_etl_dag","filename":"stocks_etl_dag.py","lineno":24}
{"timestamp":"2026-08-19T08:35:44.075197Z","level":"info","event":"ETL function imported succesfully!","logger":"unusual_prefix_377e48747e3957bb035dd88b74b86ec1d0ec8c25_stocks_etl_dag","filename":"stocks_etl_dag.py","lineno":32}
{"timestamp":"2026-08-19T08:35:44.081824Z","level":"info","event":"DAG loaded sucessfully!","logger":"unusual_prefix_377e48747e3957bb035dd88b74b86ec1d0ec8c25_stocks_etl_dag","filename":"stocks_etl_dag.py","lineno":103}
{"timestamp":"2026-08-19T08:36:14.928914Z","level":"info","event":"Filling up the DagBag from /opt/airflow/dags/stocks_etl_dag.py","logger":"airflow.dag_processing.dagbag.BundleDagBag","filename":"dagbag.py","lineno":460}
{"timestamp":"2026-08-19T08:36:15.207296Z","level":"info","event":"Pyspark imported, version: 3.5.2","logger":"unusual_prefix_377e48747e3957bb035dd88b74b86ec1d0ec8c25_stocks_etl_dag","filename":"stocks_etl_dag.py","lineno":24}
{"timestamp":"2026-08-19T08:36:16.840347Z","level":"info","event":"ETL function imported succesfully!","logger":"unusual_prefix_377e48747e3957bb035dd88b74b86ec1d0ec8c25_stocks_etl_dag","filename":"stocks_etl_dag.py","lineno":32}
{"timestamp":"2026-08-19T08:36:16.852164Z","level":"info","event":"DAG loaded sucessfully!","logger":"unusual_prefix_377e48747e3957bb035dd88b74b86ec1d0ec8c25_stocks_etl_dag","filename":"stocks_etl_dag.py","lineno":103}
{"timestamp":"2026-08-19T08:36:47.679203Z","level":"info","event":"Filling up the DagBag from /opt/airflow/dags/stocks_etl_dag.py","logger":"airflow.dag_processing.dagbag.BundleDagBag","filename":"dagbag.py","lineno":460}
{"timestamp":"2026-08-19T08:36:47.906315Z","level":"info","event":"Pyspark imported, version: 3.5.2","logger":"unusual_prefix_377e48747e3957bb035dd88b74b86ec1d0ec8c25_stocks_etl_dag","filename":"stocks_etl_dag.py","lineno":24}
{"timestamp":"2026-08-19T08:36:48.939385Z","level":"info","event":"ETL function imported succesfully!","logger":"unusual_prefix_377e48747e3957bb035dd88b74b86ec1d0ec8c25_stocks_etl_dag","filename":"stocks_etl_dag.py","lineno":32}
{"timestamp":"2026-08-19T08:36:48.945548Z","level":"info","event":"DAG loaded sucessfully!","logger":"unusual_prefix_377e48747e3957bb035dd88b74b86ec1d0ec8c25_stocks_etl_dag","filename":"stocks_etl_dag.py","lineno":103}
{"timestamp":"2026-08-19T08:37:19.309012Z","level":"info","event":"Filling up the DagBag from /opt/airflow/dags/stocks_etl_dag.py","logger":"airflow.dag_processing.dagbag.BundleDagBag","filename":"dagbag.py","lineno":460}
{"timestamp":"2026-08-19T08:37:19.532427Z","level":"info","event":"Pyspark imported, version: 3.5.2","logger":"unusual_prefix_377e48747e3957bb035dd88b74b86ec1d0ec8c25_stocks_etl_dag","filename":"stocks_etl_dag.py","lineno":24}
{"timestamp":"2026-08-19T08:37:20.485440Z","level":"info","event":"ETL function imported succesfully!","logger":"unusual_prefix_377e48747e3957bb035dd88b74b86ec1d0ec8c25_stocks_etl_dag","filename":"stocks_etl_dag.py","lineno":32}
{"timestamp":"2026-08-19T08:37:20.490993Z","level":"info","event":"DAG loaded sucessfully!","logger":"unusual_prefix_377e48747e3957bb035dd88b74b86ec1d0ec8c25_stocks_etl_dag","filename":"stocks_etl_dag.py","lineno":103}
{"timestamp":"2026-08-19T08:37:50.690831Z","level":"info","event":"Filling up the DagBag from /opt/airflow/dags/stocks_etl_dag.py","logger":"airflow.dag_processing.dagbag.BundleDagBag","filename":"dagbag.py","lineno":460}
{"timestamp":"2026-08-19T08:37:51.001465Z","level":"info","event":"Pyspark imported, version: 3.5.2","logger":"unusual_prefix_377e48747e3957bb035dd88b74b86ec1d0ec8c25_stocks_etl_dag","filename":"stocks_etl_dag.py","lineno":24}
{"timestamp":"2026-08-19T08:37:52.186690Z","level":"info","event":"ETL function imported succesfully!","logger":"unusual_prefix_377e48747e3957bb035dd88b74b86ec1d0ec8c25_stocks_etl_dag","filename":"stocks_etl_dag.py","lineno":32}
{"timestamp":"2026-08-19T08:37:52.192930Z","level":"info","event":"DAG loaded sucessfully!","logger":"unusual_prefix_377e48747e3957bb035dd88b74b86ec1d0ec8c25_stocks_etl_dag","filename":"stocks_etl_dag.py","lineno":103}
{"timestamp":"2026-08-19T08:38:22.341989Z","level":"info","event":"Filling up the DagBag from /opt/airflow/dags/stocks_etl_dag.py","logger":"airflow.dag_processing.dagbag.BundleDagBag","filename":"dagbag.py","lineno":460}
{"timestamp":"2026-08-19T08:38:22.530790Z","level":"info","event":"Pyspark imported, version: 3.5.2","logger":"unusual_prefix_377e48747e3957bb035dd88b74b86ec1d0ec8c25_stocks_etl_dag","filename":"stocks_etl_dag.py","lineno":24}
{"timestamp":"2026-08-19T08:38:23.351385Z","level":"info","event":"ETL function imported succesfully!","logger":"unusual_prefix_377e48747e3957bb035dd88b74b86ec1d0ec8c25_stocks_etl_dag","filename":"stocks_etl_dag.py","lineno":32}
{"timestamp":"2026-08-19T08:38:23.356444Z","level":"info","event":"DAG loaded sucessfully!","logger":"unusual_prefix_377e48747e3957bb035dd88b74b86ec1d0ec8c25_stocks_etl_dag","filename":"stocks_etl_dag.py","lineno":103}
{"timestamp":"2026-08-19T08:38:53.694765Z","level":"info","event":"Filling up the DagBag from /opt/airflow/dags/stocks_etl_dag.py","logger":"airflow.dag_processing.dagbag.BundleDagBag","filename":"dagbag.py","lineno":460}
{"timestamp":"2026-08-19T08:38:54.016275Z","level":"info","event":"Pyspark imported, version: 3.5.2","logger":"unusual_prefix_377e48747e3957bb035dd88b74b86ec1d0ec8c25_stocks_etl_dag","filename":"stocks_etl_dag.py","lineno":24}
{"timestamp":"2026-08-19T08:38:55.185771Z","level":"info","event":"ETL function imported succesfully!","logger":"unusual_prefix_377e48747e3957bb035dd88b74b86ec1d0ec8c25_stocks_etl_dag","filename":"stocks_etl_dag.py","lineno":32}
{"timestamp":"2026-08-19T08:38:55.192472Z","level":"info","event":"DAG loaded sucessfully!","logger":"unusual_prefix_377e48747e3957bb035dd88b74b86ec1d0ec8c25_stocks_etl_dag","filename":"stocks_etl_dag.py","lineno":103}
{"timestamp":"2026-08-19T08:39:25.719087Z","level":"info","event":"Filling up the DagBag from /opt/airflow/dags/stocks_etl_dag.py","logger":"airflow.dag_processing.dagbag.BundleDagBag","filename":"dagbag.py","lineno":460}
{"timestamp":"2026-08-19T08:39:26.168291Z","level":"info","event":"Pyspark imported, version: 3.5.2","logger":"unusual_prefix_377e48747e3957bb035dd88b74b86ec1d0ec8c25_stocks_etl_dag","filename":"stocks_etl_dag.py","lineno":24}
{"timestamp":"2026-08-19T08:39:27.684700Z","level":"info","event":"ETL function imported succesfully!","logger":"unusual_prefix_377e48747e3957bb035dd88b74b86ec1d0ec8c25_stocks_etl_dag","filename":"stocks_etl_dag.py","lineno":32}
{"timestamp":"2026-08-19T08:39:27.693663Z","level":"info","event":"DAG loaded sucessfully!","logger":"unusual_prefix_377e48747e3957bb035dd88b74b86ec1d0ec8c25_stocks_etl_dag","filename":"stocks_etl_dag.py","lineno":103}
{"timestamp":"2026-08-19T08:39:58.119912Z","level":"info","event":"Filling up the DagBag from /opt/airflow/dags/stocks_etl_dag.py","logger":"airflow.dag_processing.dagbag.BundleDagBag","filename":"dagbag.py","lineno":460}
{"timestamp":"2026-08-19T08:39:58.263731Z","level":"info","event":"Pyspark imported, version: 3.5.2","logger":"unusual_prefix_377e48747e3957bb035dd88b74b86ec1d0ec8c25_stocks_etl_dag","filename":"stocks_etl_dag.py","lineno":24}
{"timestamp":"2026-08-19T08:39:59.114929Z","level":"info","event":"ETL function imported succesfully!","logger":"unusual_prefix_377e48747e3957bb035dd88b74b86ec1d0ec8c25_stocks_etl_dag","filename":"stocks_etl_dag.py","lineno":32}
{"timestamp":"2026-08-19T08:39:59.119578Z","level":"info","event":"DAG loaded sucessfully!","logger":"unusual_prefix_377e48747e3957bb035dd88b74b86ec1d0ec8c25_stocks_etl_dag","filename":"stocks_etl_dag.py","lineno":103}
{"timestamp":"2026-08-19T08:40:29.422033Z","level":"info","event":"Filling up the DagBag from /opt/airflow/dags/stocks_etl_dag.py","logger":"airflow.dag_processing.dagbag.BundleDagBag","filename":"dagbag.py","lineno":460}
{"timestamp":"2026-08-19T08:40:29.618500Z","level":"info","event":"Pyspark imported, version: 3.5.2","logger":"unusual_prefix_377e48747e3957bb035dd88b74b86ec1d0ec8c25_stocks_etl_dag","filename":"stocks_etl_dag.py","lineno":24}
{"timestamp":"2026-08-19T08:40:30.477475Z","level":"info","event":"ETL function imported succesfully!","logger":"unusual_prefix_377e48747e3957bb035dd88b74b86ec1d0ec8c25_stocks_etl_dag","filename":"stocks_etl_dag.py","lineno":32}
{"timestamp":"2026-08-19T08:40:30.482404Z","level":"info","event":"DAG loaded sucessfully!","logger":"unusual_prefix_377e48747e3957bb035dd88b74b86ec1d0ec8c25_stocks_etl_dag","filename":"stocks_etl_dag.py","lineno":103}
{"timestamp":"2026-08-19T08:41:01.260045Z","level":"info","event":"Filling up the DagBag from /opt/airflow/dags/stocks_etl_dag.py","logger":"airflow.dag_processing.dagbag.BundleDagBag","filename":"dagbag.py","lineno":460}
{"timestamp":"2026-08-19T08:41:01.525775Z","level":"info","event":"Pyspark imported, version: 3.5.2","logger":"unusual_prefix_377e48747e3957bb035dd88b74b86ec1d0ec8c25_stocks_etl_dag","filename":"stocks_etl_dag.py","lineno":24}
{"timestamp":"2026-08-19T08:41:02.738082Z","level":"info","event":"ETL function imported succesfully!","logger":"unusual_prefix_377e48747e3957bb035dd88b74b86ec1d0ec8c25_stocks_etl_dag","filename":"stocks_etl_dag.py","lineno":32}
{"timestamp":"2026-08-19T08:41:02.744975Z","level":"info","event":"DAG loaded sucessfully!","logger":"unusual_prefix_377e48747e3957bb035dd88b74b86ec1d0ec8c25_stocks_etl_dag","filename":"stocks_etl_dag.py","lineno":103}
{"timestamp":"2026-08-19T08:41:33.018700Z","level":"info","event":"Filling up the DagBag from /opt/airflow/dags/stocks_etl_dag.py","logger":"airflow.dag_processing.dagbag.BundleDagBag","filename":"dagbag.py","lineno":460}
{"timestamp":"2026-08-19T08:41:33.178456Z","level":"info","event":"Pyspark imported, version: 3.5.2","logger":"unusual_prefix_377e48747e3957bb035dd88b74b86ec1d0ec8c25_stocks_etl_dag","filename":"stocks_etl_dag.py","lineno":24}
{"timestamp":"2026-08-19T08:41:34.127505Z","level":"info","event":"ETL function imported succesfully!","logger":"unusual_prefix_377e48747e3957bb035dd88b74b86ec1d0ec8c25_stocks_etl_dag","filename":"stocks_etl_dag.py","lineno":32}
{"timestamp":"2026-08-19T08:41:34.133142Z","level":"info","event":"DAG loaded sucessfully!","logger":"unusual_prefix_377e48747e3957bb035dd88b74b86ec1d0ec8c25_stocks_etl_dag","filename":"stocks_etl_dag.py","lineno":103}
{"timestamp":"2026-08-19T08:42:05.400534Z","level":"info","event":"Filling up the DagBag from /opt/airflow/dags/stocks_etl_dag.py","logger":"airflow.dag_processing.dagbag.BundleDagBag","filename":"dagbag.py","lineno":460}
{"timestamp":"2026-08-19T08:42:05.560710Z","level":"info","event":"Pyspark imported, version: 3.5.2","logger":"unusual_prefix_377e48747e3957bb035dd88b74b86ec1d0ec8c25_stocks_etl_dag","filename":"stocks_etl_dag.py","lineno":24}
{"timestamp":"2026-08-19T08:42:06.376784Z","level":"info","event":"ETL function imported succesfully!","logger":"unusual_prefix_377e48747e3957bb035dd88b74b86ec1d0ec8c25_stocks_etl_dag","filename":"stocks_etl_dag.py","lineno":32}
{"timestamp":"2026-08-19T08:42:06.385068Z","level":"info","event":"DAG loaded sucessfully!","logger":"unusual_prefix_377e48747e3957bb035dd88b74b86ec1d0ec8c25_stocks_etl_dag","filename":"stocks_etl_dag.py","lineno":103}
{"timestamp":"2026-08-19T08:42:36.863079Z","level":"info","event":"Filling up the DagBag from /opt/airflow/dags/stocks_etl_dag.py","logger":"airflow.dag_processing.dagbag.BundleDagBag","filename":"dagbag.py","lineno":460}
{"timestamp":"2026-08-19T08:42:37.307443Z","level":"info","event":"Pyspark imported, version: 3.5.2","logger":"unusual_prefix_377e48747e3957bb035dd88b74b86ec1d0ec8c25_stocks_etl_dag","filename":"stocks_etl_dag.py","lineno":24}
{"timestamp":"2026-08-19T08:42:38.794455Z","level":"info","event":"ETL function imported succesfully!","logger":"unusual_prefix_377e48747e3957bb035dd88b74b86ec1d0ec8c25_stocks_etl_dag","filename":"stocks_etl_dag.py","lineno":32}
{"timestamp":"2026-08-19T08:42:38.804267Z","level":"info","event":"DAG loaded sucessfully!","logger":"unusual_prefix_377e48747e3957bb035dd88b74b86ec1d0ec8c25_stocks_etl_dag","filename":"stocks_etl_dag.py","lineno":103}
{"timestamp":"2026-08-19T08:43:09.020269Z","level":"info","event":"Filling up the DagBag from /opt/airflow/dags/stocks_etl_dag.py","logger":"airflow.dag_processing.dagbag.BundleDagBag","filename":"dagbag.py","lineno":460}
{"timestamp":"2026-08-19T08:43:09.421301Z","level":"info","event":"Pyspark imported, version: 3.5.2","logger":"unusual_prefix_377e48747e3957bb035dd88b74b86ec1d0ec8c25_stocks_etl_dag","filename":"stocks_etl_dag.py","lineno":24}
{"timestamp":"2026-08-19T08:43:11.703678Z","level":"info","event":"ETL function imported succesfully!","logger":"unusual_prefix_377e48747e3957bb035dd88b74b86ec1d0ec8c25_stocks_etl_dag","filename":"stocks_etl_dag.py","lineno":32}
{"timestamp":"2026-08-19T08:43:11.717812Z","level":"info","event":"DAG loaded sucessfully!","logger":"unusual_prefix_377e48747e3957bb035dd88b74b86ec1d0ec8c25_stocks_etl_dag","filename":"stocks_etl_dag.py","lineno":103}
{"timestamp":"2026-08-19T08:43:42.818526Z","level":"info","event":"Filling up the DagBag from /opt/airflow/dags/stocks_etl_dag.py","logger":"airflow.dag_processing.dagbag.BundleDagBag","filename":"dagbag.py","lineno":460}
{"timestamp":"2026-08-19T08:43:43.210674Z","level":"info","event":"Pyspark imported, version: 3.5.2","logger":"unusual_prefix_377e48747e3957bb035dd88b74b86ec1d0ec8c25_stocks_etl_dag","filename":"stocks_etl_dag.py","lineno":24}
{"timestamp":"2026-08-19T08:43:44.596535Z","level":"info","event":"ETL function imported succesfully!","logger":"unusual_prefix_377e48747e3957bb035dd88b74b86ec1d0ec8c25_stocks_etl_dag","filename":"stocks_etl_dag.py","lineno":32}
{"timestamp":"2026-08-19T08:43:44.604028Z","level":"info","event":"DAG loaded sucessfully!","logger":"unusual_prefix_377e48747e3957bb035dd88b74b86ec1d0ec8c25_stocks_etl_dag","filename":"stocks_etl_dag.py","lineno":103}
{"timestamp":"2026-08-19T08:44:15.612156Z","level":"info","event":"Filling up the DagBag from /opt/airflow/dags/stocks_etl_dag.py","logger":"airflow.dag_processing.dagbag.BundleDagBag","filename":"dagbag.py","lineno":460}
{"timestamp":"2026-08-19T08:44:15.842536Z","level":"info","event":"Pyspark imported, version: 3.5.2","logger":"unusual_prefix_377e48747e3957bb035dd88b74b86ec1d0ec8c25_stocks_etl_dag","filename":"stocks_etl_dag.py","lineno":24}
{"timestamp":"2026-08-19T08:44:17.326400Z","level":"info","event":"ETL function imported succesfully!","logger":"unusual_prefix_377e48747e3957bb035dd88b74b86ec1d0ec8c25_stocks_etl_dag","filename":"stocks_etl_dag.py","lineno":32}
{"timestamp":"2026-08-19T08:44:17.336855Z","level":"info","event":"DAG loaded sucessfully!","logger":"unusual_prefix_377e48747e3957bb035dd88b74b86ec1d0ec8c25_stocks_etl_dag","filename":"stocks_etl_dag.py","lineno":103}
{"timestamp":"2026-08-19T08:44:47.837609Z","level":"info","event":"Filling up the DagBag from /opt/airflow/dags/stocks_etl_dag.py","logger":"airflow.dag_processing.dagbag.BundleDagBag","filename":"dagbag.py","lineno":460}
{"timestamp":"2026-08-19T08:44:48.015218Z","level":"info","event":"Pyspark imported, version: 3.5.2","logger":"unusual_prefix_377e48747e3957bb035dd88b74b86ec1d0ec8c25_stocks_etl_dag","filename":"stocks_etl_dag.py","lineno":24}
{"timestamp":"2026-08-19T08:44:48.980701Z","level":"info","event":"ETL function imported succesfully!","logger":"unusual_prefix_377e48747e3957bb035dd88b74b86ec1d0ec8c25_stocks_etl_dag","filename":"stocks_etl_dag.py","lineno":32}
{"timestamp":"2026-08-19T08:44:48.987848Z","level":"info","event":"DAG loaded sucessfully!","logger":"unusual_prefix_377e48747e3957bb035dd88b74b86ec1d0ec8c25_stocks_etl_dag","filename":"stocks_etl_dag.py","lineno":103}
{"timestamp":"2026-08-19T08:45:19.394448Z","level":"info","event":"Filling up the DagBag from /opt/airflow/dags/stocks_etl_dag.py","logger":"airflow.dag_processing.dagbag.BundleDagBag","filename":"dagbag.py","lineno":460}
{"timestamp":"2026-08-19T08:45:19.607391Z","level":"info","event":"Pyspark imported, version: 3.5.2","logger":"unusual_prefix_377e48747e3957bb035dd88b74b86ec1d0ec8c25_stocks_etl_dag","filename":"stocks_etl_dag.py","lineno":24}
{"timestamp":"2026-08-19T08:45:20.539636Z","level":"info","event":"ETL function imported succesfully!","logger":"unusual_prefix_377e48747e3957bb035dd88b74b86ec1d0ec8c25_stocks_etl_dag","filename":"stocks_etl_dag.py","lineno":32}
{"timestamp":"2026-08-19T08:45:20.545390Z","level":"info","event":"DAG loaded sucessfully!","logger":"unusual_prefix_377e48747e3957bb035dd88b74b86ec1d0ec8c25_stocks_etl_dag","filename":"stocks_etl_dag.py","lineno":103}
{"timestamp":"2026-08-19T08:45:51.110253Z","level":"info","event":"Filling up the DagBag from /opt/airflow/dags/stocks_etl_dag.py","logger":"airflow.dag_processing.dagbag.BundleDagBag","filename":"dagbag.py","lineno":460}
{"timestamp":"2026-08-19T08:45:51.405727Z","level":"info","event":"Pyspark imported, version: 3.5.2","logger":"unusual_prefix_377e48747e3957bb035dd88b74b86ec1d0ec8c25_stocks_etl_dag","filename":"stocks_etl_dag.py","lineno":24}
{"timestamp":"2026-08-19T08:45:52.586940Z","level":"info","event":"ETL function imported succesfully!","logger":"unusual_prefix_377e48747e3957bb035dd88b74b86ec1d0ec8c25_stocks_etl_dag","filename":"stocks_etl_dag.py","lineno":32}
{"timestamp":"2026-08-19T08:45:52.595743Z","level":"info","event":"DAG loaded sucessfully!","logger":"unusual_prefix_377e48747e3957bb035dd88b74b86ec1d0ec8c25_stocks_etl_dag","filename":"stocks_etl_dag.py","lineno":103}
{"timestamp":"2026-08-19T08:46:22.709249Z","level":"info","event":"Filling up the DagBag from /opt/airflow/dags/stocks_etl_dag.py","logger":"airflow.dag_processing.dagbag.BundleDagBag","filename":"dagbag.py","lineno":460}
{"timestamp":"2026-08-19T08:46:22.858664Z","level":"info","event":"Pyspark imported, version: 3.5.2","logger":"unusual_prefix_377e48747e3957bb035dd88b74b86ec1d0ec8c25_stocks_etl_dag","filename":"stocks_etl_dag.py","lineno":24}
{"timestamp":"2026-08-19T08:46:23.586515Z","level":"info","event":"ETL function imported succesfully!","logger":"unusual_prefix_377e48747e3957bb035dd88b74b86ec1d0ec8c25_stocks_etl_dag","filename":"stocks_etl_dag.py","lineno":32}
{"timestamp":"2026-08-19T08:46:23.595224Z","level":"info","event":"DAG loaded sucessfully!","logger":"unusual_prefix_377e48747e3957bb035dd88b74b86ec1d0ec8c25_stocks_etl_dag","filename":"stocks_etl_dag.py","lineno":103}
{"timestamp":"2026-08-19T08:46:54.354466Z","level":"info","event":"Filling up the DagBag from /opt/airflow/dags/stocks_etl_dag.py","logger":"airflow.dag_processing.dagbag.BundleDagBag","filename":"dagbag.py","lineno":460}
{"timestamp":"2026-08-19T08:46:54.502951Z","level":"info","event":"Pyspark imported, version: 3.5.2","logger":"unusual_prefix_377e48747e3957bb035dd88b74b86ec1d0ec8c25_stocks_etl_dag","filename":"stocks_etl_dag.py","lineno":24}
{"timestamp":"2026-08-19T08:46:55.166604Z","level":"info","event":"ETL function imported succesfully!","logger":"unusual_prefix_377e48747e3957bb035dd88b74b86ec1d0ec8c25_stocks_etl_dag","filename":"stocks_etl_dag.py","lineno":32}
{"timestamp":"2026-08-19T08:46:55.170211Z","level":"info","event":"DAG loaded sucessfully!","logger":"unusual_prefix_377e48747e3957bb035dd88b74b86ec1d0ec8c25_stocks_etl_dag","filename":"stocks_etl_dag.py","lineno":103}
{"timestamp":"2026-08-19T08:47:25.642681Z","level":"info","event":"Filling up the DagBag from /opt/airflow/dags/stocks_etl_dag.py","logger":"airflow.dag_processing.dagbag.BundleDagBag","filename":"dagbag.py","lineno":460}
{"timestamp":"2026-08-19T08:47:25.846097Z","level":"info","event":"Pyspark imported, version: 3.5.2","logger":"unusual_prefix_377e48747e3957bb035dd88b74b86ec1d0ec8c25_stocks_etl_dag","filename":"stocks_etl_dag.py","lineno":24}
{"timestamp":"2026-08-19T08:47:26.931930Z","level":"info","event":"ETL function imported succesfully!","logger":"unusual_prefix_377e48747e3957bb035dd88b74b86ec1d0ec8c25_stocks_etl_dag","filename":"stocks_etl_dag.py","lineno":32}
{"timestamp":"2026-08-19T08:47:26.941073Z","level":"info","event":"DAG loaded sucessfully!","logger":"unusual_prefix_377e48747e3957bb035dd88b74b86ec1d0ec8c25_stocks_etl_dag","filename":"stocks_etl_dag.py","lineno":103}
{"timestamp":"2026-08-19T08:47:57.614609Z","level":"info","event":"Filling up the DagBag from /opt/airflow/dags/stocks_etl_dag.py","logger":"airflow.dag_processing.dagbag.BundleDagBag","filename":"dagbag.py","lineno":460}
{"timestamp":"2026-08-19T08:47:57.956646Z","level":"info","event":"Pyspark imported, version: 3.5.2","logger":"unusual_prefix_377e48747e3957bb035dd88b74b86ec1d0ec8c25_stocks_etl_dag","filename":"stocks_etl_dag.py","lineno":24}
{"timestamp":"2026-08-19T08:47:59.412498Z","level":"info","event":"ETL function imported succesfully!","logger":"unusual_prefix_377e48747e3957bb035dd88b74b86ec1d0ec8c25_stocks_etl_dag","filename":"stocks_etl_dag.py","lineno":32}
{"timestamp":"2026-08-19T08:47:59.420692Z","level":"info","event":"DAG loaded sucessfully!","logger":"unusual_prefix_377e48747e3957bb035dd88b74b86ec1d0ec8c25_stocks_etl_dag","filename":"stocks_etl_dag.py","lineno":103}
{"timestamp":"2026-08-19T08:48:29.626432Z","level":"info","event":"Filling up the DagBag from /opt/airflow/dags/stocks_etl_dag.py","logger":"airflow.dag_processing.dagbag.BundleDagBag","filename":"dagbag.py","lineno":460}
{"timestamp":"2026-08-19T08:48:29.969740Z","level":"info","event":"Pyspark imported, version: 3.5.2","logger":"unusual_prefix_377e48747e3957bb035dd88b74b86ec1d0ec8c25_stocks_etl_dag","filename":"stocks_etl_dag.py","lineno":24}
{"timestamp":"2026-08-19T08:48:31.287856Z","level":"info","event":"ETL function imported succesfully!","logger":"unusual_prefix_377e48747e3957bb035dd88b74b86ec1d0ec8c25_stocks_etl_dag","filename":"stocks_etl_dag.py","lineno":32}
{"timestamp":"2026-08-19T08:48:31.295052Z","level":"info","event":"DAG loaded sucessfully!","logger":"unusual_prefix_377e48747e3957bb035dd88b74b86ec1d0ec8c25_stocks_etl_dag","filename":"stocks_etl_dag.py","lineno":103}
{"timestamp":"2026-08-19T08:49:02.076926Z","level":"info","event":"Filling up the DagBag from /opt/airflow/dags/stocks_etl_dag.py","logger":"airflow.dag_processing.dagbag.BundleDagBag","filename":"dagbag.py","lineno":460}
{"timestamp":"2026-08-19T08:49:02.387205Z","level":"info","event":"Pyspark imported, version: 3.5.2","logger":"unusual_prefix_377e48747e3957bb035dd88b74b86ec1d0ec8c25_stocks_etl_dag","filename":"stocks_etl_dag.py","lineno":24}
{"timestamp":"2026-08-19T08:49:03.596858Z","level":"info","event":"ETL function imported succesfully!","logger":"unusual_prefix_377e48747e3957bb035dd88b74b86ec1d0ec8c25_stocks_etl_dag","filename":"stocks_etl_dag.py","lineno":32}
{"timestamp":"2026-08-19T08:49:03.602565Z","level":"info","event":"DAG loaded sucessfully!","logger":"unusual_prefix_377e48747e3957bb035dd88b74b86ec1d0ec8c25_stocks_etl_dag","filename":"stocks_etl_dag.py","lineno":103}
{"timestamp":"2026-08-19T08:49:33.858744Z","level":"info","event":"Filling up the DagBag from /opt/airflow/dags/stocks_etl_dag.py","logger":"airflow.dag_processing.dagbag.BundleDagBag","filename":"dagbag.py","lineno":460}
{"timestamp":"2026-08-19T08:49:34.147647Z","level":"info","event":"Pyspark imported, version: 3.5.2","logger":"unusual_prefix_377e48747e3957bb035dd88b74b86ec1d0ec8c25_stocks_etl_dag","filename":"stocks_etl_dag.py","lineno":24}
{"timestamp":"2026-08-19T08:49:35.678458Z","level":"info","event":"ETL function imported succesfully!","logger":"unusual_prefix_377e48747e3957bb035dd88b74b86ec1d0ec8c25_stocks_etl_dag","filename":"stocks_etl_dag.py","lineno":32}
{"timestamp":"2026-08-19T08:49:35.687944Z","level":"info","event":"DAG loaded sucessfully!","logger":"unusual_prefix_377e48747e3957bb035dd88b74b86ec1d0ec8c25_stocks_etl_dag","filename":"stocks_etl_dag.py","lineno":103}
{"timestamp":"2026-08-19T08:50:06.160853Z","level":"info","event":"Filling up the DagBag from /opt/airflow/dags/stocks_etl_dag.py","logger":"airflow.dag_processing.dagbag.BundleDagBag","filename":"dagbag.py","lineno":460}
{"timestamp":"2026-08-19T08:50:06.340032Z","level":"info","event":"Pyspark imported, version: 3.5.2","logger":"unusual_prefix_377e48747e3957bb035dd88b74b86ec1d0ec8c25_stocks_etl_dag","filename":"stocks_etl_dag.py","lineno":24}
{"timestamp":"2026-08-19T08:50:07.602302Z","level":"info","event":"ETL function imported succesfully!","logger":"unusual_prefix_377e48747e3957bb035dd88b74b86ec1d0ec8c25_stocks_etl_dag","filename":"stocks_etl_dag.py","lineno":32}
{"timestamp":"2026-08-19T08:50:07.609116Z","level":"info","event":"DAG loaded sucessfully!","logger":"unusual_prefix_377e48747e3957bb035dd88b74b86ec1d0ec8c25_stocks_etl_dag","filename":"stocks_etl_dag.py","lineno":103}
{"timestamp":"2026-08-19T08:50:38.080840Z","level":"info","event":"Filling up the DagBag from /opt/airflow/dags/stocks_etl_dag.py","logger":"airflow.dag_processing.dagbag.BundleDagBag","filename":"dagbag.py","lineno":460}
{"timestamp":"2026-08-19T08:50:38.427987Z","level":"info","event":"Pyspark imported, version: 3.5.2","logger":"unusual_prefix_377e48747e3957bb035dd88b74b86ec1d0ec8c25_stocks_etl_dag","filename":"stocks_etl_dag.py","lineno":24}
{"timestamp":"2026-08-19T08:50:40.093037Z","level":"info","event":"ETL function imported succesfully!","logger":"unusual_prefix_377e48747e3957bb035dd88b74b86ec1d0ec8c25_stocks_etl_dag","filename":"stocks_etl_dag.py","lineno":32}
{"timestamp":"2026-08-19T08:50:40.102386Z","level":"info","event":"DAG loaded sucessfully!","logger":"unusual_prefix_377e48747e3957bb035dd88b74b86ec1d0ec8c25_stocks_etl_dag","filename":"stocks_etl_dag.py","lineno":103}
{"timestamp":"2026-08-19T08:51:10.588801Z","level":"info","event":"Filling up the DagBag from /opt/airflow/dags/stocks_etl_dag.py","logger":"airflow.dag_processing.dagbag.BundleDagBag","filename":"dagbag.py","lineno":460}
{"timestamp":"2026-08-19T08:51:10.745064Z","level":"info","event":"Pyspark imported, version: 3.5.2","logger":"unusual_prefix_377e48747e3957bb035dd88b74b86ec1d0ec8c25_stocks_etl_dag","filename":"stocks_etl_dag.py","lineno":24}
{"timestamp":"2026-08-19T08:51:11.418581Z","level":"info","event":"ETL function imported succesfully!","logger":"unusual_prefix_377e48747e3957bb035dd88b74b86ec1d0ec8c25_stocks_etl_dag","filename":"stocks_etl_dag.py","lineno":32}
{"timestamp":"2026-08-19T08:51:11.423076Z","level":"info","event":"DAG loaded sucessfully!","logger":"unusual_prefix_377e48747e3957bb035dd88b74b86ec1d0ec8c25_stocks_etl_dag","filename":"stocks_etl_dag.py","lineno":103}
{"timestamp":"2026-08-19T08:51:41.945133Z","level":"info","event":"Filling up the DagBag from /opt/airflow/dags/stocks_etl_dag.py","logger":"airflow.dag_processing.dagbag.BundleDagBag","filename":"dagbag.py","lineno":460}
{"timestamp":"2026-08-19T08:51:42.254420Z","level":"info","event":"Pyspark imported, version: 3.5.2","logger":"unusual_prefix_377e48747e3957bb035dd88b74b86ec1d0ec8c25_stocks_etl_dag","filename":"stocks_etl_dag.py","lineno":24}
{"timestamp":"2026-08-19T08:51:43.145671Z","level":"info","event":"ETL function imported succesfully!","logger":"unusual_prefix_377e48747e3957bb035dd88b74b86ec1d0ec8c25_stocks_etl_dag","filename":"stocks_etl_dag.py","lineno":32}
{"timestamp":"2026-08-19T08:51:43.152145Z","level":"info","event":"DAG loaded sucessfully!","logger":"unusual_prefix_377e48747e3957bb035dd88b74b86ec1d0ec8c25_stocks_etl_dag","filename":"stocks_etl_dag.py","lineno":103}
{"timestamp":"2026-08-19T08:52:13.573880Z","level":"info","event":"Filling up the DagBag from /opt/airflow/dags/stocks_etl_dag.py","logger":"airflow.dag_processing.dagbag.BundleDagBag","filename":"dagbag.py","lineno":460}
{"timestamp":"2026-08-19T08:52:13.835556Z","level":"info","event":"Pyspark imported, version: 3.5.2","logger":"unusual_prefix_377e48747e3957bb035dd88b74b86ec1d0ec8c25_stocks_etl_dag","filename":"stocks_etl_dag.py","lineno":24}
{"timestamp":"2026-08-19T08:52:14.795801Z","level":"info","event":"ETL function imported succesfully!","logger":"unusual_prefix_377e48747e3957bb035dd88b74b86ec1d0ec8c25_stocks_etl_dag","filename":"stocks_etl_dag.py","lineno":32}
{"timestamp":"2026-08-19T08:52:14.801153Z","level":"info","event":"DAG loaded sucessfully!","logger":"unusual_prefix_377e48747e3957bb035dd88b74b86ec1d0ec8c25_stocks_etl_dag","filename":"stocks_etl_dag.py","lineno":103}
{"timestamp":"2026-08-19T08:52:45.254677Z","level":"info","event":"Filling up the DagBag from /opt/airflow/dags/stocks_etl_dag.py","logger":"airflow.dag_processing.dagbag.BundleDagBag","filename":"dagbag.py","lineno":460}
{"timestamp":"2026-08-19T08:52:45.541346Z","level":"info","event":"Pyspark imported, version: 3.5.2","logger":"unusual_prefix_377e48747e3957bb035dd88b74b86ec1d0ec8c25_stocks_etl_dag","filename":"stocks_etl_dag.py","lineno":24}
{"timestamp":"2026-08-19T08:52:46.741948Z","level":"info","event":"ETL function imported succesfully!","logger":"unusual_prefix_377e48747e3957bb035dd88b74b86ec1d0ec8c25_stocks_etl_dag","filename":"stocks_etl_dag.py","lineno":32}
{"timestamp":"2026-08-19T08:52:46.749248Z","level":"info","event":"DAG loaded sucessfully!","logger":"unusual_prefix_377e48747e3957bb035dd88b74b86ec1d0ec8c25_stocks_etl_dag","filename":"stocks_etl_dag.py","lineno":103}
{"timestamp":"2026-08-19T08:53:17.334594Z","level":"info","event":"Filling up the DagBag from /opt/airflow/dags/stocks_etl_dag.py","logger":"airflow.dag_processing.dagbag.BundleDagBag","filename":"dagbag.py","lineno":460}
{"timestamp":"2026-08-19T08:53:17.538653Z","level":"info","event":"Pyspark imported, version: 3.5.2","logger":"unusual_prefix_377e48747e3957bb035dd88b74b86ec1d0ec8c25_stocks_etl_dag","filename":"stocks_etl_dag.py","lineno":24}
{"timestamp":"2026-08-19T08:53:18.423790Z","level":"info","event":"ETL function imported succesfully!","logger":"unusual_prefix_377e48747e3957bb035dd88b74b86ec1d0ec8c25_stocks_etl_dag","filename":"stocks_etl_dag.py","lineno":32}
{"timestamp":"2026-08-19T08:53:18.430182Z","level":"info","event":"DAG loaded sucessfully!","logger":"unusual_prefix_377e48747e3957bb035dd88b74b86ec1d0ec8c25_stocks_etl_dag","filename":"stocks_etl_dag.py","lineno":103}
{"timestamp":"2026-08-19T08:53:48.908110Z","level":"info","event":"Filling up the DagBag from /opt/airflow/dags/stocks_etl_dag.py","logger":"airflow.dag_processing.dagbag.BundleDagBag","filename":"dagbag.py","lineno":460}
{"timestamp":"2026-08-19T08:53:49.345441Z","level":"info","event":"Pyspark imported, version: 3.5.2","logger":"unusual_prefix_377e48747e3957bb035dd88b74b86ec1d0ec8c25_stocks_etl_dag","filename":"stocks_etl_dag.py","lineno":24}
{"timestamp":"2026-08-19T08:53:50.836823Z","level":"info","event":"ETL function imported succesfully!","logger":"unusual_prefix_377e48747e3957bb035dd88b74b86ec1d0ec8c25_stocks_etl_dag","filename":"stocks_etl_dag.py","lineno":32}
{"timestamp":"2026-08-19T08:53:50.846576Z","level":"info","event":"DAG loaded sucessfully!","logger":"unusual_prefix_377e48747e3957bb035dd88b74b86ec1d0ec8c25_stocks_etl_dag","filename":"stocks_etl_dag.py","lineno":103}
{"timestamp":"2026-08-19T08:54:21.344444Z","level":"info","event":"Filling up the DagBag from /opt/airflow/dags/stocks_etl_dag.py","logger":"airflow.dag_processing.dagbag.BundleDagBag","filename":"dagbag.py","lineno":460}
{"timestamp":"2026-08-19T08:54:21.715452Z","level":"info","event":"Pyspark imported, version: 3.5.2","logger":"unusual_prefix_377e48747e3957bb035dd88b74b86ec1d0ec8c25_stocks_etl_dag","filename":"stocks_etl_dag.py","lineno":24}
{"timestamp":"2026-08-19T08:54:23.162015Z","level":"info","event":"ETL function imported succesfully!","logger":"unusual_prefix_377e48747e3957bb035dd88b74b86ec1d0ec8c25_stocks_etl_dag","filename":"stocks_etl_dag.py","lineno":32}
{"timestamp":"2026-08-19T08:54:23.171951Z","level":"info","event":"DAG loaded sucessfully!","logger":"unusual_prefix_377e48747e3957bb035dd88b74b86ec1d0ec8c25_stocks_etl_dag","filename":"stocks_etl_dag.py","lineno":103}
{"timestamp":"2026-08-19T08:54:53.963930Z","level":"info","event":"Filling up the DagBag from /opt/airflow/dags/stocks_etl_dag.py","logger":"airflow.dag_processing.dagbag.BundleDagBag","filename":"dagbag.py","lineno":460}
{"timestamp":"2026-08-19T08:54:54.113692Z","level":"info","event":"Pyspark imported, version: 3.5.2","logger":"unusual_prefix_377e48747e3957bb035dd88b74b86ec1d0ec8c25_stocks_etl_dag","filename":"stocks_etl_dag.py","lineno":24}
{"timestamp":"2026-08-19T08:54:54.794054Z","level":"info","event":"ETL function imported succesfully!","logger":"unusual_prefix_377e48747e3957bb035dd88b74b86ec1d0ec8c25_stocks_etl_dag","filename":"stocks_etl_dag.py","lineno":32}
{"timestamp":"2026-08-19T08:54:54.798134Z","level":"info","event":"DAG loaded sucessfully!","logger":"unusual_prefix_377e48747e3957bb035dd88b74b86ec1d0ec8c25_stocks_etl_dag","filename":"stocks_etl_dag.py","lineno":103}
{"timestamp":"2026-08-19T08:55:25.277765Z","level":"info","event":"Filling up the DagBag from /opt/airflow/dags/stocks_etl_dag.py","logger":"airflow.dag_processing.dagbag.BundleDagBag","filename":"dagbag.py","lineno":460}
{"timestamp":"2026-08-19T08:55:25.445941Z","level":"info","event":"Pyspark imported, version: 3.5.2","logger":"unusual_prefix_377e48747e3957bb035dd88b74b86ec1d0ec8c25_stocks_etl_dag","filename":"stocks_etl_dag.py","lineno":24}
{"timestamp":"2026-08-19T08:55:26.279380Z","level":"info","event":"ETL function imported succesfully!","logger":"unusual_prefix_377e48747e3957bb035dd88b74b86ec1d0ec8c25_stocks_etl_dag","filename":"stocks_etl_dag.py","lineno":32}
{"timestamp":"2026-08-19T08:55:26.286492Z","level":"info","event":"DAG loaded sucessfully!","logger":"unusual_prefix_377e48747e3957bb035dd88b74b86ec1d0ec8c25_stocks_etl_dag","filename":"stocks_etl_dag.py","lineno":103}
{"timestamp":"2026-08-19T08:55:56.719755Z","level":"info","event":"Filling up the DagBag from /opt/airflow/dags/stocks_etl_dag.py","logger":"airflow.dag_processing.dagbag.BundleDagBag","filename":"dagbag.py","lineno":460}
{"timestamp":"2026-08-19T08:55:57.068489Z","level":"info","event":"Pyspark imported, version: 3.5.2","logger":"unusual_prefix_377e48747e3957bb035dd88b74b86ec1d0ec8c25_stocks_etl_dag","filename":"stocks_etl_dag.py","lineno":24}
{"timestamp":"2026-08-19T08:55:58.294663Z","level":"info","event":"ETL function imported succesfully!","logger":"unusual_prefix_377e48747e3957bb035dd88b74b86ec1d0ec8c25_stocks_etl_dag","filename":"stocks_etl_dag.py","lineno":32}
{"timestamp":"2026-08-19T08:55:58.301393Z","level":"info","event":"DAG loaded sucessfully!","logger":"unusual_prefix_377e48747e3957bb035dd88b74b86ec1d0ec8c25_stocks_etl_dag","filename":"stocks_etl_dag.py","lineno":103}
{"timestamp":"2026-08-19T08:56:28.748599Z","level":"info","event":"Filling up the DagBag from /opt/airflow/dags/stocks_etl_dag.py","logger":"airflow.dag_processing.dagbag.BundleDagBag","filename":"dagbag.py","lineno":460}
{"timestamp":"2026-08-19T08:56:28.996388Z","level":"info","event":"Pyspark imported, version: 3.5.2","logger":"unusual_prefix_377e48747e3957bb035dd88b74b86ec1d0ec8c25_stocks_etl_dag","filename":"stocks_etl_dag.py","lineno":24}
{"timestamp":"2026-08-19T08:56:30.362800Z","level":"info","event":"ETL function imported succesfully!","logger":"unusual_prefix_377e48747e3957bb035dd88b74b86ec1d0ec8c25_stocks_etl_dag","filename":"stocks_etl_dag.py","lineno":32}
{"timestamp":"2026-08-19T08:56:30.371704Z","level":"info","event":"DAG loaded sucessfully!","logger":"unusual_prefix_377e48747e3957bb035dd88b74b86ec1d0ec8c25_stocks_etl_dag","filename":"stocks_etl_dag.py","lineno":103}
{"timestamp":"2026-08-19T08:57:00.810135Z","level":"info","event":"Filling up the DagBag from /opt/airflow/dags/stocks_etl_dag.py","logger":"airflow.dag_processing.dagbag.BundleDagBag","filename":"dagbag.py","lineno":460}
{"timestamp":"2026-08-19T08:57:01.096869Z","level":"info","event":"Pyspark imported, version: 3.5.2","logger":"unusual_prefix_377e48747e3957bb035dd88b74b86ec1d0ec8c25_stocks_etl_dag","filename":"stocks_etl_dag.py","lineno":24}
{"timestamp":"2026-08-19T08:57:01.877502Z","level":"info","event":"ETL function imported succesfully!","logger":"unusual_prefix_377e48747e3957bb035dd88b74b86ec1d0ec8c25_stocks_etl_dag","filename":"stocks_etl_dag.py","lineno":32}
{"timestamp":"2026-08-19T08:57:01.882811Z","level":"info","event":"DAG loaded sucessfully!","logger":"unusual_prefix_377e48747e3957bb035dd88b74b86ec1d0ec8c25_stocks_etl_dag","filename":"stocks_etl_dag.py","lineno":103}
{"timestamp":"2026-08-19T08:57:32.306423Z","level":"info","event":"Filling up the DagBag from /opt/airflow/dags/stocks_etl_dag.py","logger":"airflow.dag_processing.dagbag.BundleDagBag","filename":"dagbag.py","lineno":460}
{"timestamp":"2026-08-19T08:57:32.561358Z","level":"info","event":"Pyspark imported, version: 3.5.2","logger":"unusual_prefix_377e48747e3957bb035dd88b74b86ec1d0ec8c25_stocks_etl_dag","filename":"stocks_etl_dag.py","lineno":24}
{"timestamp":"2026-08-19T08:57:33.604169Z","level":"info","event":"ETL function imported succesfully!","logger":"unusual_prefix_377e48747e3957bb035dd88b74b86ec1d0ec8c25_stocks_etl_dag","filename":"stocks_etl_dag.py","lineno":32}
{"timestamp":"2026-08-19T08:57:33.609684Z","level":"info","event":"DAG loaded sucessfully!","logger":"unusual_prefix_377e48747e3957bb035dd88b74b86ec1d0ec8c25_stocks_etl_dag","filename":"stocks_etl_dag.py","lineno":103}
{"timestamp":"2026-08-19T08:58:04.134097Z","level":"info","event":"Filling up the DagBag from /opt/airflow/dags/stocks_etl_dag.py","logger":"airflow.dag_processing.dagbag.BundleDagBag","filename":"dagbag.py","lineno":460}
{"timestamp":"2026-08-19T08:58:04.372206Z","level":"info","event":"Pyspark imported, version: 3.5.2","logger":"unusual_prefix_377e48747e3957bb035dd88b74b86ec1d0ec8c25_stocks_etl_dag","filename":"stocks_etl_dag.py","lineno":24}
{"timestamp":"2026-08-19T08:58:05.606677Z","level":"info","event":"ETL function imported succesfully!","logger":"unusual_prefix_377e48747e3957bb035dd88b74b86ec1d0ec8c25_stocks_etl_dag","filename":"stocks_etl_dag.py","lineno":32}
{"timestamp":"2026-08-19T08:58:05.616437Z","level":"info","event":"DAG loaded sucessfully!","logger":"unusual_prefix_377e48747e3957bb035dd88b74b86ec1d0ec8c25_stocks_etl_dag","filename":"stocks_etl_dag.py","lineno":103}
{"timestamp":"2026-08-19T08:58:36.064047Z","level":"info","event":"Filling up the DagBag from /opt/airflow/dags/stocks_etl_dag.py","logger":"airflow.dag_processing.dagbag.BundleDagBag","filename":"dagbag.py","lineno":460}
{"timestamp":"2026-08-19T08:58:36.334005Z","level":"info","event":"Pyspark imported, version: 3.5.2","logger":"unusual_prefix_377e48747e3957bb035dd88b74b86ec1d0ec8c25_stocks_etl_dag","filename":"stocks_etl_dag.py","lineno":24}
{"timestamp":"2026-08-19T08:58:37.929245Z","level":"info","event":"ETL function imported succesfully!","logger":"unusual_prefix_377e48747e3957bb035dd88b74b86ec1d0ec8c25_stocks_etl_dag","filename":"stocks_etl_dag.py","lineno":32}
{"timestamp":"2026-08-19T08:58:37.938458Z","level":"info","event":"DAG loaded sucessfully!","logger":"unusual_prefix_377e48747e3957bb035dd88b74b86ec1d0ec8c25_stocks_etl_dag","filename":"stocks_etl_dag.py","lineno":103}
{"timestamp":"2026-08-19T08:59:08.473857Z","level":"info","event":"Filling up the DagBag from /opt/airflow/dags/stocks_etl_dag.py","logger":"airflow.dag_processing.dagbag.BundleDagBag","filename":"dagbag.py","lineno":460}
{"timestamp":"2026-08-19T08:59:08.656499Z","level":"info","event":"Pyspark imported, version: 3.5.2","logger":"unusual_prefix_377e48747e3957bb035dd88b74b86ec1d0ec8c25_stocks_etl_dag","filename":"stocks_etl_dag.py","lineno":24}
{"timestamp":"2026-08-19T08:59:09.646402Z","level":"info","event":"ETL function imported succesfully!","logger":"unusual_prefix_377e48747e3957bb035dd88b74b86ec1d0ec8c25_stocks_etl_dag","filename":"stocks_etl_dag.py","lineno":32}
{"timestamp":"2026-08-19T08:59:09.655749Z","level":"info","event":"DAG loaded sucessfully!","logger":"unusual_prefix_377e48747e3957bb035dd88b74b86ec1d0ec8c25_stocks_etl_dag","filename":"stocks_etl_dag.py","lineno":103}
{"timestamp":"2026-08-19T08:59:40.152860Z","level":"info","event":"Filling up the DagBag from /opt/airflow/dags/stocks_etl_dag.py","logger":"airflow.dag_processing.dagbag.BundleDagBag","filename":"dagbag.py","lineno":460}
{"timestamp":"2026-08-19T08:59:40.558563Z","level":"info","event":"Pyspark imported, version: 3.5.2","logger":"unusual_prefix_377e48747e3957bb035dd88b74b86ec1d0ec8c25_stocks_etl_dag","filename":"stocks_etl_dag.py","lineno":24}
{"timestamp":"2026-08-19T08:59:42.039359Z","level":"info","event":"ETL function imported succesfully!","logger":"unusual_prefix_377e48747e3957bb035dd88b74b86ec1d0ec8c25_stocks_etl_dag","filename":"stocks_etl_dag.py","lineno":32}
{"timestamp":"2026-08-19T08:59:42.050343Z","level":"info","event":"DAG loaded sucessfully!","logger":"unusual_prefix_377e48747e3957bb035dd88b74b86ec1d0ec8c25_stocks_etl_dag","filename":"stocks_etl_dag.py","lineno":103}
{"timestamp":"2026-08-19T09:00:12.612453Z","level":"info","event":"Filling up the DagBag from /opt/airflow/dags/stocks_etl_dag.py","logger":"airflow.dag_processing.dagbag.BundleDagBag","filename":"dagbag.py","lineno":460}
{"timestamp":"2026-08-19T09:00:12.761807Z","level":"info","event":"Pyspark imported, version: 3.5.2","logger":"unusual_prefix_377e48747e3957bb035dd88b74b86ec1d0ec8c25_stocks_etl_dag","filename":"stocks_etl_dag.py","lineno":24}
{"timestamp":"2026-08-19T09:00:13.456504Z","level":"info","event":"ETL function imported succesfully!","logger":"unusual_prefix_377e48747e3957bb035dd88b74b86ec1d0ec8c25_stocks_etl_dag","filename":"stocks_etl_dag.py","lineno":32}
{"timestamp":"2026-08-19T09:00:13.461935Z","level":"info","event":"DAG loaded sucessfully!","logger":"unusual_prefix_377e48747e3957bb035dd88b74b86ec1d0ec8c25_stocks_etl_dag","filename":"stocks_etl_dag.py","lineno":103}
{"timestamp":"2026-08-19T09:00:43.940946Z","level":"info","event":"Filling up the DagBag from /opt/airflow/dags/stocks_etl_dag.py","logger":"airflow.dag_processing.dagbag.BundleDagBag","filename":"dagbag.py","lineno":460}
{"timestamp":"2026-08-19T09:00:44.116827Z","level":"info","event":"Pyspark imported, version: 3.5.2","logger":"unusual_prefix_377e48747e3957bb035dd88b74b86ec1d0ec8c25_stocks_etl_dag","filename":"stocks_etl_dag.py","lineno":24}
{"timestamp":"2026-08-19T09:00:44.996548Z","level":"info","event":"ETL function imported succesfully!","logger":"unusual_prefix_377e48747e3957bb035dd88b74b86ec1d0ec8c25_stocks_etl_dag","filename":"stocks_etl_dag.py","lineno":32}
{"timestamp":"2026-08-19T09:00:45.001864Z","level":"info","event":"DAG loaded sucessfully!","logger":"unusual_prefix_377e48747e3957bb035dd88b74b86ec1d0ec8c25_stocks_etl_dag","filename":"stocks_etl_dag.py","lineno":103}
{"timestamp":"2026-08-19T09:01:15.454217Z","level":"info","event":"Filling up the DagBag from /opt/airflow/dags/stocks_etl_dag.py","logger":"airflow.dag_processing.dagbag.BundleDagBag","filename":"dagbag.py","lineno":460}
{"timestamp":"2026-08-19T09:01:15.724011Z","level":"info","event":"Pyspark imported, version: 3.5.2","logger":"unusual_prefix_377e48747e3957bb035dd88b74b86ec1d0ec8c25_stocks_etl_dag","filename":"stocks_etl_dag.py","lineno":24}
{"timestamp":"2026-08-19T09:01:16.893329Z","level":"info","event":"ETL function imported succesfully!","logger":"unusual_prefix_377e48747e3957bb035dd88b74b86ec1d0ec8c25_stocks_etl_dag","filename":"stocks_etl_dag.py","lineno":32}
{"timestamp":"2026-08-19T09:01:16.900943Z","level":"info","event":"DAG loaded sucessfully!","logger":"unusual_prefix_377e48747e3957bb035dd88b74b86ec1d0ec8c25_stocks_etl_dag","filename":"stocks_etl_dag.py","lineno":103}
{"timestamp":"2026-08-19T09:01:47.345349Z","level":"info","event":"Filling up the DagBag from /opt/airflow/dags/stocks_etl_dag.py","logger":"airflow.dag_processing.dagbag.BundleDagBag","filename":"dagbag.py","lineno":460}
{"timestamp":"2026-08-19T09:01:47.719581Z","level":"info","event":"Pyspark imported, version: 3.5.2","logger":"unusual_prefix_377e48747e3957bb035dd88b74b86ec1d0ec8c25_stocks_etl_dag","filename":"stocks_etl_dag.py","lineno":24}
{"timestamp":"2026-08-19T09:01:48.631114Z","level":"info","event":"ETL function imported succesfully!","logger":"unusual_prefix_377e48747e3957bb035dd88b74b86ec1d0ec8c25_stocks_etl_dag","filename":"stocks_etl_dag.py","lineno":32}
{"timestamp":"2026-08-19T09:01:48.639340Z","level":"info","event":"DAG loaded sucessfully!","logger":"unusual_prefix_377e48747e3957bb035dd88b74b86ec1d0ec8c25_stocks_etl_dag","filename":"stocks_etl_dag.py","lineno":103}
{"timestamp":"2026-08-19T09:02:19.107306Z","level":"info","event":"Filling up the DagBag from /opt/airflow/dags/stocks_etl_dag.py","logger":"airflow.dag_processing.dagbag.BundleDagBag","filename":"dagbag.py","lineno":460}
{"timestamp":"2026-08-19T09:02:19.289328Z","level":"info","event":"Pyspark imported, version: 3.5.2","logger":"unusual_prefix_377e48747e3957bb035dd88b74b86ec1d0ec8c25_stocks_etl_dag","filename":"stocks_etl_dag.py","lineno":24}
{"timestamp":"2026-08-19T09:02:20.241581Z","level":"info","event":"ETL function imported succesfully!","logger":"unusual_prefix_377e48747e3957bb035dd88b74b86ec1d0ec8c25_stocks_etl_dag","filename":"stocks_etl_dag.py","lineno":32}
{"timestamp":"2026-08-19T09:02:20.247287Z","level":"info","event":"DAG loaded sucessfully!","logger":"unusual_prefix_377e48747e3957bb035dd88b74b86ec1d0ec8c25_stocks_etl_dag","filename":"stocks_etl_dag.py","lineno":103}
{"timestamp":"2026-08-19T09:02:50.705205Z","level":"info","event":"Filling up the DagBag from /opt/airflow/dags/stocks_etl_dag.py","logger":"airflow.dag_processing.dagbag.BundleDagBag","filename":"dagbag.py","lineno":460}
{"timestamp":"2026-08-19T09:02:50.975441Z","level":"info","event":"Pyspark imported, version: 3.5.2","logger":"unusual_prefix_377e48747e3957bb035dd88b74b86ec1d0ec8c25_stocks_etl_dag","filename":"stocks_etl_dag.py","lineno":24}
{"timestamp":"2026-08-19T09:02:52.013950Z","level":"info","event":"ETL function imported succesfully!","logger":"unusual_prefix_377e48747e3957bb035dd88b74b86ec1d0ec8c25_stocks_etl_dag","filename":"stocks_etl_dag.py","lineno":32}
{"timestamp":"2026-08-19T09:02:52.020340Z","level":"info","event":"DAG loaded sucessfully!","logger":"unusual_prefix_377e48747e3957bb035dd88b74b86ec1d0ec8c25_stocks_etl_dag","filename":"stocks_etl_dag.py","lineno":103}
{"timestamp":"2026-08-19T09:03:22.427519Z","level":"info","event":"Filling up the DagBag from /opt/airflow/dags/stocks_etl_dag.py","logger":"airflow.dag_processing.dagbag.BundleDagBag","filename":"dagbag.py","lineno":460}
{"timestamp":"2026-08-19T09:03:22.715702Z","level":"info","event":"Pyspark imported, version: 3.5.2","logger":"unusual_prefix_377e48747e3957bb035dd88b74b86ec1d0ec8c25_stocks_etl_dag","filename":"stocks_etl_dag.py","lineno":24}
{"timestamp":"2026-08-19T09:03:23.869906Z","level":"info","event":"ETL function imported succesfully!","logger":"unusual_prefix_377e48747e3957bb035dd88b74b86ec1d0ec8c25_stocks_etl_dag","filename":"stocks_etl_dag.py","lineno":32}
{"timestamp":"2026-08-19T09:03:23.877043Z","level":"info","event":"DAG loaded sucessfully!","logger":"unusual_prefix_377e48747e3957bb035dd88b74b86ec1d0ec8c25_stocks_etl_dag","filename":"stocks_etl_dag.py","lineno":103}
{"timestamp":"2026-08-19T09:03:54.357383Z","level":"info","event":"Filling up the DagBag from /opt/airflow/dags/stocks_etl_dag.py","logger":"airflow.dag_processing.dagbag.BundleDagBag","filename":"dagbag.py","lineno":460}
{"timestamp":"2026-08-19T09:03:54.517108Z","level":"info","event":"Pyspark imported, version: 3.5.2","logger":"unusual_prefix_377e48747e3957bb035dd88b74b86ec1d0ec8c25_stocks_etl_dag","filename":"stocks_etl_dag.py","lineno":24}
{"timestamp":"2026-08-19T09:03:55.207621Z","level":"info","event":"ETL function imported succesfully!","logger":"unusual_prefix_377e48747e3957bb035dd88b74b86ec1d0ec8c25_stocks_etl_dag","filename":"stocks_etl_dag.py","lineno":32}
{"timestamp":"2026-08-19T09:03:55.212073Z","level":"info","event":"DAG loaded sucessfully!","logger":"unusual_prefix_377e48747e3957bb035dd88b74b86ec1d0ec8c25_stocks_etl_dag","filename":"stocks_etl_dag.py","lineno":103}
{"timestamp":"2026-08-19T09:04:25.628093Z","level":"info","event":"Filling up the DagBag from /opt/airflow/dags/stocks_etl_dag.py","logger":"airflow.dag_processing.dagbag.BundleDagBag","filename":"dagbag.py","lineno":460}
{"timestamp":"2026-08-19T09:04:25.830490Z","level":"info","event":"Pyspark imported, version: 3.5.2","logger":"unusual_prefix_377e48747e3957bb035dd88b74b86ec1d0ec8c25_stocks_etl_dag","filename":"stocks_etl_dag.py","lineno":24}
{"timestamp":"2026-08-19T09:04:26.820412Z","level":"info","event":"ETL function imported succesfully!","logger":"unusual_prefix_377e48747e3957bb035dd88b74b86ec1d0ec8c25_stocks_etl_dag","filename":"stocks_etl_dag.py","lineno":32}
{"timestamp":"2026-08-19T09:04:26.825633Z","level":"info","event":"DAG loaded sucessfully!","logger":"unusual_prefix_377e48747e3957bb035dd88b74b86ec1d0ec8c25_stocks_etl_dag","filename":"stocks_etl_dag.py","lineno":103}
{"timestamp":"2026-08-19T09:04:57.373566Z","level":"info","event":"Filling up the DagBag from /opt/airflow/dags/stocks_etl_dag.py","logger":"airflow.dag_processing.dagbag.BundleDagBag","filename":"dagbag.py","lineno":460}
{"timestamp":"2026-08-19T09:04:57.760233Z","level":"info","event":"Pyspark imported, version: 3.5.2","logger":"unusual_prefix_377e48747e3957bb035dd88b74b86ec1d0ec8c25_stocks_etl_dag","filename":"stocks_etl_dag.py","lineno":24}
{"timestamp":"2026-08-19T09:04:59.025175Z","level":"info","event":"ETL function imported succesfully!","logger":"unusual_prefix_377e48747e3957bb035dd88b74b86ec1d0ec8c25_stocks_etl_dag","filename":"stocks_etl_dag.py","lineno":32}
{"timestamp":"2026-08-19T09:04:59.032399Z","level":"info","event":"DAG loaded sucessfully!","logger":"unusual_prefix_377e48747e3957bb035dd88b74b86ec1d0ec8c25_stocks_etl_dag","filename":"stocks_etl_dag.py","lineno":103}
{"timestamp":"2026-08-19T09:05:29.522422Z","level":"info","event":"Filling up the DagBag from /opt/airflow/dags/stocks_etl_dag.py","logger":"airflow.dag_processing.dagbag.BundleDagBag","filename":"dagbag.py","lineno":460}
{"timestamp":"2026-08-19T09:05:29.753652Z","level":"info","event":"Pyspark imported, version: 3.5.2","logger":"unusual_prefix_377e48747e3957bb035dd88b74b86ec1d0ec8c25_stocks_etl_dag","filename":"stocks_etl_dag.py","lineno":24}
{"timestamp":"2026-08-19T09:05:30.828352Z","level":"info","event":"ETL function imported succesfully!","logger":"unusual_prefix_377e48747e3957bb035dd88b74b86ec1d0ec8c25_stocks_etl_dag","filename":"stocks_etl_dag.py","lineno":32}
{"timestamp":"2026-08-19T09:05:30.836160Z","level":"info","event":"DAG loaded sucessfully!","logger":"unusual_prefix_377e48747e3957bb035dd88b74b86ec1d0ec8c25_stocks_etl_dag","filename":"stocks_etl_dag.py","lineno":103}
{"timestamp":"2026-08-19T09:06:01.257954Z","level":"info","event":"Filling up the DagBag from /opt/airflow/dags/stocks_etl_dag.py","logger":"airflow.dag_processing.dagbag.BundleDagBag","filename":"dagbag.py","lineno":460}
{"timestamp":"2026-08-19T09:06:01.424971Z","level":"info","event":"Pyspark imported, version: 3.5.2","logger":"unusual_prefix_377e48747e3957bb035dd88b74b86ec1d0ec8c25_stocks_etl_dag","filename":"stocks_etl_dag.py","lineno":24}
{"timestamp":"2026-08-19T09:06:02.330429Z","level":"info","event":"ETL function imported succesfully!","logger":"unusual_prefix_377e48747e3957bb035dd88b74b86ec1d0ec8c25_stocks_etl_dag","filename":"stocks_etl_dag.py","lineno":32}
{"timestamp":"2026-08-19T09:06:02.335953Z","level":"info","event":"DAG loaded sucessfully!","logger":"unusual_prefix_377e48747e3957bb035dd88b74b86ec1d0ec8c25_stocks_etl_dag","filename":"stocks_etl_dag.py","lineno":103}
{"timestamp":"2026-08-19T09:06:32.757710Z","level":"info","event":"Filling up the DagBag from /opt/airflow/dags/stocks_etl_dag.py","logger":"airflow.dag_processing.dagbag.BundleDagBag","filename":"dagbag.py","lineno":460}
{"timestamp":"2026-08-19T09:06:33.070911Z","level":"info","event":"Pyspark imported, version: 3.5.2","logger":"unusual_prefix_377e48747e3957bb035dd88b74b86ec1d0ec8c25_stocks_etl_dag","filename":"stocks_etl_dag.py","lineno":24}
{"timestamp":"2026-08-19T09:06:34.197448Z","level":"info","event":"ETL function imported succesfully!","logger":"unusual_prefix_377e48747e3957bb035dd88b74b86ec1d0ec8c25_stocks_etl_dag","filename":"stocks_etl_dag.py","lineno":32}
{"timestamp":"2026-08-19T09:06:34.203185Z","level":"info","event":"DAG loaded sucessfully!","logger":"unusual_prefix_377e48747e3957bb035dd88b74b86ec1d0ec8c25_stocks_etl_dag","filename":"stocks_etl_dag.py","lineno":103}
{"timestamp":"2026-08-19T09:07:04.661307Z","level":"info","event":"Filling up the DagBag from /opt/airflow/dags/stocks_etl_dag.py","logger":"airflow.dag_processing.dagbag.BundleDagBag","filename":"dagbag.py","lineno":460}
{"timestamp":"2026-08-19T09:07:05.013791Z","level":"info","event":"Pyspark imported, version: 3.5.2","logger":"unusual_prefix_377e48747e3957bb035dd88b74b86ec1d0ec8c25_stocks_etl_dag","filename":"stocks_etl_dag.py","lineno":24}
{"timestamp":"2026-08-19T09:07:06.008682Z","level":"info","event":"ETL function imported succesfully!","logger":"unusual_prefix_377e48747e3957bb035dd88b74b86ec1d0ec8c25_stocks_etl_dag","filename":"stocks_etl_dag.py","lineno":32}
{"timestamp":"2026-08-19T09:07:06.015032Z","level":"info","event":"DAG loaded sucessfully!","logger":"unusual_prefix_377e48747e3957bb035dd88b74b86ec1d0ec8c25_stocks_etl_dag","filename":"stocks_etl_dag.py","lineno":103}
{"timestamp":"2026-08-19T09:07:36.465705Z","level":"info","event":"Filling up the DagBag from /opt/airflow/dags/stocks_etl_dag.py","logger":"airflow.dag_processing.dagbag.BundleDagBag","filename":"dagbag.py","lineno":460}
{"timestamp":"2026-08-19T09:07:36.830468Z","level":"info","event":"Pyspark imported, version: 3.5.2","logger":"unusual_prefix_377e48747e3957bb035dd88b74b86ec1d0ec8c25_stocks_etl_dag","filename":"stocks_etl_dag.py","lineno":24}
{"timestamp":"2026-08-19T09:07:38.144550Z","level":"info","event":"ETL function imported succesfully!","logger":"unusual_prefix_377e48747e3957bb035dd88b74b86ec1d0ec8c25_stocks_etl_dag","filename":"stocks_etl_dag.py","lineno":32}
{"timestamp":"2026-08-19T09:07:38.152434Z","level":"info","event":"DAG loaded sucessfully!","logger":"unusual_prefix_377e48747e3957bb035dd88b74b86ec1d0ec8c25_stocks_etl_dag","filename":"stocks_etl_dag.py","lineno":103}
{"timestamp":"2026-08-19T09:08:08.953829Z","level":"info","event":"Filling up the DagBag from /opt/airflow/dags/stocks_etl_dag.py","logger":"airflow.dag_processing.dagbag.BundleDagBag","filename":"dagbag.py","lineno":460}
{"timestamp":"2026-08-19T09:08:09.210448Z","level":"info","event":"Pyspark imported, version: 3.5.2","logger":"unusual_prefix_377e48747e3957bb035dd88b74b86ec1d0ec8c25_stocks_etl_dag","filename":"stocks_etl_dag.py","lineno":24}
{"timestamp":"2026-08-19T09:08:10.443048Z","level":"info","event":"ETL function imported succesfully!","logger":"unusual_prefix_377e48747e3957bb035dd88b74b86ec1d0ec8c25_stocks_etl_dag","filename":"stocks_etl_dag.py","lineno":32}
{"timestamp":"2026-08-19T09:08:10.449504Z","level":"info","event":"DAG loaded sucessfully!","logger":"unusual_prefix_377e48747e3957bb035dd88b74b86ec1d0ec8c25_stocks_etl_dag","filename":"stocks_etl_dag.py","lineno":103}
{"timestamp":"2026-08-19T09:08:40.899420Z","level":"info","event":"Filling up the DagBag from /opt/airflow/dags/stocks_etl_dag.py","logger":"airflow.dag_processing.dagbag.BundleDagBag","filename":"dagbag.py","lineno":460}
{"timestamp":"2026-08-19T09:08:41.239656Z","level":"info","event":"Pyspark imported, version: 3.5.2","logger":"unusual_prefix_377e48747e3957bb035dd88b74b86ec1d0ec8c25_stocks_etl_dag","filename":"stocks_etl_dag.py","lineno":24}
{"timestamp":"2026-08-19T09:08:42.699518Z","level":"info","event":"ETL function imported succesfully!","logger":"unusual_prefix_377e48747e3957bb035dd88b74b86ec1d0ec8c25_stocks_etl_dag","filename":"stocks_etl_dag.py","lineno":32}
{"timestamp":"2026-08-19T09:08:42.708472Z","level":"info","event":"DAG loaded sucessfully!","logger":"unusual_prefix_377e48747e3957bb035dd88b74b86ec1d0ec8c25_stocks_etl_dag","filename":"stocks_etl_dag.py","lineno":103}
{"timestamp":"2026-08-19T09:09:13.342313Z","level":"info","event":"Filling up the DagBag from /opt/airflow/dags/stocks_etl_dag.py","logger":"airflow.dag_processing.dagbag.BundleDagBag","filename":"dagbag.py","lineno":460}
{"timestamp":"2026-08-19T09:09:13.502077Z","level":"info","event":"Pyspark imported, version: 3.5.2","logger":"unusual_prefix_377e48747e3957bb035dd88b74b86ec1d0ec8c25_stocks_etl_dag","filename":"stocks_etl_dag.py","lineno":24}
{"timestamp":"2026-08-19T09:09:14.233218Z","level":"info","event":"ETL function imported succesfully!","logger":"unusual_prefix_377e48747e3957bb035dd88b74b86ec1d0ec8c25_stocks_etl_dag","filename":"stocks_etl_dag.py","lineno":32}
{"timestamp":"2026-08-19T09:09:14.237712Z","level":"info","event":"DAG loaded sucessfully!","logger":"unusual_prefix_377e48747e3957bb035dd88b74b86ec1d0ec8c25_stocks_etl_dag","filename":"stocks_etl_dag.py","lineno":103}
{"timestamp":"2026-08-19T09:09:44.700504Z","level":"info","event":"Filling up the DagBag from /opt/airflow/dags/stocks_etl_dag.py","logger":"airflow.dag_processing.dagbag.BundleDagBag","filename":"dagbag.py","lineno":460}
{"timestamp":"2026-08-19T09:09:44.891266Z","level":"info","event":"Pyspark imported, version: 3.5.2","logger":"unusual_prefix_377e48747e3957bb035dd88b74b86ec1d0ec8c25_stocks_etl_dag","filename":"stocks_etl_dag.py","lineno":24}
{"timestamp":"2026-08-19T09:09:45.709415Z","level":"info","event":"ETL function imported succesfully!","logger":"unusual_prefix_377e48747e3957bb035dd88b74b86ec1d0ec8c25_stocks_etl_dag","filename":"stocks_etl_dag.py","lineno":32}
{"timestamp":"2026-08-19T09:09:45.714556Z","level":"info","event":"DAG loaded sucessfully!","logger":"unusual_prefix_377e48747e3957bb035dd88b74b86ec1d0ec8c25_stocks_etl_dag","filename":"stocks_etl_dag.py","lineno":103}
{"timestamp":"2026-08-19T09:10:16.135576Z","level":"info","event":"Filling up the DagBag from /opt/airflow/dags/stocks_etl_dag.py","logger":"airflow.dag_processing.dagbag.BundleDagBag","filename":"dagbag.py","lineno":460}
{"timestamp":"2026-08-19T09:10:16.386098Z","level":"info","event":"Pyspark imported, version: 3.5.2","logger":"unusual_prefix_377e48747e3957bb035dd88b74b86ec1d0ec8c25_stocks_etl_dag","filename":"stocks_etl_dag.py","lineno":24}
{"timestamp":"2026-08-19T09:10:17.514278Z","level":"info","event":"ETL function imported succesfully!","logger":"unusual_prefix_377e48747e3957bb035dd88b74b86ec1d0ec8c25_stocks_etl_dag","filename":"stocks_etl_dag.py","lineno":32}
{"timestamp":"2026-08-19T09:10:17.520639Z","level":"info","event":"DAG loaded sucessfully!","logger":"unusual_prefix_377e48747e3957bb035dd88b74b86ec1d0ec8c25_stocks_etl_dag","filename":"stocks_etl_dag.py","lineno":103}
{"timestamp":"2026-08-19T09:10:48.025246Z","level":"info","event":"Filling up the DagBag from /opt/airflow/dags/stocks_etl_dag.py","logger":"airflow.dag_processing.dagbag.BundleDagBag","filename":"dagbag.py","lineno":460}
{"timestamp":"2026-08-19T09:10:48.337912Z","level":"info","event":"Pyspark imported, version: 3.5.2","logger":"unusual_prefix_377e48747e3957bb035dd88b74b86ec1d0ec8c25_stocks_etl_dag","filename":"stocks_etl_dag.py","lineno":24}
{"timestamp":"2026-08-19T09:10:49.519861Z","level":"info","event":"ETL function imported succesfully!","logger":"unusual_prefix_377e48747e3957bb035dd88b74b86ec1d0ec8c25_stocks_etl_dag","filename":"stocks_etl_dag.py","lineno":32}
{"timestamp":"2026-08-19T09:10:49.526836Z","level":"info","event":"DAG loaded sucessfully!","logger":"unusual_prefix_377e48747e3957bb035dd88b74b86ec1d0ec8c25_stocks_etl_dag","filename":"stocks_etl_dag.py","lineno":103}
{"timestamp":"2026-08-19T09:11:20.126894Z","level":"info","event":"Filling up the DagBag from /opt/airflow/dags/stocks_etl_dag.py","logger":"airflow.dag_processing.dagbag.BundleDagBag","filename":"dagbag.py","lineno":460}
{"timestamp":"2026-08-19T09:11:20.353483Z","level":"info","event":"Pyspark imported, version: 3.5.2","logger":"unusual_prefix_377e48747e3957bb035dd88b74b86ec1d0ec8c25_stocks_etl_dag","filename":"stocks_etl_dag.py","lineno":24}
{"timestamp":"2026-08-19T09:11:21.274108Z","level":"info","event":"ETL function imported succesfully!","logger":"unusual_prefix_377e48747e3957bb035dd88b74b86ec1d0ec8c25_stocks_etl_dag","filename":"stocks_etl_dag.py","lineno":32}
{"timestamp":"2026-08-19T09:11:21.280004Z","level":"info","event":"DAG loaded sucessfully!","logger":"unusual_prefix_377e48747e3957bb035dd88b74b86ec1d0ec8c25_stocks_etl_dag","filename":"stocks_etl_dag.py","lineno":103}
{"timestamp":"2026-08-19T09:11:51.740102Z","level":"info","event":"Filling up the DagBag from /opt/airflow/dags/stocks_etl_dag.py","logger":"airflow.dag_processing.dagbag.BundleDagBag","filename":"dagbag.py","lineno":460}
{"timestamp":"2026-08-19T09:11:52.037280Z","level":"info","event":"Pyspark imported, version: 3.5.2","logger":"unusual_prefix_377e48747e3957bb035dd88b74b86ec1d0ec8c25_stocks_etl_dag","filename":"stocks_etl_dag.py","lineno":24}
{"timestamp":"2026-08-19T09:11:52.862646Z","level":"info","event":"ETL function imported succesfully!","logger":"unusual_prefix_377e48747e3957bb035dd88b74b86ec1d0ec8c25_stocks_etl_dag","filename":"stocks_etl_dag.py","lineno":32}
{"timestamp":"2026-08-19T09:11:52.868000Z","level":"info","event":"DAG loaded sucessfully!","logger":"unusual_prefix_377e48747e3957bb035dd88b74b86ec1d0ec8c25_stocks_etl_dag","filename":"stocks_etl_dag.py","lineno":103}
{"timestamp":"2026-08-19T09:12:23.279886Z","level":"info","event":"Filling up the DagBag from /opt/airflow/dags/stocks_etl_dag.py","logger":"airflow.dag_processing.dagbag.BundleDagBag","filename":"dagbag.py","lineno":460}
{"timestamp":"2026-08-19T09:12:23.628805Z","level":"info","event":"Pyspark imported, version: 3.5.2","logger":"unusual_prefix_377e48747e3957bb035dd88b74b86ec1d0ec8c25_stocks_etl_dag","filename":"stocks_etl_dag.py","lineno":24}
{"timestamp":"2026-08-19T09:12:24.650172Z","level":"info","event":"ETL function imported succesfully!","logger":"unusual_prefix_377e48747e3957bb035dd88b74b86ec1d0ec8c25_stocks_etl_dag","filename":"stocks_etl_dag.py","lineno":32}
{"timestamp":"2026-08-19T09:12:24.657087Z","level":"info","event":"DAG loaded sucessfully!","logger":"unusual_prefix_377e48747e3957bb035dd88b74b86ec1d0ec8c25_stocks_etl_dag","filename":"stocks_etl_dag.py","lineno":103}
{"timestamp":"2026-08-19T09:12:55.079040Z","level":"info","event":"Filling up the DagBag from /opt/airflow/dags/stocks_etl_dag.py","logger":"airflow.dag_processing.dagbag.BundleDagBag","filename":"dagbag.py","lineno":460}
{"timestamp":"2026-08-19T09:12:55.253436Z","level":"info","event":"Pyspark imported, version: 3.5.2","logger":"unusual_prefix_377e48747e3957bb035dd88b74b86ec1d0ec8c25_stocks_etl_dag","filename":"stocks_etl_dag.py","lineno":24}
{"timestamp":"2026-08-19T09:12:55.978759Z","level":"info","event":"ETL function imported succesfully!","logger":"unusual_prefix_377e48747e3957bb035dd88b74b86ec1d0ec8c25_stocks_etl_dag","filename":"stocks_etl_dag.py","lineno":32}
{"timestamp":"2026-08-19T09:12:55.984009Z","level":"info","event":"DAG loaded sucessfully!","logger":"unusual_prefix_377e48747e3957bb035dd88b74b86ec1d0ec8c25_stocks_etl_dag","filename":"stocks_etl_dag.py","lineno":103}
{"timestamp":"2026-08-19T09:13:26.417934Z","level":"info","event":"Filling up the DagBag from /opt/airflow/dags/stocks_etl_dag.py","logger":"airflow.dag_processing.dagbag.BundleDagBag","filename":"dagbag.py","lineno":460}
{"timestamp":"2026-08-19T09:13:26.637613Z","level":"info","event":"Pyspark imported, version: 3.5.2","logger":"unusual_prefix_377e48747e3957bb035dd88b74b86ec1d0ec8c25_stocks_etl_dag","filename":"stocks_etl_dag.py","lineno":24}
{"timestamp":"2026-08-19T09:13:27.537327Z","level":"info","event":"ETL function imported succesfully!","logger":"unusual_prefix_377e48747e3957bb035dd88b74b86ec1d0ec8c25_stocks_etl_dag","filename":"stocks_etl_dag.py","lineno":32}
{"timestamp":"2026-08-19T09:13:27.542595Z","level":"info","event":"DAG loaded sucessfully!","logger":"unusual_prefix_377e48747e3957bb035dd88b74b86ec1d0ec8c25_stocks_etl_dag","filename":"stocks_etl_dag.py","lineno":103}
{"timestamp":"2026-08-19T09:13:57.990494Z","level":"info","event":"Filling up the DagBag from /opt/airflow/dags/stocks_etl_dag.py","logger":"airflow.dag_processing.dagbag.BundleDagBag","filename":"dagbag.py","lineno":460}
{"timestamp":"2026-08-19T09:13:58.478040Z","level":"info","event":"Pyspark imported, version: 3.5.2","logger":"unusual_prefix_377e48747e3957bb035dd88b74b86ec1d0ec8c25_stocks_etl_dag","filename":"stocks_etl_dag.py","lineno":24}
{"timestamp":"2026-08-19T09:13:59.737829Z","level":"info","event":"ETL function imported succesfully!","logger":"unusual_prefix_377e48747e3957bb035dd88b74b86ec1d0ec8c25_stocks_etl_dag","filename":"stocks_etl_dag.py","lineno":32}
{"timestamp":"2026-08-19T09:13:59.745813Z","level":"info","event":"DAG loaded sucessfully!","logger":"unusual_prefix_377e48747e3957bb035dd88b74b86ec1d0ec8c25_stocks_etl_dag","filename":"stocks_etl_dag.py","lineno":103}
{"timestamp":"2026-08-19T09:14:30.393501Z","level":"info","event":"Filling up the DagBag from /opt/airflow/dags/stocks_etl_dag.py","logger":"airflow.dag_processing.dagbag.BundleDagBag","filename":"dagbag.py","lineno":460}
{"timestamp":"2026-08-19T09:14:30.629358Z","level":"info","event":"Pyspark imported, version: 3.5.2","logger":"unusual_prefix_377e48747e3957bb035dd88b74b86ec1d0ec8c25_stocks_etl_dag","filename":"stocks_etl_dag.py","lineno":24}
{"timestamp":"2026-08-19T09:14:31.609646Z","level":"info","event":"ETL function imported succesfully!","logger":"unusual_prefix_377e48747e3957bb035dd88b74b86ec1d0ec8c25_stocks_etl_dag","filename":"stocks_etl_dag.py","lineno":32}
{"timestamp":"2026-08-19T09:14:31.616033Z","level":"info","event":"DAG loaded sucessfully!","logger":"unusual_prefix_377e48747e3957bb035dd88b74b86ec1d0ec8c25_stocks_etl_dag","filename":"stocks_etl_dag.py","lineno":103}
{"timestamp":"2026-08-19T09:15:02.116177Z","level":"info","event":"Filling up the DagBag from /opt/airflow/dags/stocks_etl_dag.py","logger":"airflow.dag_processing.dagbag.BundleDagBag","filename":"dagbag.py","lineno":460}
{"timestamp":"2026-08-19T09:15:02.337353Z","level":"info","event":"Pyspark imported, version: 3.5.2","logger":"unusual_prefix_377e48747e3957bb035dd88b74b86ec1d0ec8c25_stocks_etl_dag","filename":"stocks_etl_dag.py","lineno":24}
{"timestamp":"2026-08-19T09:15:03.252604Z","level":"info","event":"ETL function imported succesfully!","logger":"unusual_prefix_377e48747e3957bb035dd88b74b86ec1d0ec8c25_stocks_etl_dag","filename":"stocks_etl_dag.py","lineno":32}
{"timestamp":"2026-08-19T09:15:03.257898Z","level":"info","event":"DAG loaded sucessfully!","logger":"unusual_prefix_377e48747e3957bb035dd88b74b86ec1d0ec8c25_stocks_etl_dag","filename":"stocks_etl_dag.py","lineno":103}
{"timestamp":"2026-08-19T09:15:33.666932Z","level":"info","event":"Filling up the DagBag from /opt/airflow/dags/stocks_etl_dag.py","logger":"airflow.dag_processing.dagbag.BundleDagBag","filename":"dagbag.py","lineno":460}
{"timestamp":"2026-08-19T09:15:33.872376Z","level":"info","event":"Pyspark imported, version: 3.5.2","logger":"unusual_prefix_377e48747e3957bb035dd88b74b86ec1d0ec8c25_stocks_etl_dag","filename":"stocks_etl_dag.py","lineno":24}
{"timestamp":"2026-08-19T09:15:34.880462Z","level":"info","event":"ETL function imported succesfully!","logger":"unusual_prefix_377e48747e3957bb035dd88b74b86ec1d0ec8c25_stocks_etl_dag","filename":"stocks_etl_dag.py","lineno":32}
{"timestamp":"2026-08-19T09:15:34.888429Z","level":"info","event":"DAG loaded sucessfully!","logger":"unusual_prefix_377e48747e3957bb035dd88b74b86ec1d0ec8c25_stocks_etl_dag","filename":"stocks_etl_dag.py","lineno":103}
{"timestamp":"2026-08-19T09:16:05.323092Z","level":"info","event":"Filling up the DagBag from /opt/airflow/dags/stocks_etl_dag.py","logger":"airflow.dag_processing.dagbag.BundleDagBag","filename":"dagbag.py","lineno":460}
{"timestamp":"2026-08-19T09:16:05.606350Z","level":"info","event":"Pyspark imported, version: 3.5.2","logger":"unusual_prefix_377e48747e3957bb035dd88b74b86ec1d0ec8c25_stocks_etl_dag","filename":"stocks_etl_dag.py","lineno":24}
{"timestamp":"2026-08-19T09:16:06.944924Z","level":"info","event":"ETL function imported succesfully!","logger":"unusual_prefix_377e48747e3957bb035dd88b74b86ec1d0ec8c25_stocks_etl_dag","filename":"stocks_etl_dag.py","lineno":32}
{"timestamp":"2026-08-19T09:16:06.952236Z","level":"info","event":"DAG loaded sucessfully!","logger":"unusual_prefix_377e48747e3957bb035dd88b74b86ec1d0ec8c25_stocks_etl_dag","filename":"stocks_etl_dag.py","lineno":103}
{"timestamp":"2026-08-19T09:16:37.410980Z","level":"info","event":"Filling up the DagBag from /opt/airflow/dags/stocks_etl_dag.py","logger":"airflow.dag_processing.dagbag.BundleDagBag","filename":"dagbag.py","lineno":460}
{"timestamp":"2026-08-19T09:16:37.683824Z","level":"info","event":"Pyspark imported, version: 3.5.2","logger":"unusual_prefix_377e48747e3957bb035dd88b74b86ec1d0ec8c25_stocks_etl_dag","filename":"stocks_etl_dag.py","lineno":24}
{"timestamp":"2026-08-19T09:16:39.369066Z","level":"info","event":"ETL function imported succesfully!","logger":"unusual_prefix_377e48747e3957bb035dd88b74b86ec1d0ec8c25_stocks_etl_dag","filename":"stocks_etl_dag.py","lineno":32}
{"timestamp":"2026-08-19T09:16:39.378170Z","level":"info","event":"DAG loaded sucessfully!","logger":"unusual_prefix_377e48747e3957bb035dd88b74b86ec1d0ec8c25_stocks_etl_dag","filename":"stocks_etl_dag.py","lineno":103}
{"timestamp":"2026-08-19T09:17:09.795543Z","level":"info","event":"Filling up the DagBag from /opt/airflow/dags/stocks_etl_dag.py","logger":"airflow.dag_processing.dagbag.BundleDagBag","filename":"dagbag.py","lineno":460}
{"timestamp":"2026-08-19T09:17:10.048024Z","level":"info","event":"Pyspark imported, version: 3.5.2","logger":"unusual_prefix_377e48747e3957bb035dd88b74b86ec1d0ec8c25_stocks_etl_dag","filename":"stocks_etl_dag.py","lineno":24}
{"timestamp":"2026-08-19T09:17:10.921323Z","level":"info","event":"ETL function imported succesfully!","logger":"unusual_prefix_377e48747e3957bb035dd88b74b86ec1d0ec8c25_stocks_etl_dag","filename":"stocks_etl_dag.py","lineno":32}
{"timestamp":"2026-08-19T09:17:10.926990Z","level":"info","event":"DAG loaded sucessfully!","logger":"unusual_prefix_377e48747e3957bb035dd88b74b86ec1d0ec8c25_stocks_etl_dag","filename":"stocks_etl_dag.py","lineno":103}
{"timestamp":"2026-08-19T09:17:41.427118Z","level":"info","event":"Filling up the DagBag from /opt/airflow/dags/stocks_etl_dag.py","logger":"airflow.dag_processing.dagbag.BundleDagBag","filename":"dagbag.py","lineno":460}
{"timestamp":"2026-08-19T09:17:41.983714Z","level":"info","event":"Pyspark imported, version: 3.5.2","logger":"unusual_prefix_377e48747e3957bb035dd88b74b86ec1d0ec8c25_stocks_etl_dag","filename":"stocks_etl_dag.py","lineno":24}
{"timestamp":"2026-08-19T09:17:43.500625Z","level":"info","event":"ETL function imported succesfully!","logger":"unusual_prefix_377e48747e3957bb035dd88b74b86ec1d0ec8c25_stocks_etl_dag","filename":"stocks_etl_dag.py","lineno":32}
{"timestamp":"2026-08-19T09:17:43.514951Z","level":"info","event":"DAG loaded sucessfully!","logger":"unusual_prefix_377e48747e3957bb035dd88b74b86ec1d0ec8c25_stocks_etl_dag","filename":"stocks_etl_dag.py","lineno":103}
{"timestamp":"2026-08-19T09:18:13.840007Z","level":"info","event":"Filling up the DagBag from /opt/airflow/dags/stocks_etl_dag.py","logger":"airflow.dag_processing.dagbag.BundleDagBag","filename":"dagbag.py","lineno":460}
{"timestamp":"2026-08-19T09:18:13.991376Z","level":"info","event":"Pyspark imported, version: 3.5.2","logger":"unusual_prefix_377e48747e3957bb035dd88b74b86ec1d0ec8c25_stocks_etl_dag","filename":"stocks_etl_dag.py","lineno":24}
{"timestamp":"2026-08-19T09:18:14.654036Z","level":"info","event":"ETL function imported succesfully!","logger":"unusual_prefix_377e48747e3957bb035dd88b74b86ec1d0ec8c25_stocks_etl_dag","filename":"stocks_etl_dag.py","lineno":32}
{"timestamp":"2026-08-19T09:18:14.658408Z","level":"info","event":"DAG loaded sucessfully!","logger":"unusual_prefix_377e48747e3957bb035dd88b74b86ec1d0ec8c25_stocks_etl_dag","filename":"stocks_etl_dag.py","lineno":103}
{"timestamp":"2026-08-19T09:18:45.743071Z","level":"info","event":"Filling up the DagBag from /opt/airflow/dags/stocks_etl_dag.py","logger":"airflow.dag_processing.dagbag.BundleDagBag","filename":"dagbag.py","lineno":460}
{"timestamp":"2026-08-19T09:18:45.961899Z","level":"info","event":"Pyspark imported, version: 3.5.2","logger":"unusual_prefix_377e48747e3957bb035dd88b74b86ec1d0ec8c25_stocks_etl_dag","filename":"stocks_etl_dag.py","lineno":24}
{"timestamp":"2026-08-19T09:18:46.860275Z","level":"info","event":"ETL function imported succesfully!","logger":"unusual_prefix_377e48747e3957bb035dd88b74b86ec1d0ec8c25_stocks_etl_dag","filename":"stocks_etl_dag.py","lineno":32}
{"timestamp":"2026-08-19T09:18:46.865760Z","level":"info","event":"DAG loaded sucessfully!","logger":"unusual_prefix_377e48747e3957bb035dd88b74b86ec1d0ec8c25_stocks_etl_dag","filename":"stocks_etl_dag.py","lineno":103}
{"timestamp":"2026-08-19T09:19:18.206402Z","level":"info","event":"Filling up the DagBag from /opt/airflow/dags/stocks_etl_dag.py","logger":"airflow.dag_processing.dagbag.BundleDagBag","filename":"dagbag.py","lineno":460}
{"timestamp":"2026-08-19T09:19:18.467314Z","level":"info","event":"Pyspark imported, version: 3.5.2","logger":"unusual_prefix_377e48747e3957bb035dd88b74b86ec1d0ec8c25_stocks_etl_dag","filename":"stocks_etl_dag.py","lineno":24}
{"timestamp":"2026-08-19T09:19:19.455257Z","level":"info","event":"ETL function imported succesfully!","logger":"unusual_prefix_377e48747e3957bb035dd88b74b86ec1d0ec8c25_stocks_etl_dag","filename":"stocks_etl_dag.py","lineno":32}
{"timestamp":"2026-08-19T09:19:19.461111Z","level":"info","event":"DAG loaded sucessfully!","logger":"unusual_prefix_377e48747e3957bb035dd88b74b86ec1d0ec8c25_stocks_etl_dag","filename":"stocks_etl_dag.py","lineno":103}
{"timestamp":"2026-08-19T09:19:50.479650Z","level":"info","event":"Filling up the DagBag from /opt/airflow/dags/stocks_etl_dag.py","logger":"airflow.dag_processing.dagbag.BundleDagBag","filename":"dagbag.py","lineno":460}
{"timestamp":"2026-08-19T09:19:50.779010Z","level":"info","event":"Pyspark imported, version: 3.5.2","logger":"unusual_prefix_377e48747e3957bb035dd88b74b86ec1d0ec8c25_stocks_etl_dag","filename":"stocks_etl_dag.py","lineno":24}
{"timestamp":"2026-08-19T09:19:52.021683Z","level":"info","event":"ETL function imported succesfully!","logger":"unusual_prefix_377e48747e3957bb035dd88b74b86ec1d0ec8c25_stocks_etl_dag","filename":"stocks_etl_dag.py","lineno":32}
{"timestamp":"2026-08-19T09:19:52.027785Z","level":"info","event":"DAG loaded sucessfully!","logger":"unusual_prefix_377e48747e3957bb035dd88b74b86ec1d0ec8c25_stocks_etl_dag","filename":"stocks_etl_dag.py","lineno":103}
{"timestamp":"2026-08-19T09:20:22.277178Z","level":"info","event":"Filling up the DagBag from /opt/airflow/dags/stocks_etl_dag.py","logger":"airflow.dag_processing.dagbag.BundleDagBag","filename":"dagbag.py","lineno":460}
{"timestamp":"2026-08-19T09:20:22.542118Z","level":"info","event":"Pyspark imported, version: 3.5.2","logger":"unusual_prefix_377e48747e3957bb035dd88b74b86ec1d0ec8c25_stocks_etl_dag","filename":"stocks_etl_dag.py","lineno":24}
{"timestamp":"2026-08-19T09:20:23.564443Z","level":"info","event":"ETL function imported succesfully!","logger":"unusual_prefix_377e48747e3957bb035dd88b74b86ec1d0ec8c25_stocks_etl_dag","filename":"stocks_etl_dag.py","lineno":32}
{"timestamp":"2026-08-19T09:20:23.571934Z","level":"info","event":"DAG loaded sucessfully!","logger":"unusual_prefix_377e48747e3957bb035dd88b74b86ec1d0ec8c25_stocks_etl_dag","filename":"stocks_etl_dag.py","lineno":103}
{"timestamp":"2026-08-19T09:20:54.297298Z","level":"info","event":"Filling up the DagBag from /opt/airflow/dags/stocks_etl_dag.py","logger":"airflow.dag_processing.dagbag.BundleDagBag","filename":"dagbag.py","lineno":460}
{"timestamp":"2026-08-19T09:20:54.442850Z","level":"info","event":"Pyspark imported, version: 3.5.2","logger":"unusual_prefix_377e48747e3957bb035dd88b74b86ec1d0ec8c25_stocks_etl_dag","filename":"stocks_etl_dag.py","lineno":24}
{"timestamp":"2026-08-19T09:20:55.194240Z","level":"info","event":"ETL function imported succesfully!","logger":"unusual_prefix_377e48747e3957bb035dd88b74b86ec1d0ec8c25_stocks_etl_dag","filename":"stocks_etl_dag.py","lineno":32}
{"timestamp":"2026-08-19T09:20:55.198903Z","level":"info","event":"DAG loaded sucessfully!","logger":"unusual_prefix_377e48747e3957bb035dd88b74b86ec1d0ec8c25_stocks_etl_dag","filename":"stocks_etl_dag.py","lineno":103}
{"timestamp":"2026-08-19T09:21:25.362561Z","level":"info","event":"Filling up the DagBag from /opt/airflow/dags/stocks_etl_dag.py","logger":"airflow.dag_processing.dagbag.BundleDagBag","filename":"dagbag.py","lineno":460}
{"timestamp":"2026-08-19T09:21:25.669268Z","level":"info","event":"Pyspark imported, version: 3.5.2","logger":"unusual_prefix_377e48747e3957bb035dd88b74b86ec1d0ec8c25_stocks_etl_dag","filename":"stocks_etl_dag.py","lineno":24}
{"timestamp":"2026-08-19T09:21:26.616899Z","level":"info","event":"ETL function imported succesfully!","logger":"unusual_prefix_377e48747e3957bb035dd88b74b86ec1d0ec8c25_stocks_etl_dag","filename":"stocks_etl_dag.py","lineno":32}
{"timestamp":"2026-08-19T09:21:26.622223Z","level":"info","event":"DAG loaded sucessfully!","logger":"unusual_prefix_377e48747e3957bb035dd88b74b86ec1d0ec8c25_stocks_etl_dag","filename":"stocks_etl_dag.py","lineno":103}
{"timestamp":"2026-08-19T09:21:56.788970Z","level":"info","event":"Filling up the DagBag from /opt/airflow/dags/stocks_etl_dag.py","logger":"airflow.dag_processing.dagbag.BundleDagBag","filename":"dagbag.py","lineno":460}
{"timestamp":"2026-08-19T09:21:57.043821Z","level":"info","event":"Pyspark imported, version: 3.5.2","logger":"unusual_prefix_377e48747e3957bb035dd88b74b86ec1d0ec8c25_stocks_etl_dag","filename":"stocks_etl_dag.py","lineno":24}
{"timestamp":"2026-08-19T09:21:58.026577Z","level":"info","event":"ETL function imported succesfully!","logger":"unusual_prefix_377e48747e3957bb035dd88b74b86ec1d0ec8c25_stocks_etl_dag","filename":"stocks_etl_dag.py","lineno":32}
{"timestamp":"2026-08-19T09:21:58.035469Z","level":"info","event":"DAG loaded sucessfully!","logger":"unusual_prefix_377e48747e3957bb035dd88b74b86ec1d0ec8c25_stocks_etl_dag","filename":"stocks_etl_dag.py","lineno":103}
{"timestamp":"2026-08-19T09:22:28.461180Z","level":"info","event":"Filling up the DagBag from /opt/airflow/dags/stocks_etl_dag.py","logger":"airflow.dag_processing.dagbag.BundleDagBag","filename":"dagbag.py","lineno":460}
{"timestamp":"2026-08-19T09:22:28.755029Z","level":"info","event":"Pyspark imported, version: 3.5.2","logger":"unusual_prefix_377e48747e3957bb035dd88b74b86ec1d0ec8c25_stocks_etl_dag","filename":"stocks_etl_dag.py","lineno":24}
{"timestamp":"2026-08-19T09:22:29.498309Z","level":"info","event":"ETL function imported succesfully!","logger":"unusual_prefix_377e48747e3957bb035dd88b74b86ec1d0ec8c25_stocks_etl_dag","filename":"stocks_etl_dag.py","lineno":32}
{"timestamp":"2026-08-19T09:22:29.503338Z","level":"info","event":"DAG loaded sucessfully!","logger":"unusual_prefix_377e48747e3957bb035dd88b74b86ec1d0ec8c25_stocks_etl_dag","filename":"stocks_etl_dag.py","lineno":103}
{"timestamp":"2026-08-19T09:22:59.997020Z","level":"info","event":"Filling up the DagBag from /opt/airflow/dags/stocks_etl_dag.py","logger":"airflow.dag_processing.dagbag.BundleDagBag","filename":"dagbag.py","lineno":460}
{"timestamp":"2026-08-19T09:23:00.303561Z","level":"info","event":"Pyspark imported, version: 3.5.2","logger":"unusual_prefix_377e48747e3957bb035dd88b74b86ec1d0ec8c25_stocks_etl_dag","filename":"stocks_etl_dag.py","lineno":24}
{"timestamp":"2026-08-19T09:23:01.245639Z","level":"info","event":"ETL function imported succesfully!","logger":"unusual_prefix_377e48747e3957bb035dd88b74b86ec1d0ec8c25_stocks_etl_dag","filename":"stocks_etl_dag.py","lineno":32}
{"timestamp":"2026-08-19T09:23:01.251309Z","level":"info","event":"DAG loaded sucessfully!","logger":"unusual_prefix_377e48747e3957bb035dd88b74b86ec1d0ec8c25_stocks_etl_dag","filename":"stocks_etl_dag.py","lineno":103}
{"timestamp":"2026-08-19T09:23:32.044743Z","level":"info","event":"Filling up the DagBag from /opt/airflow/dags/stocks_etl_dag.py","logger":"airflow.dag_processing.dagbag.BundleDagBag","filename":"dagbag.py","lineno":460}
{"timestamp":"2026-08-19T09:23:32.347341Z","level":"info","event":"Pyspark imported, version: 3.5.2","logger":"unusual_prefix_377e48747e3957bb035dd88b74b86ec1d0ec8c25_stocks_etl_dag","filename":"stocks_etl_dag.py","lineno":24}
{"timestamp":"2026-08-19T09:23:33.618797Z","level":"info","event":"ETL function imported succesfully!","logger":"unusual_prefix_377e48747e3957bb035dd88b74b86ec1d0ec8c25_stocks_etl_dag","filename":"stocks_etl_dag.py","lineno":32}
{"timestamp":"2026-08-19T09:23:33.628408Z","level":"info","event":"DAG loaded sucessfully!","logger":"unusual_prefix_377e48747e3957bb035dd88b74b86ec1d0ec8c25_stocks_etl_dag","filename":"stocks_etl_dag.py","lineno":103}
{"timestamp":"2026-08-19T09:24:04.072576Z","level":"info","event":"Filling up the DagBag from /opt/airflow/dags/stocks_etl_dag.py","logger":"airflow.dag_processing.dagbag.BundleDagBag","filename":"dagbag.py","lineno":460}
{"timestamp":"2026-08-19T09:24:04.222393Z","level":"info","event":"Pyspark imported, version: 3.5.2","logger":"unusual_prefix_377e48747e3957bb035dd88b74b86ec1d0ec8c25_stocks_etl_dag","filename":"stocks_etl_dag.py","lineno":24}
{"timestamp":"2026-08-19T09:24:05.033559Z","level":"info","event":"ETL function imported succesfully!","logger":"unusual_prefix_377e48747e3957bb035dd88b74b86ec1d0ec8c25_stocks_etl_dag","filename":"stocks_etl_dag.py","lineno":32}
{"timestamp":"2026-08-19T09:24:05.042196Z","level":"info","event":"DAG loaded sucessfully!","logger":"unusual_prefix_377e48747e3957bb035dd88b74b86ec1d0ec8c25_stocks_etl_dag","filename":"stocks_etl_dag.py","lineno":103}
{"timestamp":"2026-08-19T09:24:35.489249Z","level":"info","event":"Filling up the DagBag from /opt/airflow/dags/stocks_etl_dag.py","logger":"airflow.dag_processing.dagbag.BundleDagBag","filename":"dagbag.py","lineno":460}
{"timestamp":"2026-08-19T09:24:35.838814Z","level":"info","event":"Pyspark imported, version: 3.5.2","logger":"unusual_prefix_377e48747e3957bb035dd88b74b86ec1d0ec8c25_stocks_etl_dag","filename":"stocks_etl_dag.py","lineno":24}
{"timestamp":"2026-08-19T09:24:37.353360Z","level":"info","event":"ETL function imported succesfully!","logger":"unusual_prefix_377e48747e3957bb035dd88b74b86ec1d0ec8c25_stocks_etl_dag","filename":"stocks_etl_dag.py","lineno":32}
{"timestamp":"2026-08-19T09:24:37.360725Z","level":"info","event":"DAG loaded sucessfully!","logger":"unusual_prefix_377e48747e3957bb035dd88b74b86ec1d0ec8c25_stocks_etl_dag","filename":"stocks_etl_dag.py","lineno":103}
{"timestamp":"2026-08-19T09:25:07.817153Z","level":"info","event":"Filling up the DagBag from /opt/airflow/dags/stocks_etl_dag.py","logger":"airflow.dag_processing.dagbag.BundleDagBag","filename":"dagbag.py","lineno":460}
{"timestamp":"2026-08-19T09:25:08.021170Z","level":"info","event":"Pyspark imported, version: 3.5.2","logger":"unusual_prefix_377e48747e3957bb035dd88b74b86ec1d0ec8c25_stocks_etl_dag","filename":"stocks_etl_dag.py","lineno":24}
{"timestamp":"2026-08-19T09:25:09.156275Z","level":"info","event":"ETL function imported succesfully!","logger":"unusual_prefix_377e48747e3957bb035dd88b74b86ec1d0ec8c25_stocks_etl_dag","filename":"stocks_etl_dag.py","lineno":32}
{"timestamp":"2026-08-19T09:25:09.162561Z","level":"info","event":"DAG loaded sucessfully!","logger":"unusual_prefix_377e48747e3957bb035dd88b74b86ec1d0ec8c25_stocks_etl_dag","filename":"stocks_etl_dag.py","lineno":103}
{"timestamp":"2026-08-19T09:25:39.680761Z","level":"info","event":"Filling up the DagBag from /opt/airflow/dags/stocks_etl_dag.py","logger":"airflow.dag_processing.dagbag.BundleDagBag","filename":"dagbag.py","lineno":460}
{"timestamp":"2026-08-19T09:25:40.023670Z","level":"info","event":"Pyspark imported, version: 3.5.2","logger":"unusual_prefix_377e48747e3957bb035dd88b74b86ec1d0ec8c25_stocks_etl_dag","filename":"stocks_etl_dag.py","lineno":24}
{"timestamp":"2026-08-19T09:25:41.570030Z","level":"info","event":"ETL function imported succesfully!","logger":"unusual_prefix_377e48747e3957bb035dd88b74b86ec1d0ec8c25_stocks_etl_dag","filename":"stocks_etl_dag.py","lineno":32}
{"timestamp":"2026-08-19T09:25:41.578396Z","level":"info","event":"DAG loaded sucessfully!","logger":"unusual_prefix_377e48747e3957bb035dd88b74b86ec1d0ec8c25_stocks_etl_dag","filename":"stocks_etl_dag.py","lineno":103}
{"timestamp":"2026-08-19T09:26:11.993525Z","level":"info","event":"Filling up the DagBag from /opt/airflow/dags/stocks_etl_dag.py","logger":"airflow.dag_processing.dagbag.BundleDagBag","filename":"dagbag.py","lineno":460}
{"timestamp":"2026-08-19T09:26:12.151851Z","level":"info","event":"Pyspark imported, version: 3.5.2","logger":"unusual_prefix_377e48747e3957bb035dd88b74b86ec1d0ec8c25_stocks_etl_dag","filename":"stocks_etl_dag.py","lineno":24}
{"timestamp":"2026-08-19T09:26:12.820004Z","level":"info","event":"ETL function imported succesfully!","logger":"unusual_prefix_377e48747e3957bb035dd88b74b86ec1d0ec8c25_stocks_etl_dag","filename":"stocks_etl_dag.py","lineno":32}
{"timestamp":"2026-08-19T09:26:12.824209Z","level":"info","event":"DAG loaded sucessfully!","logger":"unusual_prefix_377e48747e3957bb035dd88b74b86ec1d0ec8c25_stocks_etl_dag","filename":"stocks_etl_dag.py","lineno":103}
{"timestamp":"2026-08-19T09:26:43.334603Z","level":"info","event":"Filling up the DagBag from /opt/airflow/dags/stocks_etl_dag.py","logger":"airflow.dag_processing.dagbag.BundleDagBag","filename":"dagbag.py","lineno":460}
{"timestamp":"2026-08-19T09:26:43.515870Z","level":"info","event":"Pyspark imported, version: 3.5.2","logger":"unusual_prefix_377e48747e3957bb035dd88b74b86ec1d0ec8c25_stocks_etl_dag","filename":"stocks_etl_dag.py","lineno":24}
{"timestamp":"2026-08-19T09:26:44.347444Z","level":"info","event":"ETL function imported succesfully!","logger":"unusual_prefix_377e48747e3957bb035dd88b74b86ec1d0ec8c25_stocks_etl_dag","filename":"stocks_etl_dag.py","lineno":32}
{"timestamp":"2026-08-19T09:26:44.352453Z","level":"info","event":"DAG loaded sucessfully!","logger":"unusual_prefix_377e48747e3957bb035dd88b74b86ec1d0ec8c25_stocks_etl_dag","filename":"stocks_etl_dag.py","lineno":103}
{"timestamp":"2026-08-19T09:27:14.746111Z","level":"info","event":"Filling up the DagBag from /opt/airflow/dags/stocks_etl_dag.py","logger":"airflow.dag_processing.dagbag.BundleDagBag","filename":"dagbag.py","lineno":460}
{"timestamp":"2026-08-19T09:27:15.004926Z","level":"info","event":"Pyspark imported, version: 3.5.2","logger":"unusual_prefix_377e48747e3957bb035dd88b74b86ec1d0ec8c25_stocks_etl_dag","filename":"stocks_etl_dag.py","lineno":24}
{"timestamp":"2026-08-19T09:27:16.139708Z","level":"info","event":"ETL function imported succesfully!","logger":"unusual_prefix_377e48747e3957bb035dd88b74b86ec1d0ec8c25_stocks_etl_dag","filename":"stocks_etl_dag.py","lineno":32}
{"timestamp":"2026-08-19T09:27:16.146596Z","level":"info","event":"DAG loaded sucessfully!","logger":"unusual_prefix_377e48747e3957bb035dd88b74b86ec1d0ec8c25_stocks_etl_dag","filename":"stocks_etl_dag.py","lineno":103}
{"timestamp":"2026-08-19T09:27:46.605494Z","level":"info","event":"Filling up the DagBag from /opt/airflow/dags/stocks_etl_dag.py","logger":"airflow.dag_processing.dagbag.BundleDagBag","filename":"dagbag.py","lineno":460}
{"timestamp":"2026-08-19T09:27:46.834477Z","level":"info","event":"Pyspark imported, version: 3.5.2","logger":"unusual_prefix_377e48747e3957bb035dd88b74b86ec1d0ec8c25_stocks_etl_dag","filename":"stocks_etl_dag.py","lineno":24}
{"timestamp":"2026-08-19T09:27:47.470990Z","level":"info","event":"ETL function imported succesfully!","logger":"unusual_prefix_377e48747e3957bb035dd88b74b86ec1d0ec8c25_stocks_etl_dag","filename":"stocks_etl_dag.py","lineno":32}
{"timestamp":"2026-08-19T09:27:47.476233Z","level":"info","event":"DAG loaded sucessfully!","logger":"unusual_prefix_377e48747e3957bb035dd88b74b86ec1d0ec8c25_stocks_etl_dag","filename":"stocks_etl_dag.py","lineno":103}
{"timestamp":"2026-08-19T09:28:17.861755Z","level":"info","event":"Filling up the DagBag from /opt/airflow/dags/stocks_etl_dag.py","logger":"airflow.dag_processing.dagbag.BundleDagBag","filename":"dagbag.py","lineno":460}
{"timestamp":"2026-08-19T09:28:18.112547Z","level":"info","event":"Pyspark imported, version: 3.5.2","logger":"unusual_prefix_377e48747e3957bb035dd88b74b86ec1d0ec8c25_stocks_etl_dag","filename":"stocks_etl_dag.py","lineno":24}
{"timestamp":"2026-08-19T09:28:18.950113Z","level":"info","event":"ETL function imported succesfully!","logger":"unusual_prefix_377e48747e3957bb035dd88b74b86ec1d0ec8c25_stocks_etl_dag","filename":"stocks_etl_dag.py","lineno":32}
{"timestamp":"2026-08-19T09:28:18.957657Z","level":"info","event":"DAG loaded sucessfully!","logger":"unusual_prefix_377e48747e3957bb035dd88b74b86ec1d0ec8c25_stocks_etl_dag","filename":"stocks_etl_dag.py","lineno":103}
{"timestamp":"2026-08-19T09:28:49.390562Z","level":"info","event":"Filling up the DagBag from /opt/airflow/dags/stocks_etl_dag.py","logger":"airflow.dag_processing.dagbag.BundleDagBag","filename":"dagbag.py","lineno":460}
{"timestamp":"2026-08-19T09:28:49.732175Z","level":"info","event":"Pyspark imported, version: 3.5.2","logger":"unusual_prefix_377e48747e3957bb035dd88b74b86ec1d0ec8c25_stocks_etl_dag","filename":"stocks_etl_dag.py","lineno":24}
{"timestamp":"2026-08-19T09:28:50.920492Z","level":"info","event":"ETL function imported succesfully!","logger":"unusual_prefix_377e48747e3957bb035dd88b74b86ec1d0ec8c25_stocks_etl_dag","filename":"stocks_etl_dag.py","lineno":32}
{"timestamp":"2026-08-19T09:28:50.927481Z","level":"info","event":"DAG loaded sucessfully!","logger":"unusual_prefix_377e48747e3957bb035dd88b74b86ec1d0ec8c25_stocks_etl_dag","filename":"stocks_etl_dag.py","lineno":103}
{"timestamp":"2026-08-19T09:29:21.324459Z","level":"info","event":"Filling up the DagBag from /opt/airflow/dags/stocks_etl_dag.py","logger":"airflow.dag_processing.dagbag.BundleDagBag","filename":"dagbag.py","lineno":460}
{"timestamp":"2026-08-19T09:29:21.590081Z","level":"info","event":"Pyspark imported, version: 3.5.2","logger":"unusual_prefix_377e48747e3957bb035dd88b74b86ec1d0ec8c25_stocks_etl_dag","filename":"stocks_etl_dag.py","lineno":24}
{"timestamp":"2026-08-19T09:29:22.659891Z","level":"info","event":"ETL function imported succesfully!","logger":"unusual_prefix_377e48747e3957bb035dd88b74b86ec1d0ec8c25_stocks_etl_dag","filename":"stocks_etl_dag.py","lineno":32}
{"timestamp":"2026-08-19T09:29:22.666669Z","level":"info","event":"DAG loaded sucessfully!","logger":"unusual_prefix_377e48747e3957bb035dd88b74b86ec1d0ec8c25_stocks_etl_dag","filename":"stocks_etl_dag.py","lineno":103}
{"timestamp":"2026-08-19T09:29:53.101916Z","level":"info","event":"Filling up the DagBag from /opt/airflow/dags/stocks_etl_dag.py","logger":"airflow.dag_processing.dagbag.BundleDagBag","filename":"dagbag.py","lineno":460}
{"timestamp":"2026-08-19T09:29:53.242712Z","level":"info","event":"Pyspark imported, version: 3.5.2","logger":"unusual_prefix_377e48747e3957bb035dd88b74b86ec1d0ec8c25_stocks_etl_dag","filename":"stocks_etl_dag.py","lineno":24}
{"timestamp":"2026-08-19T09:29:53.960081Z","level":"info","event":"ETL function imported succesfully!","logger":"unusual_prefix_377e48747e3957bb035dd88b74b86ec1d0ec8c25_stocks_etl_dag","filename":"stocks_etl_dag.py","lineno":32}
{"timestamp":"2026-08-19T09:29:53.966989Z","level":"info","event":"DAG loaded sucessfully!","logger":"unusual_prefix_377e48747e3957bb035dd88b74b86ec1d0ec8c25_stocks_etl_dag","filename":"stocks_etl_dag.py","lineno":103}
{"timestamp":"2026-08-19T09:30:24.535812Z","level":"info","event":"Filling up the DagBag from /opt/airflow/dags/stocks_etl_dag.py","logger":"airflow.dag_processing.dagbag.BundleDagBag","filename":"dagbag.py","lineno":460}
{"timestamp":"2026-08-19T09:30:24.705291Z","level":"info","event":"Pyspark imported, version: 3.5.2","logger":"unusual_prefix_377e48747e3957bb035dd88b74b86ec1d0ec8c25_stocks_etl_dag","filename":"stocks_etl_dag.py","lineno":24}
{"timestamp":"2026-08-19T09:30:25.503035Z","level":"info","event":"ETL function imported succesfully!","logger":"unusual_prefix_377e48747e3957bb035dd88b74b86ec1d0ec8c25_stocks_etl_dag","filename":"stocks_etl_dag.py","lineno":32}
{"timestamp":"2026-08-19T09:30:25.508243Z","level":"info","event":"DAG loaded sucessfully!","logger":"unusual_prefix_377e48747e3957bb035dd88b74b86ec1d0ec8c25_stocks_etl_dag","filename":"stocks_etl_dag.py","lineno":103}
{"timestamp":"2026-08-19T09:30:55.928777Z","level":"info","event":"Filling up the DagBag from /opt/airflow/dags/stocks_etl_dag.py","logger":"airflow.dag_processing.dagbag.BundleDagBag","filename":"dagbag.py","lineno":460}
{"timestamp":"2026-08-19T09:30:56.226719Z","level":"info","event":"Pyspark imported, version: 3.5.2","logger":"unusual_prefix_377e48747e3957bb035dd88b74b86ec1d0ec8c25_stocks_etl_dag","filename":"stocks_etl_dag.py","lineno":24}
{"timestamp":"2026-08-19T09:30:57.318290Z","level":"info","event":"ETL function imported succesfully!","logger":"unusual_prefix_377e48747e3957bb035dd88b74b86ec1d0ec8c25_stocks_etl_dag","filename":"stocks_etl_dag.py","lineno":32}
{"timestamp":"2026-08-19T09:30:57.325274Z","level":"info","event":"DAG loaded sucessfully!","logger":"unusual_prefix_377e48747e3957bb035dd88b74b86ec1d0ec8c25_stocks_etl_dag","filename":"stocks_etl_dag.py","lineno":103}
{"timestamp":"2026-08-19T09:31:27.744275Z","level":"info","event":"Filling up the DagBag from /opt/airflow/dags/stocks_etl_dag.py","logger":"airflow.dag_processing.dagbag.BundleDagBag","filename":"dagbag.py","lineno":460}
{"timestamp":"2026-08-19T09:31:27.899804Z","level":"info","event":"Pyspark imported, version: 3.5.2","logger":"unusual_prefix_377e48747e3957bb035dd88b74b86ec1d0ec8c25_stocks_etl_dag","filename":"stocks_etl_dag.py","lineno":24}
{"timestamp":"2026-08-19T09:31:28.623370Z","level":"info","event":"ETL function imported succesfully!","logger":"unusual_prefix_377e48747e3957bb035dd88b74b86ec1d0ec8c25_stocks_etl_dag","filename":"stocks_etl_dag.py","lineno":32}
{"timestamp":"2026-08-19T09:31:28.629505Z","level":"info","event":"DAG loaded sucessfully!","logger":"unusual_prefix_377e48747e3957bb035dd88b74b86ec1d0ec8c25_stocks_etl_dag","filename":"stocks_etl_dag.py","lineno":103}
{"timestamp":"2026-08-19T09:31:59.048541Z","level":"info","event":"Filling up the DagBag from /opt/airflow/dags/stocks_etl_dag.py","logger":"airflow.dag_processing.dagbag.BundleDagBag","filename":"dagbag.py","lineno":460}
{"timestamp":"2026-08-19T09:31:59.241331Z","level":"info","event":"Pyspark imported, version: 3.5.2","logger":"unusual_prefix_377e48747e3957bb035dd88b74b86ec1d0ec8c25_stocks_etl_dag","filename":"stocks_etl_dag.py","lineno":24}
{"timestamp":"2026-08-19T09:32:00.641309Z","level":"info","event":"ETL function imported succesfully!","logger":"unusual_prefix_377e48747e3957bb035dd88b74b86ec1d0ec8c25_stocks_etl_dag","filename":"stocks_etl_dag.py","lineno":32}
{"timestamp":"2026-08-19T09:32:00.649022Z","level":"info","event":"DAG loaded sucessfully!","logger":"unusual_prefix_377e48747e3957bb035dd88b74b86ec1d0ec8c25_stocks_etl_dag","filename":"stocks_etl_dag.py","lineno":103}
{"timestamp":"2026-08-19T09:32:31.080088Z","level":"info","event":"Filling up the DagBag from /opt/airflow/dags/stocks_etl_dag.py","logger":"airflow.dag_processing.dagbag.BundleDagBag","filename":"dagbag.py","lineno":460}
{"timestamp":"2026-08-19T09:32:31.449365Z","level":"info","event":"Pyspark imported, version: 3.5.2","logger":"unusual_prefix_377e48747e3957bb035dd88b74b86ec1d0ec8c25_stocks_etl_dag","filename":"stocks_etl_dag.py","lineno":24}
{"timestamp":"2026-08-19T09:32:32.326507Z","level":"info","event":"ETL function imported succesfully!","logger":"unusual_prefix_377e48747e3957bb035dd88b74b86ec1d0ec8c25_stocks_etl_dag","filename":"stocks_etl_dag.py","lineno":32}
{"timestamp":"2026-08-19T09:32:32.332674Z","level":"info","event":"DAG loaded sucessfully!","logger":"unusual_prefix_377e48747e3957bb035dd88b74b86ec1d0ec8c25_stocks_etl_dag","filename":"stocks_etl_dag.py","lineno":103}
{"timestamp":"2026-08-19T09:33:02.819023Z","level":"info","event":"Filling up the DagBag from /opt/airflow/dags/stocks_etl_dag.py","logger":"airflow.dag_processing.dagbag.BundleDagBag","filename":"dagbag.py","lineno":460}
{"timestamp":"2026-08-19T09:33:03.146333Z","level":"info","event":"Pyspark imported, version: 3.5.2","logger":"unusual_prefix_377e48747e3957bb035dd88b74b86ec1d0ec8c25_stocks_etl_dag","filename":"stocks_etl_dag.py","lineno":24}
{"timestamp":"2026-08-19T09:33:04.186918Z","level":"info","event":"ETL function imported succesfully!","logger":"unusual_prefix_377e48747e3957bb035dd88b74b86ec1d0ec8c25_stocks_etl_dag","filename":"stocks_etl_dag.py","lineno":32}
{"timestamp":"2026-08-19T09:33:04.193155Z","level":"info","event":"DAG loaded sucessfully!","logger":"unusual_prefix_377e48747e3957bb035dd88b74b86ec1d0ec8c25_stocks_etl_dag","filename":"stocks_etl_dag.py","lineno":103}
{"timestamp":"2026-08-19T09:33:34.577431Z","level":"info","event":"Filling up the DagBag from /opt/airflow/dags/stocks_etl_dag.py","logger":"airflow.dag_processing.dagbag.BundleDagBag","filename":"dagbag.py","lineno":460}
{"timestamp":"2026-08-19T09:33:34.832314Z","level":"info","event":"Pyspark imported, version: 3.5.2","logger":"unusual_prefix_377e48747e3957bb035dd88b74b86ec1d0ec8c25_stocks_etl_dag","filename":"stocks_etl_dag.py","lineno":24}
{"timestamp":"2026-08-19T09:33:35.747319Z","level":"info","event":"ETL function imported succesfully!","logger":"unusual_prefix_377e48747e3957bb035dd88b74b86ec1d0ec8c25_stocks_etl_dag","filename":"stocks_etl_dag.py","lineno":32}
{"timestamp":"2026-08-19T09:33:35.756906Z","level":"info","event":"DAG loaded sucessfully!","logger":"unusual_prefix_377e48747e3957bb035dd88b74b86ec1d0ec8c25_stocks_etl_dag","filename":"stocks_etl_dag.py","lineno":103}
{"timestamp":"2026-08-19T09:34:06.185615Z","level":"info","event":"Filling up the DagBag from /opt/airflow/dags/stocks_etl_dag.py","logger":"airflow.dag_processing.dagbag.BundleDagBag","filename":"dagbag.py","lineno":460}
{"timestamp":"2026-08-19T09:34:06.358428Z","level":"info","event":"Pyspark imported, version: 3.5.2","logger":"unusual_prefix_377e48747e3957bb035dd88b74b86ec1d0ec8c25_stocks_etl_dag","filename":"stocks_etl_dag.py","lineno":24}
{"timestamp":"2026-08-19T09:34:07.259972Z","level":"info","event":"ETL function imported succesfully!","logger":"unusual_prefix_377e48747e3957bb035dd88b74b86ec1d0ec8c25_stocks_etl_dag","filename":"stocks_etl_dag.py","lineno":32}
{"timestamp":"2026-08-19T09:34:07.265617Z","level":"info","event":"DAG loaded sucessfully!","logger":"unusual_prefix_377e48747e3957bb035dd88b74b86ec1d0ec8c25_stocks_etl_dag","filename":"stocks_etl_dag.py","lineno":103}
{"timestamp":"2026-08-19T09:34:37.712562Z","level":"info","event":"Filling up the DagBag from /opt/airflow/dags/stocks_etl_dag.py","logger":"airflow.dag_processing.dagbag.BundleDagBag","filename":"dagbag.py","lineno":460}
{"timestamp":"2026-08-19T09:34:38.097081Z","level":"info","event":"Pyspark imported, version: 3.5.2","logger":"unusual_prefix_377e48747e3957bb035dd88b74b86ec1d0ec8c25_stocks_etl_dag","filename":"stocks_etl_dag.py","lineno":24}
{"timestamp":"2026-08-19T09:34:39.810556Z","level":"info","event":"ETL function imported succesfully!","logger":"unusual_prefix_377e48747e3957bb035dd88b74b86ec1d0ec8c25_stocks_etl_dag","filename":"stocks_etl_dag.py","lineno":32}
{"timestamp":"2026-08-19T09:34:39.823107Z","level":"info","event":"DAG loaded sucessfully!","logger":"unusual_prefix_377e48747e3957bb035dd88b74b86ec1d0ec8c25_stocks_etl_dag","filename":"stocks_etl_dag.py","lineno":103}
{"timestamp":"2026-08-19T09:35:10.423854Z","level":"info","event":"Filling up the DagBag from /opt/airflow/dags/stocks_etl_dag.py","logger":"airflow.dag_processing.dagbag.BundleDagBag","filename":"dagbag.py","lineno":460}
{"timestamp":"2026-08-19T09:35:10.640724Z","level":"info","event":"Pyspark imported, version: 3.5.2","logger":"unusual_prefix_377e48747e3957bb035dd88b74b86ec1d0ec8c25_stocks_etl_dag","filename":"stocks_etl_dag.py","lineno":24}
{"timestamp":"2026-08-19T09:35:11.488725Z","level":"info","event":"ETL function imported succesfully!","logger":"unusual_prefix_377e48747e3957bb035dd88b74b86ec1d0ec8c25_stocks_etl_dag","filename":"stocks_etl_dag.py","lineno":32}
{"timestamp":"2026-08-19T09:35:11.494859Z","level":"info","event":"DAG loaded sucessfully!","logger":"unusual_prefix_377e48747e3957bb035dd88b74b86ec1d0ec8c25_stocks_etl_dag","filename":"stocks_etl_dag.py","lineno":103}
{"timestamp":"2026-08-19T09:35:41.918675Z","level":"info","event":"Filling up the DagBag from /opt/airflow/dags/stocks_etl_dag.py","logger":"airflow.dag_processing.dagbag.BundleDagBag","filename":"dagbag.py","lineno":460}
{"timestamp":"2026-08-19T09:35:42.149594Z","level":"info","event":"Pyspark imported, version: 3.5.2","logger":"unusual_prefix_377e48747e3957bb035dd88b74b86ec1d0ec8c25_stocks_etl_dag","filename":"stocks_etl_dag.py","lineno":24}
{"timestamp":"2026-08-19T09:35:43.061233Z","level":"info","event":"ETL function imported succesfully!","logger":"unusual_prefix_377e48747e3957bb035dd88b74b86ec1d0ec8c25_stocks_etl_dag","filename":"stocks_etl_dag.py","lineno":32}
{"timestamp":"2026-08-19T09:35:43.066860Z","level":"info","event":"DAG loaded sucessfully!","logger":"unusual_prefix_377e48747e3957bb035dd88b74b86ec1d0ec8c25_stocks_etl_dag","filename":"stocks_etl_dag.py","lineno":103}
{"timestamp":"2026-08-19T09:36:13.478739Z","level":"info","event":"Filling up the DagBag from /opt/airflow/dags/stocks_etl_dag.py","logger":"airflow.dag_processing.dagbag.BundleDagBag","filename":"dagbag.py","lineno":460}
{"timestamp":"2026-08-19T09:36:13.668184Z","level":"info","event":"Pyspark imported, version: 3.5.2","logger":"unusual_prefix_377e48747e3957bb035dd88b74b86ec1d0ec8c25_stocks_etl_dag","filename":"stocks_etl_dag.py","lineno":24}
{"timestamp":"2026-08-19T09:36:14.505803Z","level":"info","event":"ETL function imported succesfully!","logger":"unusual_prefix_377e48747e3957bb035dd88b74b86ec1d0ec8c25_stocks_etl_dag","filename":"stocks_etl_dag.py","lineno":32}
{"timestamp":"2026-08-19T09:36:14.513010Z","level":"info","event":"DAG loaded sucessfully!","logger":"unusual_prefix_377e48747e3957bb035dd88b74b86ec1d0ec8c25_stocks_etl_dag","filename":"stocks_etl_dag.py","lineno":103}
{"timestamp":"2026-08-19T09:36:44.949612Z","level":"info","event":"Filling up the DagBag from /opt/airflow/dags/stocks_etl_dag.py","logger":"airflow.dag_processing.dagbag.BundleDagBag","filename":"dagbag.py","lineno":460}
{"timestamp":"2026-08-19T09:36:45.216405Z","level":"info","event":"Pyspark imported, version: 3.5.2","logger":"unusual_prefix_377e48747e3957bb035dd88b74b86ec1d0ec8c25_stocks_etl_dag","filename":"stocks_etl_dag.py","lineno":24}
{"timestamp":"2026-08-19T09:36:46.379044Z","level":"info","event":"ETL function imported succesfully!","logger":"unusual_prefix_377e48747e3957bb035dd88b74b86ec1d0ec8c25_stocks_etl_dag","filename":"stocks_etl_dag.py","lineno":32}
{"timestamp":"2026-08-19T09:36:46.387898Z","level":"info","event":"DAG loaded sucessfully!","logger":"unusual_prefix_377e48747e3957bb035dd88b74b86ec1d0ec8c25_stocks_etl_dag","filename":"stocks_etl_dag.py","lineno":103}
{"timestamp":"2026-08-19T09:37:16.827098Z","level":"info","event":"Filling up the DagBag from /opt/airflow/dags/stocks_etl_dag.py","logger":"airflow.dag_processing.dagbag.BundleDagBag","filename":"dagbag.py","lineno":460}
{"timestamp":"2026-08-19T09:37:16.984461Z","level":"info","event":"Pyspark imported, version: 3.5.2","logger":"unusual_prefix_377e48747e3957bb035dd88b74b86ec1d0ec8c25_stocks_etl_dag","filename":"stocks_etl_dag.py","lineno":24}
{"timestamp":"2026-08-19T09:37:17.653645Z","level":"info","event":"ETL function imported succesfully!","logger":"unusual_prefix_377e48747e3957bb035dd88b74b86ec1d0ec8c25_stocks_etl_dag","filename":"stocks_etl_dag.py","lineno":32}
{"timestamp":"2026-08-19T09:37:17.659712Z","level":"info","event":"DAG loaded sucessfully!","logger":"unusual_prefix_377e48747e3957bb035dd88b74b86ec1d0ec8c25_stocks_etl_dag","filename":"stocks_etl_dag.py","lineno":103}
{"timestamp":"2026-08-19T09:37:48.178638Z","level":"info","event":"Filling up the DagBag from /opt/airflow/dags/stocks_etl_dag.py","logger":"airflow.dag_processing.dagbag.BundleDagBag","filename":"dagbag.py","lineno":460}
{"timestamp":"2026-08-19T09:37:48.414846Z","level":"info","event":"Pyspark imported, version: 3.5.2","logger":"unusual_prefix_377e48747e3957bb035dd88b74b86ec1d0ec8c25_stocks_etl_dag","filename":"stocks_etl_dag.py","lineno":24}
{"timestamp":"2026-08-19T09:37:49.202530Z","level":"info","event":"ETL function imported succesfully!","logger":"unusual_prefix_377e48747e3957bb035dd88b74b86ec1d0ec8c25_stocks_etl_dag","filename":"stocks_etl_dag.py","lineno":32}
{"timestamp":"2026-08-19T09:37:49.209928Z","level":"info","event":"DAG loaded sucessfully!","logger":"unusual_prefix_377e48747e3957bb035dd88b74b86ec1d0ec8c25_stocks_etl_dag","filename":"stocks_etl_dag.py","lineno":103}
{"timestamp":"2026-08-19T09:38:19.623835Z","level":"info","event":"Filling up the DagBag from /opt/airflow/dags/stocks_etl_dag.py","logger":"airflow.dag_processing.dagbag.BundleDagBag","filename":"dagbag.py","lineno":460}
{"timestamp":"2026-08-19T09:38:20.049317Z","level":"info","event":"Pyspark imported, version: 3.5.2","logger":"unusual_prefix_377e48747e3957bb035dd88b74b86ec1d0ec8c25_stocks_etl_dag","filename":"stocks_etl_dag.py","lineno":24}
{"timestamp":"2026-08-19T09:38:21.216662Z","level":"info","event":"ETL function imported succesfully!","logger":"unusual_prefix_377e48747e3957bb035dd88b74b86ec1d0ec8c25_stocks_etl_dag","filename":"stocks_etl_dag.py","lineno":32}
{"timestamp":"2026-08-19T09:38:21.223293Z","level":"info","event":"DAG loaded sucessfully!","logger":"unusual_prefix_377e48747e3957bb035dd88b74b86ec1d0ec8c25_stocks_etl_dag","filename":"stocks_etl_dag.py","lineno":103}
{"timestamp":"2026-08-19T09:38:51.647237Z","level":"info","event":"Filling up the DagBag from /opt/airflow/dags/stocks_etl_dag.py","logger":"airflow.dag_processing.dagbag.BundleDagBag","filename":"dagbag.py","lineno":460}
{"timestamp":"2026-08-19T09:38:51.795472Z","level":"info","event":"Pyspark imported, version: 3.5.2","logger":"unusual_prefix_377e48747e3957bb035dd88b74b86ec1d0ec8c25_stocks_etl_dag","filename":"stocks_etl_dag.py","lineno":24}
{"timestamp":"2026-08-19T09:38:52.558693Z","level":"info","event":"ETL function imported succesfully!","logger":"unusual_prefix_377e48747e3957bb035dd88b74b86ec1d0ec8c25_stocks_etl_dag","filename":"stocks_etl_dag.py","lineno":32}
{"timestamp":"2026-08-19T09:38:52.564313Z","level":"info","event":"DAG loaded sucessfully!","logger":"unusual_prefix_377e48747e3957bb035dd88b74b86ec1d0ec8c25_stocks_etl_dag","filename":"stocks_etl_dag.py","lineno":103}
{"timestamp":"2026-08-19T09:39:22.977019Z","level":"info","event":"Filling up the DagBag from /opt/airflow/dags/stocks_etl_dag.py","logger":"airflow.dag_processing.dagbag.BundleDagBag","filename":"dagbag.py","lineno":460}
{"timestamp":"2026-08-19T09:39:23.169290Z","level":"info","event":"Pyspark imported, version: 3.5.2","logger":"unusual_prefix_377e48747e3957bb035dd88b74b86ec1d0ec8c25_stocks_etl_dag","filename":"stocks_etl_dag.py","lineno":24}
{"timestamp":"2026-08-19T09:39:24.076213Z","level":"info","event":"ETL function imported succesfully!","logger":"unusual_prefix_377e48747e3957bb035dd88b74b86ec1d0ec8c25_stocks_etl_dag","filename":"stocks_etl_dag.py","lineno":32}
{"timestamp":"2026-08-19T09:39:24.088708Z","level":"info","event":"DAG loaded sucessfully!","logger":"unusual_prefix_377e48747e3957bb035dd88b74b86ec1d0ec8c25_stocks_etl_dag","filename":"stocks_etl_dag.py","lineno":103}
{"timestamp":"2026-08-19T09:39:54.552466Z","level":"info","event":"Filling up the DagBag from /opt/airflow/dags/stocks_etl_dag.py","logger":"airflow.dag_processing.dagbag.BundleDagBag","filename":"dagbag.py","lineno":460}
{"timestamp":"2026-08-19T09:39:54.725546Z","level":"info","event":"Pyspark imported, version: 3.5.2","logger":"unusual_prefix_377e48747e3957bb035dd88b74b86ec1d0ec8c25_stocks_etl_dag","filename":"stocks_etl_dag.py","lineno":24}
{"timestamp":"2026-08-19T09:39:55.610492Z","level":"info","event":"ETL function imported succesfully!","logger":"unusual_prefix_377e48747e3957bb035dd88b74b86ec1d0ec8c25_stocks_etl_dag","filename":"stocks_etl_dag.py","lineno":32}
{"timestamp":"2026-08-19T09:39:55.616298Z","level":"info","event":"DAG loaded sucessfully!","logger":"unusual_prefix_377e48747e3957bb035dd88b74b86ec1d0ec8c25_stocks_etl_dag","filename":"stocks_etl_dag.py","lineno":103}
{"timestamp":"2026-08-19T09:40:26.136504Z","level":"info","event":"Filling up the DagBag from /opt/airflow/dags/stocks_etl_dag.py","logger":"airflow.dag_processing.dagbag.BundleDagBag","filename":"dagbag.py","lineno":460}
{"timestamp":"2026-08-19T09:40:26.467430Z","level":"info","event":"Pyspark imported, version: 3.5.2","logger":"unusual_prefix_377e48747e3957bb035dd88b74b86ec1d0ec8c25_stocks_etl_dag","filename":"stocks_etl_dag.py","lineno":24}
{"timestamp":"2026-08-19T09:40:27.630052Z","level":"info","event":"ETL function imported succesfully!","logger":"unusual_prefix_377e48747e3957bb035dd88b74b86ec1d0ec8c25_stocks_etl_dag","filename":"stocks_etl_dag.py","lineno":32}
{"timestamp":"2026-08-19T09:40:27.636609Z","level":"info","event":"DAG loaded sucessfully!","logger":"unusual_prefix_377e48747e3957bb035dd88b74b86ec1d0ec8c25_stocks_etl_dag","filename":"stocks_etl_dag.py","lineno":103}
{"timestamp":"2026-08-19T09:40:58.210672Z","level":"info","event":"Filling up the DagBag from /opt/airflow/dags/stocks_etl_dag.py","logger":"airflow.dag_processing.dagbag.BundleDagBag","filename":"dagbag.py","lineno":460}
{"timestamp":"2026-08-19T09:40:58.396468Z","level":"info","event":"Pyspark imported, version: 3.5.2","logger":"unusual_prefix_377e48747e3957bb035dd88b74b86ec1d0ec8c25_stocks_etl_dag","filename":"stocks_etl_dag.py","lineno":24}
{"timestamp":"2026-08-19T09:40:59.192950Z","level":"info","event":"ETL function imported succesfully!","logger":"unusual_prefix_377e48747e3957bb035dd88b74b86ec1d0ec8c25_stocks_etl_dag","filename":"stocks_etl_dag.py","lineno":32}
{"timestamp":"2026-08-19T09:40:59.198538Z","level":"info","event":"DAG loaded sucessfully!","logger":"unusual_prefix_377e48747e3957bb035dd88b74b86ec1d0ec8c25_stocks_etl_dag","filename":"stocks_etl_dag.py","lineno":103}
{"timestamp":"2026-08-19T09:41:29.618449Z","level":"info","event":"Filling up the DagBag from /opt/airflow/dags/stocks_etl_dag.py","logger":"airflow.dag_processing.dagbag.BundleDagBag","filename":"dagbag.py","lineno":460}
{"timestamp":"2026-08-19T09:41:29.856868Z","level":"info","event":"Pyspark imported, version: 3.5.2","logger":"unusual_prefix_377e48747e3957bb035dd88b74b86ec1d0ec8c25_stocks_etl_dag","filename":"stocks_etl_dag.py","lineno":24}
{"timestamp":"2026-08-19T09:41:30.789843Z","level":"info","event":"ETL function imported succesfully!","logger":"unusual_prefix_377e48747e3957bb035dd88b74b86ec1d0ec8c25_stocks_etl_dag","filename":"stocks_etl_dag.py","lineno":32}
{"timestamp":"2026-08-19T09:41:30.797528Z","level":"info","event":"DAG loaded sucessfully!","logger":"unusual_prefix_377e48747e3957bb035dd88b74b86ec1d0ec8c25_stocks_etl_dag","filename":"stocks_etl_dag.py","lineno":103}
{"timestamp":"2026-08-19T09:42:01.254185Z","level":"info","event":"Filling up the DagBag from /opt/airflow/dags/stocks_etl_dag.py","logger":"airflow.dag_processing.dagbag.BundleDagBag","filename":"dagbag.py","lineno":460}
{"timestamp":"2026-08-19T09:42:01.527460Z","level":"info","event":"Pyspark imported, version: 3.5.2","logger":"unusual_prefix_377e48747e3957bb035dd88b74b86ec1d0ec8c25_stocks_etl_dag","filename":"stocks_etl_dag.py","lineno":24}
{"timestamp":"2026-08-19T09:42:02.929504Z","level":"info","event":"ETL function imported succesfully!","logger":"unusual_prefix_377e48747e3957bb035dd88b74b86ec1d0ec8c25_stocks_etl_dag","filename":"stocks_etl_dag.py","lineno":32}
{"timestamp":"2026-08-19T09:42:02.942004Z","level":"info","event":"DAG loaded sucessfully!","logger":"unusual_prefix_377e48747e3957bb035dd88b74b86ec1d0ec8c25_stocks_etl_dag","filename":"stocks_etl_dag.py","lineno":103}
{"timestamp":"2026-08-19T09:42:33.617986Z","level":"info","event":"Filling up the DagBag from /opt/airflow/dags/stocks_etl_dag.py","logger":"airflow.dag_processing.dagbag.BundleDagBag","filename":"dagbag.py","lineno":460}
{"timestamp":"2026-08-19T09:42:33.868468Z","level":"info","event":"Pyspark imported, version: 3.5.2","logger":"unusual_prefix_377e48747e3957bb035dd88b74b86ec1d0ec8c25_stocks_etl_dag","filename":"stocks_etl_dag.py","lineno":24}
{"timestamp":"2026-08-19T09:42:34.792471Z","level":"info","event":"ETL function imported succesfully!","logger":"unusual_prefix_377e48747e3957bb035dd88b74b86ec1d0ec8c25_stocks_etl_dag","filename":"stocks_etl_dag.py","lineno":32}
{"timestamp":"2026-08-19T09:42:34.800550Z","level":"info","event":"DAG loaded sucessfully!","logger":"unusual_prefix_377e48747e3957bb035dd88b74b86ec1d0ec8c25_stocks_etl_dag","filename":"stocks_etl_dag.py","lineno":103}
{"timestamp":"2026-08-19T09:43:05.220578Z","level":"info","event":"Filling up the DagBag from /opt/airflow/dags/stocks_etl_dag.py","logger":"airflow.dag_processing.dagbag.BundleDagBag","filename":"dagbag.py","lineno":460}
{"timestamp":"2026-08-19T09:43:05.452707Z","level":"info","event":"Pyspark imported, version: 3.5.2","logger":"unusual_prefix_377e48747e3957bb035dd88b74b86ec1d0ec8c25_stocks_etl_dag","filename":"stocks_etl_dag.py","lineno":24}
{"timestamp":"2026-08-19T09:43:06.337309Z","level":"info","event":"ETL function imported succesfully!","logger":"unusual_prefix_377e48747e3957bb035dd88b74b86ec1d0ec8c25_stocks_etl_dag","filename":"stocks_etl_dag.py","lineno":32}
{"timestamp":"2026-08-19T09:43:06.344309Z","level":"info","event":"DAG loaded sucessfully!","logger":"unusual_prefix_377e48747e3957bb035dd88b74b86ec1d0ec8c25_stocks_etl_dag","filename":"stocks_etl_dag.py","lineno":103}
{"timestamp":"2026-08-19T09:43:36.802358Z","level":"info","event":"Filling up the DagBag from /opt/airflow/dags/stocks_etl_dag.py","logger":"airflow.dag_processing.dagbag.BundleDagBag","filename":"dagbag.py","lineno":460}
{"timestamp":"2026-08-19T09:43:37.291374Z","level":"info","event":"Pyspark imported, version: 3.5.2","logger":"unusual_prefix_377e48747e3957bb035dd88b74b86ec1d0ec8c25_stocks_etl_dag","filename":"stocks_etl_dag.py","lineno":24}
{"timestamp":"2026-08-19T09:43:38.665430Z","level":"info","event":"ETL function imported succesfully!","logger":"unusual_prefix_377e48747e3957bb035dd88b74b86ec1d0ec8c25_stocks_etl_dag","filename":"stocks_etl_dag.py","lineno":32}
{"timestamp":"2026-08-19T09:43:38.675590Z","level":"info","event":"DAG loaded sucessfully!","logger":"unusual_prefix_377e48747e3957bb035dd88b74b86ec1d0ec8c25_stocks_etl_dag","filename":"stocks_etl_dag.py","lineno":103}
{"timestamp":"2026-08-19T09:44:09.182253Z","level":"info","event":"Filling up the DagBag from /opt/airflow/dags/stocks_etl_dag.py","logger":"airflow.dag_processing.dagbag.BundleDagBag","filename":"dagbag.py","lineno":460}
{"timestamp":"2026-08-19T09:44:09.360745Z","level":"info","event":"Pyspark imported, version: 3.5.2","logger":"unusual_prefix_377e48747e3957bb035dd88b74b86ec1d0ec8c25_stocks_etl_dag","filename":"stocks_etl_dag.py","lineno":24}
{"timestamp":"2026-08-19T09:44:10.354082Z","level":"info","event":"ETL function imported succesfully!","logger":"unusual_prefix_377e48747e3957bb035dd88b74b86ec1d0ec8c25_stocks_etl_dag","filename":"stocks_etl_dag.py","lineno":32}
{"timestamp":"2026-08-19T09:44:10.360143Z","level":"info","event":"DAG loaded sucessfully!","logger":"unusual_prefix_377e48747e3957bb035dd88b74b86ec1d0ec8c25_stocks_etl_dag","filename":"stocks_etl_dag.py","lineno":103}
{"timestamp":"2026-08-19T09:44:40.877250Z","level":"info","event":"Filling up the DagBag from /opt/airflow/dags/stocks_etl_dag.py","logger":"airflow.dag_processing.dagbag.BundleDagBag","filename":"dagbag.py","lineno":460}
{"timestamp":"2026-08-19T09:44:41.224965Z","level":"info","event":"Pyspark imported, version: 3.5.2","logger":"unusual_prefix_377e48747e3957bb035dd88b74b86ec1d0ec8c25_stocks_etl_dag","filename":"stocks_etl_dag.py","lineno":24}
{"timestamp":"2026-08-19T09:44:42.370428Z","level":"info","event":"ETL function imported succesfully!","logger":"unusual_prefix_377e48747e3957bb035dd88b74b86ec1d0ec8c25_stocks_etl_dag","filename":"stocks_etl_dag.py","lineno":32}
{"timestamp":"2026-08-19T09:44:42.376192Z","level":"info","event":"DAG loaded sucessfully!","logger":"unusual_prefix_377e48747e3957bb035dd88b74b86ec1d0ec8c25_stocks_etl_dag","filename":"stocks_etl_dag.py","lineno":103}
{"timestamp":"2026-08-19T09:45:12.797468Z","level":"info","event":"Filling up the DagBag from /opt/airflow/dags/stocks_etl_dag.py","logger":"airflow.dag_processing.dagbag.BundleDagBag","filename":"dagbag.py","lineno":460}
{"timestamp":"2026-08-19T09:45:13.001212Z","level":"info","event":"Pyspark imported, version: 3.5.2","logger":"unusual_prefix_377e48747e3957bb035dd88b74b86ec1d0ec8c25_stocks_etl_dag","filename":"stocks_etl_dag.py","lineno":24}
{"timestamp":"2026-08-19T09:45:14.294826Z","level":"info","event":"ETL function imported succesfully!","logger":"unusual_prefix_377e48747e3957bb035dd88b74b86ec1d0ec8c25_stocks_etl_dag","filename":"stocks_etl_dag.py","lineno":32}
{"timestamp":"2026-08-19T09:45:14.301557Z","level":"info","event":"DAG loaded sucessfully!","logger":"unusual_prefix_377e48747e3957bb035dd88b74b86ec1d0ec8c25_stocks_etl_dag","filename":"stocks_etl_dag.py","lineno":103}
{"timestamp":"2026-08-19T09:45:44.732094Z","level":"info","event":"Filling up the DagBag from /opt/airflow/dags/stocks_etl_dag.py","logger":"airflow.dag_processing.dagbag.BundleDagBag","filename":"dagbag.py","lineno":460}
{"timestamp":"2026-08-19T09:45:45.007635Z","level":"info","event":"Pyspark imported, version: 3.5.2","logger":"unusual_prefix_377e48747e3957bb035dd88b74b86ec1d0ec8c25_stocks_etl_dag","filename":"stocks_etl_dag.py","lineno":24}
{"timestamp":"2026-08-19T09:45:46.111495Z","level":"info","event":"ETL function imported succesfully!","logger":"unusual_prefix_377e48747e3957bb035dd88b74b86ec1d0ec8c25_stocks_etl_dag","filename":"stocks_etl_dag.py","lineno":32}
{"timestamp":"2026-08-19T09:45:46.119916Z","level":"info","event":"DAG loaded sucessfully!","logger":"unusual_prefix_377e48747e3957bb035dd88b74b86ec1d0ec8c25_stocks_etl_dag","filename":"stocks_etl_dag.py","lineno":103}
{"timestamp":"2026-08-19T09:46:16.233758Z","level":"info","event":"Filling up the DagBag from /opt/airflow/dags/stocks_etl_dag.py","logger":"airflow.dag_processing.dagbag.BundleDagBag","filename":"dagbag.py","lineno":460}
{"timestamp":"2026-08-19T09:46:16.385490Z","level":"info","event":"Pyspark imported, version: 3.5.2","logger":"unusual_prefix_377e48747e3957bb035dd88b74b86ec1d0ec8c25_stocks_etl_dag","filename":"stocks_etl_dag.py","lineno":24}
{"timestamp":"2026-08-19T09:46:17.116704Z","level":"info","event":"ETL function imported succesfully!","logger":"unusual_prefix_377e48747e3957bb035dd88b74b86ec1d0ec8c25_stocks_etl_dag","filename":"stocks_etl_dag.py","lineno":32}
{"timestamp":"2026-08-19T09:46:17.122358Z","level":"info","event":"DAG loaded sucessfully!","logger":"unusual_prefix_377e48747e3957bb035dd88b74b86ec1d0ec8c25_stocks_etl_dag","filename":"stocks_etl_dag.py","lineno":103}
{"timestamp":"2026-08-19T09:46:47.523587Z","level":"info","event":"Filling up the DagBag from /opt/airflow/dags/stocks_etl_dag.py","logger":"airflow.dag_processing.dagbag.BundleDagBag","filename":"dagbag.py","lineno":460}
{"timestamp":"2026-08-19T09:46:47.670597Z","level":"info","event":"Pyspark imported, version: 3.5.2","logger":"unusual_prefix_377e48747e3957bb035dd88b74b86ec1d0ec8c25_stocks_etl_dag","filename":"stocks_etl_dag.py","lineno":24}
{"timestamp":"2026-08-19T09:46:48.337264Z","level":"info","event":"ETL function imported succesfully!","logger":"unusual_prefix_377e48747e3957bb035dd88b74b86ec1d0ec8c25_stocks_etl_dag","filename":"stocks_etl_dag.py","lineno":32}
{"timestamp":"2026-08-19T09:46:48.340928Z","level":"info","event":"DAG loaded sucessfully!","logger":"unusual_prefix_377e48747e3957bb035dd88b74b86ec1d0ec8c25_stocks_etl_dag","filename":"stocks_etl_dag.py","lineno":103}
{"timestamp":"2026-08-19T09:47:18.835536Z","level":"info","event":"Filling up the DagBag from /opt/airflow/dags/stocks_etl_dag.py","logger":"airflow.dag_processing.dagbag.BundleDagBag","filename":"dagbag.py","lineno":460}
{"timestamp":"2026-08-19T09:47:19.019213Z","level":"info","event":"Pyspark imported, version: 3.5.2","logger":"unusual_prefix_377e48747e3957bb035dd88b74b86ec1d0ec8c25_stocks_etl_dag","filename":"stocks_etl_dag.py","lineno":24}
{"timestamp":"2026-08-19T09:47:20.003898Z","level":"info","event":"ETL function imported succesfully!","logger":"unusual_prefix_377e48747e3957bb035dd88b74b86ec1d0ec8c25_stocks_etl_dag","filename":"stocks_etl_dag.py","lineno":32}
{"timestamp":"2026-08-19T09:47:20.017467Z","level":"info","event":"DAG loaded sucessfully!","logger":"unusual_prefix_377e48747e3957bb035dd88b74b86ec1d0ec8c25_stocks_etl_dag","filename":"stocks_etl_dag.py","lineno":103}
{"timestamp":"2026-08-19T09:47:50.513127Z","level":"info","event":"Filling up the DagBag from /opt/airflow/dags/stocks_etl_dag.py","logger":"airflow.dag_processing.dagbag.BundleDagBag","filename":"dagbag.py","lineno":460}
{"timestamp":"2026-08-19T09:47:50.848114Z","level":"info","event":"Pyspark imported, version: 3.5.2","logger":"unusual_prefix_377e48747e3957bb035dd88b74b86ec1d0ec8c25_stocks_etl_dag","filename":"stocks_etl_dag.py","lineno":24}
{"timestamp":"2026-08-19T09:47:52.037052Z","level":"info","event":"ETL function imported succesfully!","logger":"unusual_prefix_377e48747e3957bb035dd88b74b86ec1d0ec8c25_stocks_etl_dag","filename":"stocks_etl_dag.py","lineno":32}
{"timestamp":"2026-08-19T09:47:52.046809Z","level":"info","event":"DAG loaded sucessfully!","logger":"unusual_prefix_377e48747e3957bb035dd88b74b86ec1d0ec8c25_stocks_etl_dag","filename":"stocks_etl_dag.py","lineno":103}
{"timestamp":"2026-08-19T09:48:22.165316Z","level":"info","event":"Filling up the DagBag from /opt/airflow/dags/stocks_etl_dag.py","logger":"airflow.dag_processing.dagbag.BundleDagBag","filename":"dagbag.py","lineno":460}
{"timestamp":"2026-08-19T09:48:22.517613Z","level":"info","event":"Pyspark imported, version: 3.5.2","logger":"unusual_prefix_377e48747e3957bb035dd88b74b86ec1d0ec8c25_stocks_etl_dag","filename":"stocks_etl_dag.py","lineno":24}
{"timestamp":"2026-08-19T09:48:23.584804Z","level":"info","event":"ETL function imported succesfully!","logger":"unusual_prefix_377e48747e3957bb035dd88b74b86ec1d0ec8c25_stocks_etl_dag","filename":"stocks_etl_dag.py","lineno":32}
{"timestamp":"2026-08-19T09:48:23.592856Z","level":"info","event":"DAG loaded sucessfully!","logger":"unusual_prefix_377e48747e3957bb035dd88b74b86ec1d0ec8c25_stocks_etl_dag","filename":"stocks_etl_dag.py","lineno":103}
{"timestamp":"2026-08-19T09:48:53.772184Z","level":"info","event":"Filling up the DagBag from /opt/airflow/dags/stocks_etl_dag.py","logger":"airflow.dag_processing.dagbag.BundleDagBag","filename":"dagbag.py","lineno":460}
{"timestamp":"2026-08-19T09:48:54.217936Z","level":"info","event":"Pyspark imported, version: 3.5.2","logger":"unusual_prefix_377e48747e3957bb035dd88b74b86ec1d0ec8c25_stocks_etl_dag","filename":"stocks_etl_dag.py","lineno":24}
{"timestamp":"2026-08-19T09:48:55.421803Z","level":"info","event":"ETL function imported succesfully!","logger":"unusual_prefix_377e48747e3957bb035dd88b74b86ec1d0ec8c25_stocks_etl_dag","filename":"stocks_etl_dag.py","lineno":32}
{"timestamp":"2026-08-19T09:48:55.430898Z","level":"info","event":"DAG loaded sucessfully!","logger":"unusual_prefix_377e48747e3957bb035dd88b74b86ec1d0ec8c25_stocks_etl_dag","filename":"stocks_etl_dag.py","lineno":103}
{"timestamp":"2026-08-19T09:49:25.874575Z","level":"info","event":"Filling up the DagBag from /opt/airflow/dags/stocks_etl_dag.py","logger":"airflow.dag_processing.dagbag.BundleDagBag","filename":"dagbag.py","lineno":460}
{"timestamp":"2026-08-19T09:49:26.170123Z","level":"info","event":"Pyspark imported, version: 3.5.2","logger":"unusual_prefix_377e48747e3957bb035dd88b74b86ec1d0ec8c25_stocks_etl_dag","filename":"stocks_etl_dag.py","lineno":24}
{"timestamp":"2026-08-19T09:49:27.453116Z","level":"info","event":"ETL function imported succesfully!","logger":"unusual_prefix_377e48747e3957bb035dd88b74b86ec1d0ec8c25_stocks_etl_dag","filename":"stocks_etl_dag.py","lineno":32}
{"timestamp":"2026-08-19T09:49:27.460923Z","level":"info","event":"DAG loaded sucessfully!","logger":"unusual_prefix_377e48747e3957bb035dd88b74b86ec1d0ec8c25_stocks_etl_dag","filename":"stocks_etl_dag.py","lineno":103}
{"timestamp":"2026-08-19T09:49:57.657862Z","level":"info","event":"Filling up the DagBag from /opt/airflow/dags/stocks_etl_dag.py","logger":"airflow.dag_processing.dagbag.BundleDagBag","filename":"dagbag.py","lineno":460}
{"timestamp":"2026-08-19T09:49:57.999742Z","level":"info","event":"Pyspark imported, version: 3.5.2","logger":"unusual_prefix_377e48747e3957bb035dd88b74b86ec1d0ec8c25_stocks_etl_dag","filename":"stocks_etl_dag.py","lineno":24}
{"timestamp":"2026-08-19T09:49:59.419904Z","level":"info","event":"ETL function imported succesfully!","logger":"unusual_prefix_377e48747e3957bb035dd88b74b86ec1d0ec8c25_stocks_etl_dag","filename":"stocks_etl_dag.py","lineno":32}
{"timestamp":"2026-08-19T09:49:59.429872Z","level":"info","event":"DAG loaded sucessfully!","logger":"unusual_prefix_377e48747e3957bb035dd88b74b86ec1d0ec8c25_stocks_etl_dag","filename":"stocks_etl_dag.py","lineno":103}
{"timestamp":"2026-08-19T09:50:30.251215Z","level":"info","event":"Filling up the DagBag from /opt/airflow/dags/stocks_etl_dag.py","logger":"airflow.dag_processing.dagbag.BundleDagBag","filename":"dagbag.py","lineno":460}
{"timestamp":"2026-08-19T09:50:30.782068Z","level":"info","event":"Pyspark imported, version: 3.5.2","logger":"unusual_prefix_377e48747e3957bb035dd88b74b86ec1d0ec8c25_stocks_etl_dag","filename":"stocks_etl_dag.py","lineno":24}
{"timestamp":"2026-08-19T09:50:33.207149Z","level":"info","event":"ETL function imported succesfully!","logger":"unusual_prefix_377e48747e3957bb035dd88b74b86ec1d0ec8c25_stocks_etl_dag","filename":"stocks_etl_dag.py","lineno":32}
{"timestamp":"2026-08-19T09:50:33.236967Z","level":"info","event":"DAG loaded sucessfully!","logger":"unusual_prefix_377e48747e3957bb035dd88b74b86ec1d0ec8c25_stocks_etl_dag","filename":"stocks_etl_dag.py","lineno":103}
{"timestamp":"2026-08-19T09:51:03.851750Z","level":"info","event":"Filling up the DagBag from /opt/airflow/dags/stocks_etl_dag.py","logger":"airflow.dag_processing.dagbag.BundleDagBag","filename":"dagbag.py","lineno":460}
{"timestamp":"2026-08-19T09:51:04.241389Z","level":"info","event":"Pyspark imported, version: 3.5.2","logger":"unusual_prefix_377e48747e3957bb035dd88b74b86ec1d0ec8c25_stocks_etl_dag","filename":"stocks_etl_dag.py","lineno":24}
{"timestamp":"2026-08-19T09:51:06.265719Z","level":"info","event":"ETL function imported succesfully!","logger":"unusual_prefix_377e48747e3957bb035dd88b74b86ec1d0ec8c25_stocks_etl_dag","filename":"stocks_etl_dag.py","lineno":32}
{"timestamp":"2026-08-19T09:51:06.274851Z","level":"info","event":"DAG loaded sucessfully!","logger":"unusual_prefix_377e48747e3957bb035dd88b74b86ec1d0ec8c25_stocks_etl_dag","filename":"stocks_etl_dag.py","lineno":103}
{"timestamp":"2026-08-19T09:51:36.923664Z","level":"info","event":"Filling up the DagBag from /opt/airflow/dags/stocks_etl_dag.py","logger":"airflow.dag_processing.dagbag.BundleDagBag","filename":"dagbag.py","lineno":460}
{"timestamp":"2026-08-19T09:51:37.202776Z","level":"info","event":"Pyspark imported, version: 3.5.2","logger":"unusual_prefix_377e48747e3957bb035dd88b74b86ec1d0ec8c25_stocks_etl_dag","filename":"stocks_etl_dag.py","lineno":24}
{"timestamp":"2026-08-19T09:51:38.058061Z","level":"info","event":"ETL function imported succesfully!","logger":"unusual_prefix_377e48747e3957bb035dd88b74b86ec1d0ec8c25_stocks_etl_dag","filename":"stocks_etl_dag.py","lineno":32}
{"timestamp":"2026-08-19T09:51:38.064611Z","level":"info","event":"DAG loaded sucessfully!","logger":"unusual_prefix_377e48747e3957bb035dd88b74b86ec1d0ec8c25_stocks_etl_dag","filename":"stocks_etl_dag.py","lineno":103}
{"timestamp":"2026-08-19T09:52:08.551037Z","level":"info","event":"Filling up the DagBag from /opt/airflow/dags/stocks_etl_dag.py","logger":"airflow.dag_processing.dagbag.BundleDagBag","filename":"dagbag.py","lineno":460}
{"timestamp":"2026-08-19T09:52:08.747824Z","level":"info","event":"Pyspark imported, version: 3.5.2","logger":"unusual_prefix_377e48747e3957bb035dd88b74b86ec1d0ec8c25_stocks_etl_dag","filename":"stocks_etl_dag.py","lineno":24}
{"timestamp":"2026-08-19T09:52:09.747414Z","level":"info","event":"ETL function imported succesfully!","logger":"unusual_prefix_377e48747e3957bb035dd88b74b86ec1d0ec8c25_stocks_etl_dag","filename":"stocks_etl_dag.py","lineno":32}
{"timestamp":"2026-08-19T09:52:09.756086Z","level":"info","event":"DAG loaded sucessfully!","logger":"unusual_prefix_377e48747e3957bb035dd88b74b86ec1d0ec8c25_stocks_etl_dag","filename":"stocks_etl_dag.py","lineno":103}
{"timestamp":"2026-08-19T09:52:40.246765Z","level":"info","event":"Filling up the DagBag from /opt/airflow/dags/stocks_etl_dag.py","logger":"airflow.dag_processing.dagbag.BundleDagBag","filename":"dagbag.py","lineno":460}
{"timestamp":"2026-08-19T09:52:40.840312Z","level":"info","event":"Pyspark imported, version: 3.5.2","logger":"unusual_prefix_377e48747e3957bb035dd88b74b86ec1d0ec8c25_stocks_etl_dag","filename":"stocks_etl_dag.py","lineno":24}
{"timestamp":"2026-08-19T09:52:43.063194Z","level":"info","event":"ETL function imported succesfully!","logger":"unusual_prefix_377e48747e3957bb035dd88b74b86ec1d0ec8c25_stocks_etl_dag","filename":"stocks_etl_dag.py","lineno":32}
{"timestamp":"2026-08-19T09:52:43.111955Z","level":"info","event":"DAG loaded sucessfully!","logger":"unusual_prefix_377e48747e3957bb035dd88b74b86ec1d0ec8c25_stocks_etl_dag","filename":"stocks_etl_dag.py","lineno":103}
{"timestamp":"2026-08-19T09:53:13.691929Z","level":"info","event":"Filling up the DagBag from /opt/airflow/dags/stocks_etl_dag.py","logger":"airflow.dag_processing.dagbag.BundleDagBag","filename":"dagbag.py","lineno":460}
{"timestamp":"2026-08-19T09:53:13.976927Z","level":"info","event":"Pyspark imported, version: 3.5.2","logger":"unusual_prefix_377e48747e3957bb035dd88b74b86ec1d0ec8c25_stocks_etl_dag","filename":"stocks_etl_dag.py","lineno":24}
{"timestamp":"2026-08-19T09:53:14.977182Z","level":"info","event":"ETL function imported succesfully!","logger":"unusual_prefix_377e48747e3957bb035dd88b74b86ec1d0ec8c25_stocks_etl_dag","filename":"stocks_etl_dag.py","lineno":32}
{"timestamp":"2026-08-19T09:53:14.982884Z","level":"info","event":"DAG loaded sucessfully!","logger":"unusual_prefix_377e48747e3957bb035dd88b74b86ec1d0ec8c25_stocks_etl_dag","filename":"stocks_etl_dag.py","lineno":103}
{"timestamp":"2026-08-19T09:53:45.473845Z","level":"info","event":"Filling up the DagBag from /opt/airflow/dags/stocks_etl_dag.py","logger":"airflow.dag_processing.dagbag.BundleDagBag","filename":"dagbag.py","lineno":460}
{"timestamp":"2026-08-19T09:53:45.825302Z","level":"info","event":"Pyspark imported, version: 3.5.2","logger":"unusual_prefix_377e48747e3957bb035dd88b74b86ec1d0ec8c25_stocks_etl_dag","filename":"stocks_etl_dag.py","lineno":24}
{"timestamp":"2026-08-19T09:53:46.611461Z","level":"info","event":"ETL function imported succesfully!","logger":"unusual_prefix_377e48747e3957bb035dd88b74b86ec1d0ec8c25_stocks_etl_dag","filename":"stocks_etl_dag.py","lineno":32}
{"timestamp":"2026-08-19T09:53:46.616311Z","level":"info","event":"DAG loaded sucessfully!","logger":"unusual_prefix_377e48747e3957bb035dd88b74b86ec1d0ec8c25_stocks_etl_dag","filename":"stocks_etl_dag.py","lineno":103}
{"timestamp":"2026-08-19T09:54:16.804842Z","level":"info","event":"Filling up the DagBag from /opt/airflow/dags/stocks_etl_dag.py","logger":"airflow.dag_processing.dagbag.BundleDagBag","filename":"dagbag.py","lineno":460}
{"timestamp":"2026-08-19T09:54:17.192938Z","level":"info","event":"Pyspark imported, version: 3.5.2","logger":"unusual_prefix_377e48747e3957bb035dd88b74b86ec1d0ec8c25_stocks_etl_dag","filename":"stocks_etl_dag.py","lineno":24}
{"timestamp":"2026-08-19T09:54:18.634010Z","level":"info","event":"ETL function imported succesfully!","logger":"unusual_prefix_377e48747e3957bb035dd88b74b86ec1d0ec8c25_stocks_etl_dag","filename":"stocks_etl_dag.py","lineno":32}
{"timestamp":"2026-08-19T09:54:18.640741Z","level":"info","event":"DAG loaded sucessfully!","logger":"unusual_prefix_377e48747e3957bb035dd88b74b86ec1d0ec8c25_stocks_etl_dag","filename":"stocks_etl_dag.py","lineno":103}
{"timestamp":"2026-08-19T09:54:48.835936Z","level":"info","event":"Filling up the DagBag from /opt/airflow/dags/stocks_etl_dag.py","logger":"airflow.dag_processing.dagbag.BundleDagBag","filename":"dagbag.py","lineno":460}
{"timestamp":"2026-08-19T09:54:49.025711Z","level":"info","event":"Pyspark imported, version: 3.5.2","logger":"unusual_prefix_377e48747e3957bb035dd88b74b86ec1d0ec8c25_stocks_etl_dag","filename":"stocks_etl_dag.py","lineno":24}
{"timestamp":"2026-08-19T09:54:50.162468Z","level":"info","event":"ETL function imported succesfully!","logger":"unusual_prefix_377e48747e3957bb035dd88b74b86ec1d0ec8c25_stocks_etl_dag","filename":"stocks_etl_dag.py","lineno":32}
{"timestamp":"2026-08-19T09:54:50.169339Z","level":"info","event":"DAG loaded sucessfully!","logger":"unusual_prefix_377e48747e3957bb035dd88b74b86ec1d0ec8c25_stocks_etl_dag","filename":"stocks_etl_dag.py","lineno":103}
{"timestamp":"2026-08-19T09:55:20.648280Z","level":"info","event":"Filling up the DagBag from /opt/airflow/dags/stocks_etl_dag.py","logger":"airflow.dag_processing.dagbag.BundleDagBag","filename":"dagbag.py","lineno":460}
{"timestamp":"2026-08-19T09:55:20.965126Z","level":"info","event":"Pyspark imported, version: 3.5.2","logger":"unusual_prefix_377e48747e3957bb035dd88b74b86ec1d0ec8c25_stocks_etl_dag","filename":"stocks_etl_dag.py","lineno":24}
{"timestamp":"2026-08-19T09:55:21.986251Z","level":"info","event":"ETL function imported succesfully!","logger":"unusual_prefix_377e48747e3957bb035dd88b74b86ec1d0ec8c25_stocks_etl_dag","filename":"stocks_etl_dag.py","lineno":32}
{"timestamp":"2026-08-19T09:55:21.991901Z","level":"info","event":"DAG loaded sucessfully!","logger":"unusual_prefix_377e48747e3957bb035dd88b74b86ec1d0ec8c25_stocks_etl_dag","filename":"stocks_etl_dag.py","lineno":103}
{"timestamp":"2026-08-19T09:55:52.589571Z","level":"info","event":"Filling up the DagBag from /opt/airflow/dags/stocks_etl_dag.py","logger":"airflow.dag_processing.dagbag.BundleDagBag","filename":"dagbag.py","lineno":460}
{"timestamp":"2026-08-19T09:55:52.832240Z","level":"info","event":"Pyspark imported, version: 3.5.2","logger":"unusual_prefix_377e48747e3957bb035dd88b74b86ec1d0ec8c25_stocks_etl_dag","filename":"stocks_etl_dag.py","lineno":24}
{"timestamp":"2026-08-19T09:55:53.921691Z","level":"info","event":"ETL function imported succesfully!","logger":"unusual_prefix_377e48747e3957bb035dd88b74b86ec1d0ec8c25_stocks_etl_dag","filename":"stocks_etl_dag.py","lineno":32}
{"timestamp":"2026-08-19T09:55:53.929051Z","level":"info","event":"DAG loaded sucessfully!","logger":"unusual_prefix_377e48747e3957bb035dd88b74b86ec1d0ec8c25_stocks_etl_dag","filename":"stocks_etl_dag.py","lineno":103}
{"timestamp":"2026-08-19T09:56:24.375916Z","level":"info","event":"Filling up the DagBag from /opt/airflow/dags/stocks_etl_dag.py","logger":"airflow.dag_processing.dagbag.BundleDagBag","filename":"dagbag.py","lineno":460}
{"timestamp":"2026-08-19T09:56:24.533549Z","level":"info","event":"Pyspark imported, version: 3.5.2","logger":"unusual_prefix_377e48747e3957bb035dd88b74b86ec1d0ec8c25_stocks_etl_dag","filename":"stocks_etl_dag.py","lineno":24}
{"timestamp":"2026-08-19T09:56:25.390937Z","level":"info","event":"ETL function imported succesfully!","logger":"unusual_prefix_377e48747e3957bb035dd88b74b86ec1d0ec8c25_stocks_etl_dag","filename":"stocks_etl_dag.py","lineno":32}
{"timestamp":"2026-08-19T09:56:25.400495Z","level":"info","event":"DAG loaded sucessfully!","logger":"unusual_prefix_377e48747e3957bb035dd88b74b86ec1d0ec8c25_stocks_etl_dag","filename":"stocks_etl_dag.py","lineno":103}
{"timestamp":"2026-08-19T09:56:55.949911Z","level":"info","event":"Filling up the DagBag from /opt/airflow/dags/stocks_etl_dag.py","logger":"airflow.dag_processing.dagbag.BundleDagBag","filename":"dagbag.py","lineno":460}
{"timestamp":"2026-08-19T09:56:56.286864Z","level":"info","event":"Pyspark imported, version: 3.5.2","logger":"unusual_prefix_377e48747e3957bb035dd88b74b86ec1d0ec8c25_stocks_etl_dag","filename":"stocks_etl_dag.py","lineno":24}
{"timestamp":"2026-08-19T09:56:57.475608Z","level":"info","event":"ETL function imported succesfully!","logger":"unusual_prefix_377e48747e3957bb035dd88b74b86ec1d0ec8c25_stocks_etl_dag","filename":"stocks_etl_dag.py","lineno":32}
{"timestamp":"2026-08-19T09:56:57.484796Z","level":"info","event":"DAG loaded sucessfully!","logger":"unusual_prefix_377e48747e3957bb035dd88b74b86ec1d0ec8c25_stocks_etl_dag","filename":"stocks_etl_dag.py","lineno":103}
{"timestamp":"2026-08-19T09:57:27.963591Z","level":"info","event":"Filling up the DagBag from /opt/airflow/dags/stocks_etl_dag.py","logger":"airflow.dag_processing.dagbag.BundleDagBag","filename":"dagbag.py","lineno":460}
{"timestamp":"2026-08-19T09:57:28.361703Z","level":"info","event":"Pyspark imported, version: 3.5.2","logger":"unusual_prefix_377e48747e3957bb035dd88b74b86ec1d0ec8c25_stocks_etl_dag","filename":"stocks_etl_dag.py","lineno":24}
{"timestamp":"2026-08-19T09:57:29.658127Z","level":"info","event":"ETL function imported succesfully!","logger":"unusual_prefix_377e48747e3957bb035dd88b74b86ec1d0ec8c25_stocks_etl_dag","filename":"stocks_etl_dag.py","lineno":32}
{"timestamp":"2026-08-19T09:57:29.666528Z","level":"info","event":"DAG loaded sucessfully!","logger":"unusual_prefix_377e48747e3957bb035dd88b74b86ec1d0ec8c25_stocks_etl_dag","filename":"stocks_etl_dag.py","lineno":103}
{"timestamp":"2026-08-19T09:58:00.458284Z","level":"info","event":"Filling up the DagBag from /opt/airflow/dags/stocks_etl_dag.py","logger":"airflow.dag_processing.dagbag.BundleDagBag","filename":"dagbag.py","lineno":460}
{"timestamp":"2026-08-19T09:58:00.914479Z","level":"info","event":"Pyspark imported, version: 3.5.2","logger":"unusual_prefix_377e48747e3957bb035dd88b74b86ec1d0ec8c25_stocks_etl_dag","filename":"stocks_etl_dag.py","lineno":24}
{"timestamp":"2026-08-19T09:58:02.132125Z","level":"info","event":"ETL function imported succesfully!","logger":"unusual_prefix_377e48747e3957bb035dd88b74b86ec1d0ec8c25_stocks_etl_dag","filename":"stocks_etl_dag.py","lineno":32}
{"timestamp":"2026-08-19T09:58:02.141865Z","level":"info","event":"DAG loaded sucessfully!","logger":"unusual_prefix_377e48747e3957bb035dd88b74b86ec1d0ec8c25_stocks_etl_dag","filename":"stocks_etl_dag.py","lineno":103}
{"timestamp":"2026-08-19T09:58:32.650524Z","level":"info","event":"Filling up the DagBag from /opt/airflow/dags/stocks_etl_dag.py","logger":"airflow.dag_processing.dagbag.BundleDagBag","filename":"dagbag.py","lineno":460}
{"timestamp":"2026-08-19T09:58:32.890337Z","level":"info","event":"Pyspark imported, version: 3.5.2","logger":"unusual_prefix_377e48747e3957bb035dd88b74b86ec1d0ec8c25_stocks_etl_dag","filename":"stocks_etl_dag.py","lineno":24}
{"timestamp":"2026-08-19T09:58:33.504819Z","level":"info","event":"ETL function imported succesfully!","logger":"unusual_prefix_377e48747e3957bb035dd88b74b86ec1d0ec8c25_stocks_etl_dag","filename":"stocks_etl_dag.py","lineno":32}
{"timestamp":"2026-08-19T09:58:33.508774Z","level":"info","event":"DAG loaded sucessfully!","logger":"unusual_prefix_377e48747e3957bb035dd88b74b86ec1d0ec8c25_stocks_etl_dag","filename":"stocks_etl_dag.py","lineno":103}
{"timestamp":"2026-08-19T09:59:04.029072Z","level":"info","event":"Filling up the DagBag from /opt/airflow/dags/stocks_etl_dag.py","logger":"airflow.dag_processing.dagbag.BundleDagBag","filename":"dagbag.py","lineno":460}
{"timestamp":"2026-08-19T09:59:04.372415Z","level":"info","event":"Pyspark imported, version: 3.5.2","logger":"unusual_prefix_377e48747e3957bb035dd88b74b86ec1d0ec8c25_stocks_etl_dag","filename":"stocks_etl_dag.py","lineno":24}
{"timestamp":"2026-08-19T09:59:05.366183Z","level":"info","event":"ETL function imported succesfully!","logger":"unusual_prefix_377e48747e3957bb035dd88b74b86ec1d0ec8c25_stocks_etl_dag","filename":"stocks_etl_dag.py","lineno":32}
{"timestamp":"2026-08-19T09:59:05.371862Z","level":"info","event":"DAG loaded sucessfully!","logger":"unusual_prefix_377e48747e3957bb035dd88b74b86ec1d0ec8c25_stocks_etl_dag","filename":"stocks_etl_dag.py","lineno":103}
{"timestamp":"2026-08-19T09:59:35.940397Z","level":"info","event":"Filling up the DagBag from /opt/airflow/dags/stocks_etl_dag.py","logger":"airflow.dag_processing.dagbag.BundleDagBag","filename":"dagbag.py","lineno":460}
{"timestamp":"2026-08-19T09:59:36.322150Z","level":"info","event":"Pyspark imported, version: 3.5.2","logger":"unusual_prefix_377e48747e3957bb035dd88b74b86ec1d0ec8c25_stocks_etl_dag","filename":"stocks_etl_dag.py","lineno":24}
{"timestamp":"2026-08-19T09:59:37.644026Z","level":"info","event":"ETL function imported succesfully!","logger":"unusual_prefix_377e48747e3957bb035dd88b74b86ec1d0ec8c25_stocks_etl_dag","filename":"stocks_etl_dag.py","lineno":32}
{"timestamp":"2026-08-19T09:59:37.653731Z","level":"info","event":"DAG loaded sucessfully!","logger":"unusual_prefix_377e48747e3957bb035dd88b74b86ec1d0ec8c25_stocks_etl_dag","filename":"stocks_etl_dag.py","lineno":103}
{"timestamp":"2026-08-19T10:00:08.507832Z","level":"info","event":"Filling up the DagBag from /opt/airflow/dags/stocks_etl_dag.py","logger":"airflow.dag_processing.dagbag.BundleDagBag","filename":"dagbag.py","lineno":460}
{"timestamp":"2026-08-19T10:00:08.818832Z","level":"info","event":"Pyspark imported, version: 3.5.2","logger":"unusual_prefix_377e48747e3957bb035dd88b74b86ec1d0ec8c25_stocks_etl_dag","filename":"stocks_etl_dag.py","lineno":24}
{"timestamp":"2026-08-19T10:00:10.398802Z","level":"info","event":"ETL function imported succesfully!","logger":"unusual_prefix_377e48747e3957bb035dd88b74b86ec1d0ec8c25_stocks_etl_dag","filename":"stocks_etl_dag.py","lineno":32}
{"timestamp":"2026-08-19T10:00:10.423398Z","level":"info","event":"DAG loaded sucessfully!","logger":"unusual_prefix_377e48747e3957bb035dd88b74b86ec1d0ec8c25_stocks_etl_dag","filename":"stocks_etl_dag.py","lineno":103}
{"timestamp":"2026-08-19T10:00:40.656340Z","level":"info","event":"Filling up the DagBag from /opt/airflow/dags/stocks_etl_dag.py","logger":"airflow.dag_processing.dagbag.BundleDagBag","filename":"dagbag.py","lineno":460}
{"timestamp":"2026-08-19T10:00:40.912290Z","level":"info","event":"Pyspark imported, version: 3.5.2","logger":"unusual_prefix_377e48747e3957bb035dd88b74b86ec1d0ec8c25_stocks_etl_dag","filename":"stocks_etl_dag.py","lineno":24}
{"timestamp":"2026-08-19T10:00:42.477378Z","level":"info","event":"ETL function imported succesfully!","logger":"unusual_prefix_377e48747e3957bb035dd88b74b86ec1d0ec8c25_stocks_etl_dag","filename":"stocks_etl_dag.py","lineno":32}
{"timestamp":"2026-08-19T10:00:42.486228Z","level":"info","event":"DAG loaded sucessfully!","logger":"unusual_prefix_377e48747e3957bb035dd88b74b86ec1d0ec8c25_stocks_etl_dag","filename":"stocks_etl_dag.py","lineno":103}
{"timestamp":"2026-08-19T10:01:13.054057Z","level":"info","event":"Filling up the DagBag from /opt/airflow/dags/stocks_etl_dag.py","logger":"airflow.dag_processing.dagbag.BundleDagBag","filename":"dagbag.py","lineno":460}
{"timestamp":"2026-08-19T10:01:13.401936Z","level":"info","event":"Pyspark imported, version: 3.5.2","logger":"unusual_prefix_377e48747e3957bb035dd88b74b86ec1d0ec8c25_stocks_etl_dag","filename":"stocks_etl_dag.py","lineno":24}
{"timestamp":"2026-08-19T10:01:14.806273Z","level":"info","event":"ETL function imported succesfully!","logger":"unusual_prefix_377e48747e3957bb035dd88b74b86ec1d0ec8c25_stocks_etl_dag","filename":"stocks_etl_dag.py","lineno":32}
{"timestamp":"2026-08-19T10:01:14.814237Z","level":"info","event":"DAG loaded sucessfully!","logger":"unusual_prefix_377e48747e3957bb035dd88b74b86ec1d0ec8c25_stocks_etl_dag","filename":"stocks_etl_dag.py","lineno":103}
{"timestamp":"2026-08-19T10:01:45.534046Z","level":"info","event":"Filling up the DagBag from /opt/airflow/dags/stocks_etl_dag.py","logger":"airflow.dag_processing.dagbag.BundleDagBag","filename":"dagbag.py","lineno":460}
{"timestamp":"2026-08-19T10:01:45.894441Z","level":"info","event":"Pyspark imported, version: 3.5.2","logger":"unusual_prefix_377e48747e3957bb035dd88b74b86ec1d0ec8c25_stocks_etl_dag","filename":"stocks_etl_dag.py","lineno":24}
{"timestamp":"2026-08-19T10:01:47.078866Z","level":"info","event":"ETL function imported succesfully!","logger":"unusual_prefix_377e48747e3957bb035dd88b74b86ec1d0ec8c25_stocks_etl_dag","filename":"stocks_etl_dag.py","lineno":32}
{"timestamp":"2026-08-19T10:01:47.087279Z","level":"info","event":"DAG loaded sucessfully!","logger":"unusual_prefix_377e48747e3957bb035dd88b74b86ec1d0ec8c25_stocks_etl_dag","filename":"stocks_etl_dag.py","lineno":103}
{"timestamp":"2026-08-19T10:02:17.700711Z","level":"info","event":"Filling up the DagBag from /opt/airflow/dags/stocks_etl_dag.py","logger":"airflow.dag_processing.dagbag.BundleDagBag","filename":"dagbag.py","lineno":460}
{"timestamp":"2026-08-19T10:02:17.982177Z","level":"info","event":"Pyspark imported, version: 3.5.2","logger":"unusual_prefix_377e48747e3957bb035dd88b74b86ec1d0ec8c25_stocks_etl_dag","filename":"stocks_etl_dag.py","lineno":24}
{"timestamp":"2026-08-19T10:02:19.623221Z","level":"info","event":"ETL function imported succesfully!","logger":"unusual_prefix_377e48747e3957bb035dd88b74b86ec1d0ec8c25_stocks_etl_dag","filename":"stocks_etl_dag.py","lineno":32}
{"timestamp":"2026-08-19T10:02:19.629193Z","level":"info","event":"DAG loaded sucessfully!","logger":"unusual_prefix_377e48747e3957bb035dd88b74b86ec1d0ec8c25_stocks_etl_dag","filename":"stocks_etl_dag.py","lineno":103}
{"timestamp":"2026-08-19T10:02:49.766226Z","level":"info","event":"Filling up the DagBag from /opt/airflow/dags/stocks_etl_dag.py","logger":"airflow.dag_processing.dagbag.BundleDagBag","filename":"dagbag.py","lineno":460}
{"timestamp":"2026-08-19T10:02:50.058291Z","level":"info","event":"Pyspark imported, version: 3.5.2","logger":"unusual_prefix_377e48747e3957bb035dd88b74b86ec1d0ec8c25_stocks_etl_dag","filename":"stocks_etl_dag.py","lineno":24}
{"timestamp":"2026-08-19T10:02:51.239539Z","level":"info","event":"ETL function imported succesfully!","logger":"unusual_prefix_377e48747e3957bb035dd88b74b86ec1d0ec8c25_stocks_etl_dag","filename":"stocks_etl_dag.py","lineno":32}
{"timestamp":"2026-08-19T10:02:51.246316Z","level":"info","event":"DAG loaded sucessfully!","logger":"unusual_prefix_377e48747e3957bb035dd88b74b86ec1d0ec8c25_stocks_etl_dag","filename":"stocks_etl_dag.py","lineno":103}
{"timestamp":"2026-08-19T10:03:21.822862Z","level":"info","event":"Filling up the DagBag from /opt/airflow/dags/stocks_etl_dag.py","logger":"airflow.dag_processing.dagbag.BundleDagBag","filename":"dagbag.py","lineno":460}
{"timestamp":"2026-08-19T10:03:22.271122Z","level":"info","event":"Pyspark imported, version: 3.5.2","logger":"unusual_prefix_377e48747e3957bb035dd88b74b86ec1d0ec8c25_stocks_etl_dag","filename":"stocks_etl_dag.py","lineno":24}
{"timestamp":"2026-08-19T10:03:23.294162Z","level":"info","event":"ETL function imported succesfully!","logger":"unusual_prefix_377e48747e3957bb035dd88b74b86ec1d0ec8c25_stocks_etl_dag","filename":"stocks_etl_dag.py","lineno":32}
{"timestamp":"2026-08-19T10:03:23.300110Z","level":"info","event":"DAG loaded sucessfully!","logger":"unusual_prefix_377e48747e3957bb035dd88b74b86ec1d0ec8c25_stocks_etl_dag","filename":"stocks_etl_dag.py","lineno":103}
{"timestamp":"2026-08-19T10:03:53.783368Z","level":"info","event":"Filling up the DagBag from /opt/airflow/dags/stocks_etl_dag.py","logger":"airflow.dag_processing.dagbag.BundleDagBag","filename":"dagbag.py","lineno":460}
{"timestamp":"2026-08-19T10:03:54.080004Z","level":"info","event":"Pyspark imported, version: 3.5.2","logger":"unusual_prefix_377e48747e3957bb035dd88b74b86ec1d0ec8c25_stocks_etl_dag","filename":"stocks_etl_dag.py","lineno":24}
{"timestamp":"2026-08-19T10:03:55.165301Z","level":"info","event":"ETL function imported succesfully!","logger":"unusual_prefix_377e48747e3957bb035dd88b74b86ec1d0ec8c25_stocks_etl_dag","filename":"stocks_etl_dag.py","lineno":32}
{"timestamp":"2026-08-19T10:03:55.172020Z","level":"info","event":"DAG loaded sucessfully!","logger":"unusual_prefix_377e48747e3957bb035dd88b74b86ec1d0ec8c25_stocks_etl_dag","filename":"stocks_etl_dag.py","lineno":103}
{"timestamp":"2026-08-19T10:04:25.584518Z","level":"info","event":"Filling up the DagBag from /opt/airflow/dags/stocks_etl_dag.py","logger":"airflow.dag_processing.dagbag.BundleDagBag","filename":"dagbag.py","lineno":460}
{"timestamp":"2026-08-19T10:04:26.194752Z","level":"info","event":"Pyspark imported, version: 3.5.2","logger":"unusual_prefix_377e48747e3957bb035dd88b74b86ec1d0ec8c25_stocks_etl_dag","filename":"stocks_etl_dag.py","lineno":24}
{"timestamp":"2026-08-19T10:04:28.036294Z","level":"info","event":"ETL function imported succesfully!","logger":"unusual_prefix_377e48747e3957bb035dd88b74b86ec1d0ec8c25_stocks_etl_dag","filename":"stocks_etl_dag.py","lineno":32}
{"timestamp":"2026-08-19T10:04:28.066065Z","level":"info","event":"DAG loaded sucessfully!","logger":"unusual_prefix_377e48747e3957bb035dd88b74b86ec1d0ec8c25_stocks_etl_dag","filename":"stocks_etl_dag.py","lineno":103}
{"timestamp":"2026-08-19T10:04:58.600295Z","level":"info","event":"Filling up the DagBag from /opt/airflow/dags/stocks_etl_dag.py","logger":"airflow.dag_processing.dagbag.BundleDagBag","filename":"dagbag.py","lineno":460}
{"timestamp":"2026-08-19T10:04:58.954772Z","level":"info","event":"Pyspark imported, version: 3.5.2","logger":"unusual_prefix_377e48747e3957bb035dd88b74b86ec1d0ec8c25_stocks_etl_dag","filename":"stocks_etl_dag.py","lineno":24}
{"timestamp":"2026-08-19T10:05:01.438724Z","level":"info","event":"ETL function imported succesfully!","logger":"unusual_prefix_377e48747e3957bb035dd88b74b86ec1d0ec8c25_stocks_etl_dag","filename":"stocks_etl_dag.py","lineno":32}
{"timestamp":"2026-08-19T10:05:01.462131Z","level":"info","event":"DAG loaded sucessfully!","logger":"unusual_prefix_377e48747e3957bb035dd88b74b86ec1d0ec8c25_stocks_etl_dag","filename":"stocks_etl_dag.py","lineno":103}
{"timestamp":"2026-08-19T10:05:31.969785Z","level":"info","event":"Filling up the DagBag from /opt/airflow/dags/stocks_etl_dag.py","logger":"airflow.dag_processing.dagbag.BundleDagBag","filename":"dagbag.py","lineno":460}
{"timestamp":"2026-08-19T10:05:32.598806Z","level":"info","event":"Pyspark imported, version: 3.5.2","logger":"unusual_prefix_377e48747e3957bb035dd88b74b86ec1d0ec8c25_stocks_etl_dag","filename":"stocks_etl_dag.py","lineno":24}
{"timestamp":"2026-08-19T10:05:34.814175Z","level":"info","event":"ETL function imported succesfully!","logger":"unusual_prefix_377e48747e3957bb035dd88b74b86ec1d0ec8c25_stocks_etl_dag","filename":"stocks_etl_dag.py","lineno":32}
{"timestamp":"2026-08-19T10:05:34.821334Z","level":"info","event":"DAG loaded sucessfully!","logger":"unusual_prefix_377e48747e3957bb035dd88b74b86ec1d0ec8c25_stocks_etl_dag","filename":"stocks_etl_dag.py","lineno":103}
{"timestamp":"2026-08-19T10:06:05.622309Z","level":"info","event":"Filling up the DagBag from /opt/airflow/dags/stocks_etl_dag.py","logger":"airflow.dag_processing.dagbag.BundleDagBag","filename":"dagbag.py","lineno":460}
{"timestamp":"2026-08-19T10:06:06.040861Z","level":"info","event":"Pyspark imported, version: 3.5.2","logger":"unusual_prefix_377e48747e3957bb035dd88b74b86ec1d0ec8c25_stocks_etl_dag","filename":"stocks_etl_dag.py","lineno":24}
{"timestamp":"2026-08-19T10:06:08.315984Z","level":"info","event":"ETL function imported succesfully!","logger":"unusual_prefix_377e48747e3957bb035dd88b74b86ec1d0ec8c25_stocks_etl_dag","filename":"stocks_etl_dag.py","lineno":32}
{"timestamp":"2026-08-19T10:06:08.378933Z","level":"info","event":"DAG loaded sucessfully!","logger":"unusual_prefix_377e48747e3957bb035dd88b74b86ec1d0ec8c25_stocks_etl_dag","filename":"stocks_etl_dag.py","lineno":103}
{"timestamp":"2026-08-19T10:06:39.067679Z","level":"info","event":"Filling up the DagBag from /opt/airflow/dags/stocks_etl_dag.py","logger":"airflow.dag_processing.dagbag.BundleDagBag","filename":"dagbag.py","lineno":460}
{"timestamp":"2026-08-19T10:06:39.440577Z","level":"info","event":"Pyspark imported, version: 3.5.2","logger":"unusual_prefix_377e48747e3957bb035dd88b74b86ec1d0ec8c25_stocks_etl_dag","filename":"stocks_etl_dag.py","lineno":24}
{"timestamp":"2026-08-19T10:06:41.794374Z","level":"info","event":"ETL function imported succesfully!","logger":"unusual_prefix_377e48747e3957bb035dd88b74b86ec1d0ec8c25_stocks_etl_dag","filename":"stocks_etl_dag.py","lineno":32}
{"timestamp":"2026-08-19T10:06:41.805675Z","level":"info","event":"DAG loaded sucessfully!","logger":"unusual_prefix_377e48747e3957bb035dd88b74b86ec1d0ec8c25_stocks_etl_dag","filename":"stocks_etl_dag.py","lineno":103}
{"timestamp":"2026-08-19T10:07:12.191535Z","level":"info","event":"Filling up the DagBag from /opt/airflow/dags/stocks_etl_dag.py","logger":"airflow.dag_processing.dagbag.BundleDagBag","filename":"dagbag.py","lineno":460}
{"timestamp":"2026-08-19T10:07:12.536834Z","level":"info","event":"Pyspark imported, version: 3.5.2","logger":"unusual_prefix_377e48747e3957bb035dd88b74b86ec1d0ec8c25_stocks_etl_dag","filename":"stocks_etl_dag.py","lineno":24}
{"timestamp":"2026-08-19T10:07:14.023942Z","level":"info","event":"ETL function imported succesfully!","logger":"unusual_prefix_377e48747e3957bb035dd88b74b86ec1d0ec8c25_stocks_etl_dag","filename":"stocks_etl_dag.py","lineno":32}
{"timestamp":"2026-08-19T10:07:14.030934Z","level":"info","event":"DAG loaded sucessfully!","logger":"unusual_prefix_377e48747e3957bb035dd88b74b86ec1d0ec8c25_stocks_etl_dag","filename":"stocks_etl_dag.py","lineno":103}
{"timestamp":"2026-08-19T10:07:44.170675Z","level":"info","event":"Filling up the DagBag from /opt/airflow/dags/stocks_etl_dag.py","logger":"airflow.dag_processing.dagbag.BundleDagBag","filename":"dagbag.py","lineno":460}
{"timestamp":"2026-08-19T10:07:44.492172Z","level":"info","event":"Pyspark imported, version: 3.5.2","logger":"unusual_prefix_377e48747e3957bb035dd88b74b86ec1d0ec8c25_stocks_etl_dag","filename":"stocks_etl_dag.py","lineno":24}
{"timestamp":"2026-08-19T10:07:46.696880Z","level":"info","event":"ETL function imported succesfully!","logger":"unusual_prefix_377e48747e3957bb035dd88b74b86ec1d0ec8c25_stocks_etl_dag","filename":"stocks_etl_dag.py","lineno":32}
{"timestamp":"2026-08-19T10:07:46.704940Z","level":"info","event":"DAG loaded sucessfully!","logger":"unusual_prefix_377e48747e3957bb035dd88b74b86ec1d0ec8c25_stocks_etl_dag","filename":"stocks_etl_dag.py","lineno":103}
{"timestamp":"2026-08-19T10:08:17.300191Z","level":"info","event":"Filling up the DagBag from /opt/airflow/dags/stocks_etl_dag.py","logger":"airflow.dag_processing.dagbag.BundleDagBag","filename":"dagbag.py","lineno":460}
{"timestamp":"2026-08-19T10:08:17.953225Z","level":"info","event":"Pyspark imported, version: 3.5.2","logger":"unusual_prefix_377e48747e3957bb035dd88b74b86ec1d0ec8c25_stocks_etl_dag","filename":"stocks_etl_dag.py","lineno":24}
{"timestamp":"2026-08-19T10:08:19.696427Z","level":"info","event":"ETL function imported succesfully!","logger":"unusual_prefix_377e48747e3957bb035dd88b74b86ec1d0ec8c25_stocks_etl_dag","filename":"stocks_etl_dag.py","lineno":32}
{"timestamp":"2026-08-19T10:08:19.703537Z","level":"info","event":"DAG loaded sucessfully!","logger":"unusual_prefix_377e48747e3957bb035dd88b74b86ec1d0ec8c25_stocks_etl_dag","filename":"stocks_etl_dag.py","lineno":103}
{"timestamp":"2026-08-19T10:08:50.222495Z","level":"info","event":"Filling up the DagBag from /opt/airflow/dags/stocks_etl_dag.py","logger":"airflow.dag_processing.dagbag.BundleDagBag","filename":"dagbag.py","lineno":460}
{"timestamp":"2026-08-19T10:08:50.718999Z","level":"info","event":"Pyspark imported, version: 3.5.2","logger":"unusual_prefix_377e48747e3957bb035dd88b74b86ec1d0ec8c25_stocks_etl_dag","filename":"stocks_etl_dag.py","lineno":24}
{"timestamp":"2026-08-19T10:08:51.993497Z","level":"info","event":"ETL function imported succesfully!","logger":"unusual_prefix_377e48747e3957bb035dd88b74b86ec1d0ec8c25_stocks_etl_dag","filename":"stocks_etl_dag.py","lineno":32}
{"timestamp":"2026-08-19T10:08:52.003279Z","level":"info","event":"DAG loaded sucessfully!","logger":"unusual_prefix_377e48747e3957bb035dd88b74b86ec1d0ec8c25_stocks_etl_dag","filename":"stocks_etl_dag.py","lineno":103}
{"timestamp":"2026-08-19T10:09:22.761227Z","level":"info","event":"Filling up the DagBag from /opt/airflow/dags/stocks_etl_dag.py","logger":"airflow.dag_processing.dagbag.BundleDagBag","filename":"dagbag.py","lineno":460}
{"timestamp":"2026-08-19T10:09:23.216635Z","level":"info","event":"Pyspark imported, version: 3.5.2","logger":"unusual_prefix_377e48747e3957bb035dd88b74b86ec1d0ec8c25_stocks_etl_dag","filename":"stocks_etl_dag.py","lineno":24}
{"timestamp":"2026-08-19T10:09:24.397278Z","level":"info","event":"ETL function imported succesfully!","logger":"unusual_prefix_377e48747e3957bb035dd88b74b86ec1d0ec8c25_stocks_etl_dag","filename":"stocks_etl_dag.py","lineno":32}
{"timestamp":"2026-08-19T10:09:24.407448Z","level":"info","event":"DAG loaded sucessfully!","logger":"unusual_prefix_377e48747e3957bb035dd88b74b86ec1d0ec8c25_stocks_etl_dag","filename":"stocks_etl_dag.py","lineno":103}
{"timestamp":"2026-08-19T10:09:55.264273Z","level":"info","event":"Filling up the DagBag from /opt/airflow/dags/stocks_etl_dag.py","logger":"airflow.dag_processing.dagbag.BundleDagBag","filename":"dagbag.py","lineno":460}
{"timestamp":"2026-08-19T10:09:55.489504Z","level":"info","event":"Pyspark imported, version: 3.5.2","logger":"unusual_prefix_377e48747e3957bb035dd88b74b86ec1d0ec8c25_stocks_etl_dag","filename":"stocks_etl_dag.py","lineno":24}
{"timestamp":"2026-08-19T10:09:56.367813Z","level":"info","event":"ETL function imported succesfully!","logger":"unusual_prefix_377e48747e3957bb035dd88b74b86ec1d0ec8c25_stocks_etl_dag","filename":"stocks_etl_dag.py","lineno":32}
{"timestamp":"2026-08-19T10:09:56.374110Z","level":"info","event":"DAG loaded sucessfully!","logger":"unusual_prefix_377e48747e3957bb035dd88b74b86ec1d0ec8c25_stocks_etl_dag","filename":"stocks_etl_dag.py","lineno":103}
{"timestamp":"2026-08-19T10:10:26.835207Z","level":"info","event":"Filling up the DagBag from /opt/airflow/dags/stocks_etl_dag.py","logger":"airflow.dag_processing.dagbag.BundleDagBag","filename":"dagbag.py","lineno":460}
{"timestamp":"2026-08-19T10:10:27.061197Z","level":"info","event":"Pyspark imported, version: 3.5.2","logger":"unusual_prefix_377e48747e3957bb035dd88b74b86ec1d0ec8c25_stocks_etl_dag","filename":"stocks_etl_dag.py","lineno":24}
{"timestamp":"2026-08-19T10:10:27.924287Z","level":"info","event":"ETL function imported succesfully!","logger":"unusual_prefix_377e48747e3957bb035dd88b74b86ec1d0ec8c25_stocks_etl_dag","filename":"stocks_etl_dag.py","lineno":32}
{"timestamp":"2026-08-19T10:10:27.929753Z","level":"info","event":"DAG loaded sucessfully!","logger":"unusual_prefix_377e48747e3957bb035dd88b74b86ec1d0ec8c25_stocks_etl_dag","filename":"stocks_etl_dag.py","lineno":103}
{"timestamp":"2026-08-19T10:10:58.079062Z","level":"info","event":"Filling up the DagBag from /opt/airflow/dags/stocks_etl_dag.py","logger":"airflow.dag_processing.dagbag.BundleDagBag","filename":"dagbag.py","lineno":460}
{"timestamp":"2026-08-19T10:10:58.386035Z","level":"info","event":"Pyspark imported, version: 3.5.2","logger":"unusual_prefix_377e48747e3957bb035dd88b74b86ec1d0ec8c25_stocks_etl_dag","filename":"stocks_etl_dag.py","lineno":24}
{"timestamp":"2026-08-19T10:10:59.731800Z","level":"info","event":"ETL function imported succesfully!","logger":"unusual_prefix_377e48747e3957bb035dd88b74b86ec1d0ec8c25_stocks_etl_dag","filename":"stocks_etl_dag.py","lineno":32}
{"timestamp":"2026-08-19T10:10:59.739341Z","level":"info","event":"DAG loaded sucessfully!","logger":"unusual_prefix_377e48747e3957bb035dd88b74b86ec1d0ec8c25_stocks_etl_dag","filename":"stocks_etl_dag.py","lineno":103}
{"timestamp":"2026-08-19T10:11:29.880413Z","level":"info","event":"Filling up the DagBag from /opt/airflow/dags/stocks_etl_dag.py","logger":"airflow.dag_processing.dagbag.BundleDagBag","filename":"dagbag.py","lineno":460}
{"timestamp":"2026-08-19T10:11:30.112191Z","level":"info","event":"Pyspark imported, version: 3.5.2","logger":"unusual_prefix_377e48747e3957bb035dd88b74b86ec1d0ec8c25_stocks_etl_dag","filename":"stocks_etl_dag.py","lineno":24}
{"timestamp":"2026-08-19T10:11:31.219788Z","level":"info","event":"ETL function imported succesfully!","logger":"unusual_prefix_377e48747e3957bb035dd88b74b86ec1d0ec8c25_stocks_etl_dag","filename":"stocks_etl_dag.py","lineno":32}
{"timestamp":"2026-08-19T10:11:31.227464Z","level":"info","event":"DAG loaded sucessfully!","logger":"unusual_prefix_377e48747e3957bb035dd88b74b86ec1d0ec8c25_stocks_etl_dag","filename":"stocks_etl_dag.py","lineno":103}
{"timestamp":"2026-08-19T10:12:01.411743Z","level":"info","event":"Filling up the DagBag from /opt/airflow/dags/stocks_etl_dag.py","logger":"airflow.dag_processing.dagbag.BundleDagBag","filename":"dagbag.py","lineno":460}
{"timestamp":"2026-08-19T10:12:01.712198Z","level":"info","event":"Pyspark imported, version: 3.5.2","logger":"unusual_prefix_377e48747e3957bb035dd88b74b86ec1d0ec8c25_stocks_etl_dag","filename":"stocks_etl_dag.py","lineno":24}
{"timestamp":"2026-08-19T10:12:03.225344Z","level":"info","event":"ETL function imported succesfully!","logger":"unusual_prefix_377e48747e3957bb035dd88b74b86ec1d0ec8c25_stocks_etl_dag","filename":"stocks_etl_dag.py","lineno":32}
{"timestamp":"2026-08-19T10:12:03.234855Z","level":"info","event":"DAG loaded sucessfully!","logger":"unusual_prefix_377e48747e3957bb035dd88b74b86ec1d0ec8c25_stocks_etl_dag","filename":"stocks_etl_dag.py","lineno":103}
{"timestamp":"2026-08-19T10:12:34.612989Z","level":"info","event":"Filling up the DagBag from /opt/airflow/dags/stocks_etl_dag.py","logger":"airflow.dag_processing.dagbag.BundleDagBag","filename":"dagbag.py","lineno":460}
{"timestamp":"2026-08-19T10:12:35.412143Z","level":"info","event":"Pyspark imported, version: 3.5.2","logger":"unusual_prefix_377e48747e3957bb035dd88b74b86ec1d0ec8c25_stocks_etl_dag","filename":"stocks_etl_dag.py","lineno":24}
{"timestamp":"2026-08-19T10:12:38.715026Z","level":"info","event":"ETL function imported succesfully!","logger":"unusual_prefix_377e48747e3957bb035dd88b74b86ec1d0ec8c25_stocks_etl_dag","filename":"stocks_etl_dag.py","lineno":32}
{"timestamp":"2026-08-19T10:12:38.752016Z","level":"info","event":"DAG loaded sucessfully!","logger":"unusual_prefix_377e48747e3957bb035dd88b74b86ec1d0ec8c25_stocks_etl_dag","filename":"stocks_etl_dag.py","lineno":103}
{"timestamp":"2026-08-19T10:13:09.921688Z","level":"info","event":"Filling up the DagBag from /opt/airflow/dags/stocks_etl_dag.py","logger":"airflow.dag_processing.dagbag.BundleDagBag","filename":"dagbag.py","lineno":460}
{"timestamp":"2026-08-19T10:13:12.601272Z","level":"info","event":"Pyspark imported, version: 3.5.2","logger":"unusual_prefix_377e48747e3957bb035dd88b74b86ec1d0ec8c25_stocks_etl_dag","filename":"stocks_etl_dag.py","lineno":24}
{"timestamp":"2026-08-19T10:13:16.690365Z","level":"info","event":"ETL function imported succesfully!","logger":"unusual_prefix_377e48747e3957bb035dd88b74b86ec1d0ec8c25_stocks_etl_dag","filename":"stocks_etl_dag.py","lineno":32}
{"timestamp":"2026-08-19T10:13:16.717321Z","level":"info","event":"DAG loaded sucessfully!","logger":"unusual_prefix_377e48747e3957bb035dd88b74b86ec1d0ec8c25_stocks_etl_dag","filename":"stocks_etl_dag.py","lineno":103}
{"timestamp":"2026-08-19T10:14:01.142299Z","level":"info","event":"Filling up the DagBag from /opt/airflow/dags/stocks_etl_dag.py","logger":"airflow.dag_processing.dagbag.BundleDagBag","filename":"dagbag.py","lineno":460}
{"timestamp":"2026-08-19T10:21:48.142017Z","level":"info","event":"Filling up the DagBag from /opt/airflow/dags/stocks_etl_dag.py","logger":"airflow.dag_processing.dagbag.BundleDagBag","filename":"dagbag.py","lineno":460}
