{"timestamp":"2026-08-21T08:12:18.038366Z","level":"info","event":"Filling up the DagBag from /opt/airflow/dags/stocks_etl_dag.py","logger":"airflow.dag_processing.dagbag.BundleDagBag","filename":"dagbag.py","lineno":460}
{"timestamp":"2026-08-21T08:12:19.821040Z","level":"info","event":"Pyspark imported, version: 3.5.2","logger":"unusual_prefix_377e48747e3957bb035dd88b74b86ec1d0ec8c25_stocks_etl_dag","filename":"stocks_etl_dag.py","lineno":24}
{"timestamp":"2026-08-21T08:12:28.914492Z","level":"info","event":"ETL function imported succesfully!","logger":"unusual_prefix_377e48747e3957bb035dd88b74b86ec1d0ec8c25_stocks_etl_dag","filename":"stocks_etl_dag.py","lineno":32}
{"timestamp":"2026-08-21T08:12:28.940991Z","level":"info","event":"DAG loaded sucessfully!","logger":"unusual_prefix_377e48747e3957bb035dd88b74b86ec1d0ec8c25_stocks_etl_dag","filename":"stocks_etl_dag.py","lineno":103}
{"timestamp":"2026-08-21T08:12:59.991897Z","level":"info","event":"Filling up the DagBag from /opt/airflow/dags/stocks_etl_dag.py","logger":"airflow.dag_processing.dagbag.BundleDagBag","filename":"dagbag.py","lineno":460}
{"timestamp":"2026-08-21T08:13:01.776882Z","level":"info","event":"Pyspark imported, version: 3.5.2","logger":"unusual_prefix_377e48747e3957bb035dd88b74b86ec1d0ec8c25_stocks_etl_dag","filename":"stocks_etl_dag.py","lineno":24}
{"timestamp":"2026-08-21T08:13:08.053213Z","level":"info","event":"ETL function imported succesfully!","logger":"unusual_prefix_377e48747e3957bb035dd88b74b86ec1d0ec8c25_stocks_etl_dag","filename":"stocks_etl_dag.py","lineno":32}
{"timestamp":"2026-08-21T08:13:08.072182Z","level":"info","event":"DAG loaded sucessfully!","logger":"unusual_prefix_377e48747e3957bb035dd88b74b86ec1d0ec8c25_stocks_etl_dag","filename":"stocks_etl_dag.py","lineno":103}
{"timestamp":"2026-08-21T08:13:39.422405Z","level":"info","event":"Filling up the DagBag from /opt/airflow/dags/stocks_etl_dag.py","logger":"airflow.dag_processing.dagbag.BundleDagBag","filename":"dagbag.py","lineno":460}
{"timestamp":"2026-08-21T08:13:39.886011Z","level":"info","event":"Pyspark imported, version: 3.5.2","logger":"unusual_prefix_377e48747e3957bb035dd88b74b86ec1d0ec8c25_stocks_etl_dag","filename":"stocks_etl_dag.py","lineno":24}
{"timestamp":"2026-08-21T08:13:42.294277Z","level":"info","event":"ETL function imported succesfully!","logger":"unusual_prefix_377e48747e3957bb035dd88b74b86ec1d0ec8c25_stocks_etl_dag","filename":"stocks_etl_dag.py","lineno":32}
{"timestamp":"2026-08-21T08:13:42.304191Z","level":"info","event":"DAG loaded sucessfully!","logger":"unusual_prefix_377e48747e3957bb035dd88b74b86ec1d0ec8c25_stocks_etl_dag","filename":"stocks_etl_dag.py","lineno":103}
{"timestamp":"2026-08-21T08:14:12.930769Z","level":"info","event":"Filling up the DagBag from /opt/airflow/dags/stocks_etl_dag.py","logger":"airflow.dag_processing.dagbag.BundleDagBag","filename":"dagbag.py","lineno":460}
{"timestamp":"2026-08-21T08:14:13.212994Z","level":"info","event":"Pyspark imported, version: 3.5.2","logger":"unusual_prefix_377e48747e3957bb035dd88b74b86ec1d0ec8c25_stocks_etl_dag","filename":"stocks_etl_dag.py","lineno":24}
{"timestamp":"2026-08-21T08:14:14.233521Z","level":"info","event":"ETL function imported succesfully!","logger":"unusual_prefix_377e48747e3957bb035dd88b74b86ec1d0ec8c25_stocks_etl_dag","filename":"stocks_etl_dag.py","lineno":32}
{"timestamp":"2026-08-21T08:14:14.237504Z","level":"info","event":"DAG loaded sucessfully!","logger":"unusual_prefix_377e48747e3957bb035dd88b74b86ec1d0ec8c25_stocks_etl_dag","filename":"stocks_etl_dag.py","lineno":103}
{"timestamp":"2026-08-21T08:14:44.763412Z","level":"info","event":"Filling up the DagBag from /opt/airflow/dags/stocks_etl_dag.py","logger":"airflow.dag_processing.dagbag.BundleDagBag","filename":"dagbag.py","lineno":460}
{"timestamp":"2026-08-21T08:14:44.988992Z","level":"info","event":"Pyspark imported, version: 3.5.2","logger":"unusual_prefix_377e48747e3957bb035dd88b74b86ec1d0ec8c25_stocks_etl_dag","filename":"stocks_etl_dag.py","lineno":24}
{"timestamp":"2026-08-21T08:14:45.648980Z","level":"info","event":"ETL function imported succesfully!","logger":"unusual_prefix_377e48747e3957bb035dd88b74b86ec1d0ec8c25_stocks_etl_dag","filename":"stocks_etl_dag.py","lineno":32}
{"timestamp":"2026-08-21T08:14:45.652448Z","level":"info","event":"DAG loaded sucessfully!","logger":"unusual_prefix_377e48747e3957bb035dd88b74b86ec1d0ec8c25_stocks_etl_dag","filename":"stocks_etl_dag.py","lineno":103}
{"timestamp":"2026-08-21T08:15:16.271320Z","level":"info","event":"Filling up the DagBag from /opt/airflow/dags/stocks_etl_dag.py","logger":"airflow.dag_processing.dagbag.BundleDagBag","filename":"dagbag.py","lineno":460}
{"timestamp":"2026-08-21T08:15:16.593006Z","level":"info","event":"Pyspark imported, version: 3.5.2","logger":"unusual_prefix_377e48747e3957bb035dd88b74b86ec1d0ec8c25_stocks_etl_dag","filename":"stocks_etl_dag.py","lineno":24}
{"timestamp":"2026-08-21T08:15:17.399501Z","level":"info","event":"ETL function imported succesfully!","logger":"unusual_prefix_377e48747e3957bb035dd88b74b86ec1d0ec8c25_stocks_etl_dag","filename":"stocks_etl_dag.py","lineno":32}
{"timestamp":"2026-08-21T08:15:17.403696Z","level":"info","event":"DAG loaded sucessfully!","logger":"unusual_prefix_377e48747e3957bb035dd88b74b86ec1d0ec8c25_stocks_etl_dag","filename":"stocks_etl_dag.py","lineno":103}
{"timestamp":"2026-08-21T08:15:47.929867Z","level":"info","event":"Filling up the DagBag from /opt/airflow/dags/stocks_etl_dag.py","logger":"airflow.dag_processing.dagbag.BundleDagBag","filename":"dagbag.py","lineno":460}
{"timestamp":"2026-08-21T08:15:48.203287Z","level":"info","event":"Pyspark imported, version: 3.5.2","logger":"unusual_prefix_377e48747e3957bb035dd88b74b86ec1d0ec8c25_stocks_etl_dag","filename":"stocks_etl_dag.py","lineno":24}
{"timestamp":"2026-08-21T08:15:49.268076Z","level":"info","event":"ETL function imported succesfully!","logger":"unusual_prefix_377e48747e3957bb035dd88b74b86ec1d0ec8c25_stocks_etl_dag","filename":"stocks_etl_dag.py","lineno":32}
{"timestamp":"2026-08-21T08:15:49.271989Z","level":"info","event":"DAG loaded sucessfully!","logger":"unusual_prefix_377e48747e3957bb035dd88b74b86ec1d0ec8c25_stocks_etl_dag","filename":"stocks_etl_dag.py","lineno":103}
{"timestamp":"2026-08-21T08:16:19.549891Z","level":"info","event":"Filling up the DagBag from /opt/airflow/dags/stocks_etl_dag.py","logger":"airflow.dag_processing.dagbag.BundleDagBag","filename":"dagbag.py","lineno":460}
{"timestamp":"2026-08-21T08:16:19.800482Z","level":"info","event":"Pyspark imported, version: 3.5.2","logger":"unusual_prefix_377e48747e3957bb035dd88b74b86ec1d0ec8c25_stocks_etl_dag","filename":"stocks_etl_dag.py","lineno":24}
{"timestamp":"2026-08-21T08:16:20.578176Z","level":"info","event":"ETL function imported succesfully!","logger":"unusual_prefix_377e48747e3957bb035dd88b74b86ec1d0ec8c25_stocks_etl_dag","filename":"stocks_etl_dag.py","lineno":32}
{"timestamp":"2026-08-21T08:16:20.583654Z","level":"info","event":"DAG loaded sucessfully!","logger":"unusual_prefix_377e48747e3957bb035dd88b74b86ec1d0ec8c25_stocks_etl_dag","filename":"stocks_etl_dag.py","lineno":103}
{"timestamp":"2026-08-21T08:16:51.132116Z","level":"info","event":"Filling up the DagBag from /opt/airflow/dags/stocks_etl_dag.py","logger":"airflow.dag_processing.dagbag.BundleDagBag","filename":"dagbag.py","lineno":460}
{"timestamp":"2026-08-21T08:16:51.503727Z","level":"info","event":"Pyspark imported, version: 3.5.2","logger":"unusual_prefix_377e48747e3957bb035dd88b74b86ec1d0ec8c25_stocks_etl_dag","filename":"stocks_etl_dag.py","lineno":24}
{"timestamp":"2026-08-21T08:16:53.170954Z","level":"info","event":"ETL function imported succesfully!","logger":"unusual_prefix_377e48747e3957bb035dd88b74b86ec1d0ec8c25_stocks_etl_dag","filename":"stocks_etl_dag.py","lineno":32}
{"timestamp":"2026-08-21T08:16:53.176617Z","level":"info","event":"DAG loaded sucessfully!","logger":"unusual_prefix_377e48747e3957bb035dd88b74b86ec1d0ec8c25_stocks_etl_dag","filename":"stocks_etl_dag.py","lineno":103}
{"timestamp":"2026-08-21T08:17:23.703140Z","level":"info","event":"Filling up the DagBag from /opt/airflow/dags/stocks_etl_dag.py","logger":"airflow.dag_processing.dagbag.BundleDagBag","filename":"dagbag.py","lineno":460}
{"timestamp":"2026-08-21T08:17:24.057096Z","level":"info","event":"Pyspark imported, version: 3.5.2","logger":"unusual_prefix_377e48747e3957bb035dd88b74b86ec1d0ec8c25_stocks_etl_dag","filename":"stocks_etl_dag.py","lineno":24}
{"timestamp":"2026-08-21T08:17:25.553721Z","level":"info","event":"ETL function imported succesfully!","logger":"unusual_prefix_377e48747e3957bb035dd88b74b86ec1d0ec8c25_stocks_etl_dag","filename":"stocks_etl_dag.py","lineno":32}
{"timestamp":"2026-08-21T08:17:25.561197Z","level":"info","event":"DAG loaded sucessfully!","logger":"unusual_prefix_377e48747e3957bb035dd88b74b86ec1d0ec8c25_stocks_etl_dag","filename":"stocks_etl_dag.py","lineno":103}
{"timestamp":"2026-08-21T08:17:56.119233Z","level":"info","event":"Filling up the DagBag from /opt/airflow/dags/stocks_etl_dag.py","logger":"airflow.dag_processing.dagbag.BundleDagBag","filename":"dagbag.py","lineno":460}
{"timestamp":"2026-08-21T08:17:56.565795Z","level":"info","event":"Pyspark imported, version: 3.5.2","logger":"unusual_prefix_377e48747e3957bb035dd88b74b86ec1d0ec8c25_stocks_etl_dag","filename":"stocks_etl_dag.py","lineno":24}
{"timestamp":"2026-08-21T08:17:57.784031Z","level":"info","event":"ETL function imported succesfully!","logger":"unusual_prefix_377e48747e3957bb035dd88b74b86ec1d0ec8c25_stocks_etl_dag","filename":"stocks_etl_dag.py","lineno":32}
{"timestamp":"2026-08-21T08:17:57.789355Z","level":"info","event":"DAG loaded sucessfully!","logger":"unusual_prefix_377e48747e3957bb035dd88b74b86ec1d0ec8c25_stocks_etl_dag","filename":"stocks_etl_dag.py","lineno":103}
{"timestamp":"2026-08-21T08:18:28.333638Z","level":"info","event":"Filling up the DagBag from /opt/airflow/dags/stocks_etl_dag.py","logger":"airflow.dag_processing.dagbag.BundleDagBag","filename":"dagbag.py","lineno":460}
{"timestamp":"2026-08-21T08:18:28.814801Z","level":"info","event":"Pyspark imported, version: 3.5.2","logger":"unusual_prefix_377e48747e3957bb035dd88b74b86ec1d0ec8c25_stocks_etl_dag","filename":"stocks_etl_dag.py","lineno":24}
{"timestamp":"2026-08-21T08:18:30.246972Z","level":"info","event":"ETL function imported succesfully!","logger":"unusual_prefix_377e48747e3957bb035dd88b74b86ec1d0ec8c25_stocks_etl_dag","filename":"stocks_etl_dag.py","lineno":32}
{"timestamp":"2026-08-21T08:18:30.257245Z","level":"info","event":"DAG loaded sucessfully!","logger":"unusual_prefix_377e48747e3957bb035dd88b74b86ec1d0ec8c25_stocks_etl_dag","filename":"stocks_etl_dag.py","lineno":103}
{"timestamp":"2026-08-21T08:19:00.894269Z","level":"info","event":"Filling up the DagBag from /opt/airflow/dags/stocks_etl_dag.py","logger":"airflow.dag_processing.dagbag.BundleDagBag","filename":"dagbag.py","lineno":460}
{"timestamp":"2026-08-21T08:19:01.241375Z","level":"info","event":"Pyspark imported, version: 3.5.2","logger":"unusual_prefix_377e48747e3957bb035dd88b74b86ec1d0ec8c25_stocks_etl_dag","filename":"stocks_etl_dag.py","lineno":24}
{"timestamp":"2026-08-21T08:19:02.507716Z","level":"info","event":"ETL function imported succesfully!","logger":"unusual_prefix_377e48747e3957bb035dd88b74b86ec1d0ec8c25_stocks_etl_dag","filename":"stocks_etl_dag.py","lineno":32}
{"timestamp":"2026-08-21T08:19:02.512398Z","level":"info","event":"DAG loaded sucessfully!","logger":"unusual_prefix_377e48747e3957bb035dd88b74b86ec1d0ec8c25_stocks_etl_dag","filename":"stocks_etl_dag.py","lineno":103}
{"timestamp":"2026-08-21T08:19:33.162776Z","level":"info","event":"Filling up the DagBag from /opt/airflow/dags/stocks_etl_dag.py","logger":"airflow.dag_processing.dagbag.BundleDagBag","filename":"dagbag.py","lineno":460}
{"timestamp":"2026-08-21T08:19:33.439182Z","level":"info","event":"Pyspark imported, version: 3.5.2","logger":"unusual_prefix_377e48747e3957bb035dd88b74b86ec1d0ec8c25_stocks_etl_dag","filename":"stocks_etl_dag.py","lineno":24}
{"timestamp":"2026-08-21T08:19:34.327248Z","level":"info","event":"ETL function imported succesfully!","logger":"unusual_prefix_377e48747e3957bb035dd88b74b86ec1d0ec8c25_stocks_etl_dag","filename":"stocks_etl_dag.py","lineno":32}
{"timestamp":"2026-08-21T08:19:34.334388Z","level":"info","event":"DAG loaded sucessfully!","logger":"unusual_prefix_377e48747e3957bb035dd88b74b86ec1d0ec8c25_stocks_etl_dag","filename":"stocks_etl_dag.py","lineno":103}
{"timestamp":"2026-08-21T08:20:04.894363Z","level":"info","event":"Filling up the DagBag from /opt/airflow/dags/stocks_etl_dag.py","logger":"airflow.dag_processing.dagbag.BundleDagBag","filename":"dagbag.py","lineno":460}
{"timestamp":"2026-08-21T08:20:05.093894Z","level":"info","event":"Pyspark imported, version: 3.5.2","logger":"unusual_prefix_377e48747e3957bb035dd88b74b86ec1d0ec8c25_stocks_etl_dag","filename":"stocks_etl_dag.py","lineno":24}
{"timestamp":"2026-08-21T08:20:05.898850Z","level":"info","event":"ETL function imported succesfully!","logger":"unusual_prefix_377e48747e3957bb035dd88b74b86ec1d0ec8c25_stocks_etl_dag","filename":"stocks_etl_dag.py","lineno":32}
{"timestamp":"2026-08-21T08:20:05.902421Z","level":"info","event":"DAG loaded sucessfully!","logger":"unusual_prefix_377e48747e3957bb035dd88b74b86ec1d0ec8c25_stocks_etl_dag","filename":"stocks_etl_dag.py","lineno":103}
{"timestamp":"2026-08-21T08:20:36.590066Z","level":"info","event":"Filling up the DagBag from /opt/airflow/dags/stocks_etl_dag.py","logger":"airflow.dag_processing.dagbag.BundleDagBag","filename":"dagbag.py","lineno":460}
{"timestamp":"2026-08-21T08:20:37.051351Z","level":"info","event":"Pyspark imported, version: 3.5.2","logger":"unusual_prefix_377e48747e3957bb035dd88b74b86ec1d0ec8c25_stocks_etl_dag","filename":"stocks_etl_dag.py","lineno":24}
{"timestamp":"2026-08-21T08:20:39.192923Z","level":"info","event":"ETL function imported succesfully!","logger":"unusual_prefix_377e48747e3957bb035dd88b74b86ec1d0ec8c25_stocks_etl_dag","filename":"stocks_etl_dag.py","lineno":32}
{"timestamp":"2026-08-21T08:20:39.204944Z","level":"info","event":"DAG loaded sucessfully!","logger":"unusual_prefix_377e48747e3957bb035dd88b74b86ec1d0ec8c25_stocks_etl_dag","filename":"stocks_etl_dag.py","lineno":103}
{"timestamp":"2026-08-21T08:21:09.922798Z","level":"info","event":"Filling up the DagBag from /opt/airflow/dags/stocks_etl_dag.py","logger":"airflow.dag_processing.dagbag.BundleDagBag","filename":"dagbag.py","lineno":460}
{"timestamp":"2026-08-21T08:21:10.151095Z","level":"info","event":"Pyspark imported, version: 3.5.2","logger":"unusual_prefix_377e48747e3957bb035dd88b74b86ec1d0ec8c25_stocks_etl_dag","filename":"stocks_etl_dag.py","lineno":24}
{"timestamp":"2026-08-21T08:21:11.136464Z","level":"info","event":"ETL function imported succesfully!","logger":"unusual_prefix_377e48747e3957bb035dd88b74b86ec1d0ec8c25_stocks_etl_dag","filename":"stocks_etl_dag.py","lineno":32}
{"timestamp":"2026-08-21T08:21:11.142035Z","level":"info","event":"DAG loaded sucessfully!","logger":"unusual_prefix_377e48747e3957bb035dd88b74b86ec1d0ec8c25_stocks_etl_dag","filename":"stocks_etl_dag.py","lineno":103}
{"timestamp":"2026-08-21T08:21:41.718653Z","level":"info","event":"Filling up the DagBag from /opt/airflow/dags/stocks_etl_dag.py","logger":"airflow.dag_processing.dagbag.BundleDagBag","filename":"dagbag.py","lineno":460}
{"timestamp":"2026-08-21T08:21:42.244860Z","level":"info","event":"Pyspark imported, version: 3.5.2","logger":"unusual_prefix_377e48747e3957bb035dd88b74b86ec1d0ec8c25_stocks_etl_dag","filename":"stocks_etl_dag.py","lineno":24}
{"timestamp":"2026-08-21T08:21:44.703297Z","level":"info","event":"ETL function imported succesfully!","logger":"unusual_prefix_377e48747e3957bb035dd88b74b86ec1d0ec8c25_stocks_etl_dag","filename":"stocks_etl_dag.py","lineno":32}
{"timestamp":"2026-08-21T08:21:44.712958Z","level":"info","event":"DAG loaded sucessfully!","logger":"unusual_prefix_377e48747e3957bb035dd88b74b86ec1d0ec8c25_stocks_etl_dag","filename":"stocks_etl_dag.py","lineno":103}
{"timestamp":"2026-08-21T08:22:15.260572Z","level":"info","event":"Filling up the DagBag from /opt/airflow/dags/stocks_etl_dag.py","logger":"airflow.dag_processing.dagbag.BundleDagBag","filename":"dagbag.py","lineno":460}
{"timestamp":"2026-08-21T08:22:15.593162Z","level":"info","event":"Pyspark imported, version: 3.5.2","logger":"unusual_prefix_377e48747e3957bb035dd88b74b86ec1d0ec8c25_stocks_etl_dag","filename":"stocks_etl_dag.py","lineno":24}
{"timestamp":"2026-08-21T08:22:17.103542Z","level":"info","event":"ETL function imported succesfully!","logger":"unusual_prefix_377e48747e3957bb035dd88b74b86ec1d0ec8c25_stocks_etl_dag","filename":"stocks_etl_dag.py","lineno":32}
{"timestamp":"2026-08-21T08:22:17.122995Z","level":"info","event":"DAG loaded sucessfully!","logger":"unusual_prefix_377e48747e3957bb035dd88b74b86ec1d0ec8c25_stocks_etl_dag","filename":"stocks_etl_dag.py","lineno":103}
{"timestamp":"2026-08-21T08:22:47.273711Z","level":"info","event":"Filling up the DagBag from /opt/airflow/dags/stocks_etl_dag.py","logger":"airflow.dag_processing.dagbag.BundleDagBag","filename":"dagbag.py","lineno":460}
{"timestamp":"2026-08-21T08:22:47.522964Z","level":"info","event":"Pyspark imported, version: 3.5.2","logger":"unusual_prefix_377e48747e3957bb035dd88b74b86ec1d0ec8c25_stocks_etl_dag","filename":"stocks_etl_dag.py","lineno":24}
{"timestamp":"2026-08-21T08:22:48.635131Z","level":"info","event":"ETL function imported succesfully!","logger":"unusual_prefix_377e48747e3957bb035dd88b74b86ec1d0ec8c25_stocks_etl_dag","filename":"stocks_etl_dag.py","lineno":32}
{"timestamp":"2026-08-21T08:22:48.648826Z","level":"info","event":"DAG loaded sucessfully!","logger":"unusual_prefix_377e48747e3957bb035dd88b74b86ec1d0ec8c25_stocks_etl_dag","filename":"stocks_etl_dag.py","lineno":103}
{"timestamp":"2026-08-21T08:23:19.267015Z","level":"info","event":"Filling up the DagBag from /opt/airflow/dags/stocks_etl_dag.py","logger":"airflow.dag_processing.dagbag.BundleDagBag","filename":"dagbag.py","lineno":460}
{"timestamp":"2026-08-21T08:23:19.521422Z","level":"info","event":"Pyspark imported, version: 3.5.2","logger":"unusual_prefix_377e48747e3957bb035dd88b74b86ec1d0ec8c25_stocks_etl_dag","filename":"stocks_etl_dag.py","lineno":24}
{"timestamp":"2026-08-21T08:23:20.408538Z","level":"info","event":"ETL function imported succesfully!","logger":"unusual_prefix_377e48747e3957bb035dd88b74b86ec1d0ec8c25_stocks_etl_dag","filename":"stocks_etl_dag.py","lineno":32}
{"timestamp":"2026-08-21T08:23:20.430390Z","level":"info","event":"DAG loaded sucessfully!","logger":"unusual_prefix_377e48747e3957bb035dd88b74b86ec1d0ec8c25_stocks_etl_dag","filename":"stocks_etl_dag.py","lineno":103}
{"timestamp":"2026-08-21T08:23:50.942001Z","level":"info","event":"Filling up the DagBag from /opt/airflow/dags/stocks_etl_dag.py","logger":"airflow.dag_processing.dagbag.BundleDagBag","filename":"dagbag.py","lineno":460}
{"timestamp":"2026-08-21T08:23:51.222500Z","level":"info","event":"Pyspark imported, version: 3.5.2","logger":"unusual_prefix_377e48747e3957bb035dd88b74b86ec1d0ec8c25_stocks_etl_dag","filename":"stocks_etl_dag.py","lineno":24}
{"timestamp":"2026-08-21T08:23:52.018639Z","level":"info","event":"ETL function imported succesfully!","logger":"unusual_prefix_377e48747e3957bb035dd88b74b86ec1d0ec8c25_stocks_etl_dag","filename":"stocks_etl_dag.py","lineno":32}
{"timestamp":"2026-08-21T08:23:52.022435Z","level":"info","event":"DAG loaded sucessfully!","logger":"unusual_prefix_377e48747e3957bb035dd88b74b86ec1d0ec8c25_stocks_etl_dag","filename":"stocks_etl_dag.py","lineno":103}
{"timestamp":"2026-08-21T08:24:22.612304Z","level":"info","event":"Filling up the DagBag from /opt/airflow/dags/stocks_etl_dag.py","logger":"airflow.dag_processing.dagbag.BundleDagBag","filename":"dagbag.py","lineno":460}
{"timestamp":"2026-08-21T08:24:22.921335Z","level":"info","event":"Pyspark imported, version: 3.5.2","logger":"unusual_prefix_377e48747e3957bb035dd88b74b86ec1d0ec8c25_stocks_etl_dag","filename":"stocks_etl_dag.py","lineno":24}
{"timestamp":"2026-08-21T08:24:24.902106Z","level":"info","event":"ETL function imported succesfully!","logger":"unusual_prefix_377e48747e3957bb035dd88b74b86ec1d0ec8c25_stocks_etl_dag","filename":"stocks_etl_dag.py","lineno":32}
{"timestamp":"2026-08-21T08:24:24.913333Z","level":"info","event":"DAG loaded sucessfully!","logger":"unusual_prefix_377e48747e3957bb035dd88b74b86ec1d0ec8c25_stocks_etl_dag","filename":"stocks_etl_dag.py","lineno":103}
{"timestamp":"2026-08-21T08:24:55.446826Z","level":"info","event":"Filling up the DagBag from /opt/airflow/dags/stocks_etl_dag.py","logger":"airflow.dag_processing.dagbag.BundleDagBag","filename":"dagbag.py","lineno":460}
{"timestamp":"2026-08-21T08:24:55.753545Z","level":"info","event":"Pyspark imported, version: 3.5.2","logger":"unusual_prefix_377e48747e3957bb035dd88b74b86ec1d0ec8c25_stocks_etl_dag","filename":"stocks_etl_dag.py","lineno":24}
{"timestamp":"2026-08-21T08:24:57.210959Z","level":"info","event":"ETL function imported succesfully!","logger":"unusual_prefix_377e48747e3957bb035dd88b74b86ec1d0ec8c25_stocks_etl_dag","filename":"stocks_etl_dag.py","lineno":32}
{"timestamp":"2026-08-21T08:24:57.218365Z","level":"info","event":"DAG loaded sucessfully!","logger":"unusual_prefix_377e48747e3957bb035dd88b74b86ec1d0ec8c25_stocks_etl_dag","filename":"stocks_etl_dag.py","lineno":103}
{"timestamp":"2026-08-21T08:25:27.812348Z","level":"info","event":"Filling up the DagBag from /opt/airflow/dags/stocks_etl_dag.py","logger":"airflow.dag_processing.dagbag.BundleDagBag","filename":"dagbag.py","lineno":460}
{"timestamp":"2026-08-21T08:25:28.064225Z","level":"info","event":"Pyspark imported, version: 3.5.2","logger":"unusual_prefix_377e48747e3957bb035dd88b74b86ec1d0ec8c25_stocks_etl_dag","filename":"stocks_etl_dag.py","lineno":24}
{"timestamp":"2026-08-21T08:25:29.490280Z","level":"info","event":"ETL function imported succesfully!","logger":"unusual_prefix_377e48747e3957bb035dd88b74b86ec1d0ec8c25_stocks_etl_dag","filename":"stocks_etl_dag.py","lineno":32}
{"timestamp":"2026-08-21T08:25:29.494586Z","level":"info","event":"DAG loaded sucessfully!","logger":"unusual_prefix_377e48747e3957bb035dd88b74b86ec1d0ec8c25_stocks_etl_dag","filename":"stocks_etl_dag.py","lineno":103}
{"timestamp":"2026-08-21T08:26:00.085213Z","level":"info","event":"Filling up the DagBag from /opt/airflow/dags/stocks_etl_dag.py","logger":"airflow.dag_processing.dagbag.BundleDagBag","filename":"dagbag.py","lineno":460}
{"timestamp":"2026-08-21T08:26:00.341551Z","level":"info","event":"Pyspark imported, version: 3.5.2","logger":"unusual_prefix_377e48747e3957bb035dd88b74b86ec1d0ec8c25_stocks_etl_dag","filename":"stocks_etl_dag.py","lineno":24}
{"timestamp":"2026-08-21T08:26:01.404403Z","level":"info","event":"ETL function imported succesfully!","logger":"unusual_prefix_377e48747e3957bb035dd88b74b86ec1d0ec8c25_stocks_etl_dag","filename":"stocks_etl_dag.py","lineno":32}
{"timestamp":"2026-08-21T08:26:01.410748Z","level":"info","event":"DAG loaded sucessfully!","logger":"unusual_prefix_377e48747e3957bb035dd88b74b86ec1d0ec8c25_stocks_etl_dag","filename":"stocks_etl_dag.py","lineno":103}
{"timestamp":"2026-08-21T08:26:32.200387Z","level":"info","event":"Filling up the DagBag from /opt/airflow/dags/stocks_etl_dag.py","logger":"airflow.dag_processing.dagbag.BundleDagBag","filename":"dagbag.py","lineno":460}
{"timestamp":"2026-08-21T08:26:33.029188Z","level":"info","event":"Pyspark imported, version: 3.5.2","logger":"unusual_prefix_377e48747e3957bb035dd88b74b86ec1d0ec8c25_stocks_etl_dag","filename":"stocks_etl_dag.py","lineno":24}
{"timestamp":"2026-08-21T08:26:35.011486Z","level":"info","event":"ETL function imported succesfully!","logger":"unusual_prefix_377e48747e3957bb035dd88b74b86ec1d0ec8c25_stocks_etl_dag","filename":"stocks_etl_dag.py","lineno":32}
{"timestamp":"2026-08-21T08:26:35.020099Z","level":"info","event":"DAG loaded sucessfully!","logger":"unusual_prefix_377e48747e3957bb035dd88b74b86ec1d0ec8c25_stocks_etl_dag","filename":"stocks_etl_dag.py","lineno":103}
{"timestamp":"2026-08-21T08:27:05.663922Z","level":"info","event":"Filling up the DagBag from /opt/airflow/dags/stocks_etl_dag.py","logger":"airflow.dag_processing.dagbag.BundleDagBag","filename":"dagbag.py","lineno":460}
{"timestamp":"2026-08-21T08:27:05.901812Z","level":"info","event":"Pyspark imported, version: 3.5.2","logger":"unusual_prefix_377e48747e3957bb035dd88b74b86ec1d0ec8c25_stocks_etl_dag","filename":"stocks_etl_dag.py","lineno":24}
{"timestamp":"2026-08-21T08:27:06.892161Z","level":"info","event":"ETL function imported succesfully!","logger":"unusual_prefix_377e48747e3957bb035dd88b74b86ec1d0ec8c25_stocks_etl_dag","filename":"stocks_etl_dag.py","lineno":32}
{"timestamp":"2026-08-21T08:27:06.912965Z","level":"info","event":"DAG loaded sucessfully!","logger":"unusual_prefix_377e48747e3957bb035dd88b74b86ec1d0ec8c25_stocks_etl_dag","filename":"stocks_etl_dag.py","lineno":103}
{"timestamp":"2026-08-21T08:27:37.591199Z","level":"info","event":"Filling up the DagBag from /opt/airflow/dags/stocks_etl_dag.py","logger":"airflow.dag_processing.dagbag.BundleDagBag","filename":"dagbag.py","lineno":460}
{"timestamp":"2026-08-21T08:27:37.874535Z","level":"info","event":"Pyspark imported, version: 3.5.2","logger":"unusual_prefix_377e48747e3957bb035dd88b74b86ec1d0ec8c25_stocks_etl_dag","filename":"stocks_etl_dag.py","lineno":24}
{"timestamp":"2026-08-21T08:27:39.346046Z","level":"info","event":"ETL function imported succesfully!","logger":"unusual_prefix_377e48747e3957bb035dd88b74b86ec1d0ec8c25_stocks_etl_dag","filename":"stocks_etl_dag.py","lineno":32}
{"timestamp":"2026-08-21T08:27:39.351960Z","level":"info","event":"DAG loaded sucessfully!","logger":"unusual_prefix_377e48747e3957bb035dd88b74b86ec1d0ec8c25_stocks_etl_dag","filename":"stocks_etl_dag.py","lineno":103}
{"timestamp":"2026-08-21T08:28:09.982240Z","level":"info","event":"Filling up the DagBag from /opt/airflow/dags/stocks_etl_dag.py","logger":"airflow.dag_processing.dagbag.BundleDagBag","filename":"dagbag.py","lineno":460}
{"timestamp":"2026-08-21T08:28:10.220182Z","level":"info","event":"Pyspark imported, version: 3.5.2","logger":"unusual_prefix_377e48747e3957bb035dd88b74b86ec1d0ec8c25_stocks_etl_dag","filename":"stocks_etl_dag.py","lineno":24}
{"timestamp":"2026-08-21T08:28:11.042775Z","level":"info","event":"ETL function imported succesfully!","logger":"unusual_prefix_377e48747e3957bb035dd88b74b86ec1d0ec8c25_stocks_etl_dag","filename":"stocks_etl_dag.py","lineno":32}
{"timestamp":"2026-08-21T08:28:11.066338Z","level":"info","event":"DAG loaded sucessfully!","logger":"unusual_prefix_377e48747e3957bb035dd88b74b86ec1d0ec8c25_stocks_etl_dag","filename":"stocks_etl_dag.py","lineno":103}
{"timestamp":"2026-08-21T08:28:41.795937Z","level":"info","event":"Filling up the DagBag from /opt/airflow/dags/stocks_etl_dag.py","logger":"airflow.dag_processing.dagbag.BundleDagBag","filename":"dagbag.py","lineno":460}
{"timestamp":"2026-08-21T08:28:42.202814Z","level":"info","event":"Pyspark imported, version: 3.5.2","logger":"unusual_prefix_377e48747e3957bb035dd88b74b86ec1d0ec8c25_stocks_etl_dag","filename":"stocks_etl_dag.py","lineno":24}
{"timestamp":"2026-08-21T08:28:43.411998Z","level":"info","event":"ETL function imported succesfully!","logger":"unusual_prefix_377e48747e3957bb035dd88b74b86ec1d0ec8c25_stocks_etl_dag","filename":"stocks_etl_dag.py","lineno":32}
{"timestamp":"2026-08-21T08:28:43.419511Z","level":"info","event":"DAG loaded sucessfully!","logger":"unusual_prefix_377e48747e3957bb035dd88b74b86ec1d0ec8c25_stocks_etl_dag","filename":"stocks_etl_dag.py","lineno":103}
{"timestamp":"2026-08-21T08:29:14.103431Z","level":"info","event":"Filling up the DagBag from /opt/airflow/dags/stocks_etl_dag.py","logger":"airflow.dag_processing.dagbag.BundleDagBag","filename":"dagbag.py","lineno":460}
{"timestamp":"2026-08-21T08:29:14.341035Z","level":"info","event":"Pyspark imported, version: 3.5.2","logger":"unusual_prefix_377e48747e3957bb035dd88b74b86ec1d0ec8c25_stocks_etl_dag","filename":"stocks_etl_dag.py","lineno":24}
{"timestamp":"2026-08-21T08:29:15.475343Z","level":"info","event":"ETL function imported succesfully!","logger":"unusual_prefix_377e48747e3957bb035dd88b74b86ec1d0ec8c25_stocks_etl_dag","filename":"stocks_etl_dag.py","lineno":32}
{"timestamp":"2026-08-21T08:29:15.485862Z","level":"info","event":"DAG loaded sucessfully!","logger":"unusual_prefix_377e48747e3957bb035dd88b74b86ec1d0ec8c25_stocks_etl_dag","filename":"stocks_etl_dag.py","lineno":103}
{"timestamp":"2026-08-21T08:29:45.932929Z","level":"info","event":"Filling up the DagBag from /opt/airflow/dags/stocks_etl_dag.py","logger":"airflow.dag_processing.dagbag.BundleDagBag","filename":"dagbag.py","lineno":460}
{"timestamp":"2026-08-21T08:29:46.163211Z","level":"info","event":"Pyspark imported, version: 3.5.2","logger":"unusual_prefix_377e48747e3957bb035dd88b74b86ec1d0ec8c25_stocks_etl_dag","filename":"stocks_etl_dag.py","lineno":24}
{"timestamp":"2026-08-21T08:29:46.983186Z","level":"info","event":"ETL function imported succesfully!","logger":"unusual_prefix_377e48747e3957bb035dd88b74b86ec1d0ec8c25_stocks_etl_dag","filename":"stocks_etl_dag.py","lineno":32}
{"timestamp":"2026-08-21T08:29:46.991349Z","level":"info","event":"DAG loaded sucessfully!","logger":"unusual_prefix_377e48747e3957bb035dd88b74b86ec1d0ec8c25_stocks_etl_dag","filename":"stocks_etl_dag.py","lineno":103}
{"timestamp":"2026-08-21T08:30:17.512246Z","level":"info","event":"Filling up the DagBag from /opt/airflow/dags/stocks_etl_dag.py","logger":"airflow.dag_processing.dagbag.BundleDagBag","filename":"dagbag.py","lineno":460}
{"timestamp":"2026-08-21T08:30:17.736689Z","level":"info","event":"Pyspark imported, version: 3.5.2","logger":"unusual_prefix_377e48747e3957bb035dd88b74b86ec1d0ec8c25_stocks_etl_dag","filename":"stocks_etl_dag.py","lineno":24}
{"timestamp":"2026-08-21T08:30:18.472715Z","level":"info","event":"ETL function imported succesfully!","logger":"unusual_prefix_377e48747e3957bb035dd88b74b86ec1d0ec8c25_stocks_etl_dag","filename":"stocks_etl_dag.py","lineno":32}
{"timestamp":"2026-08-21T08:30:18.476779Z","level":"info","event":"DAG loaded sucessfully!","logger":"unusual_prefix_377e48747e3957bb035dd88b74b86ec1d0ec8c25_stocks_etl_dag","filename":"stocks_etl_dag.py","lineno":103}
{"timestamp":"2026-08-21T08:30:49.043256Z","level":"info","event":"Filling up the DagBag from /opt/airflow/dags/stocks_etl_dag.py","logger":"airflow.dag_processing.dagbag.BundleDagBag","filename":"dagbag.py","lineno":460}
{"timestamp":"2026-08-21T08:30:49.422563Z","level":"info","event":"Pyspark imported, version: 3.5.2","logger":"unusual_prefix_377e48747e3957bb035dd88b74b86ec1d0ec8c25_stocks_etl_dag","filename":"stocks_etl_dag.py","lineno":24}
{"timestamp":"2026-08-21T08:30:50.523724Z","level":"info","event":"ETL function imported succesfully!","logger":"unusual_prefix_377e48747e3957bb035dd88b74b86ec1d0ec8c25_stocks_etl_dag","filename":"stocks_etl_dag.py","lineno":32}
{"timestamp":"2026-08-21T08:30:50.529541Z","level":"info","event":"DAG loaded sucessfully!","logger":"unusual_prefix_377e48747e3957bb035dd88b74b86ec1d0ec8c25_stocks_etl_dag","filename":"stocks_etl_dag.py","lineno":103}
{"timestamp":"2026-08-21T08:31:20.981176Z","level":"info","event":"Filling up the DagBag from /opt/airflow/dags/stocks_etl_dag.py","logger":"airflow.dag_processing.dagbag.BundleDagBag","filename":"dagbag.py","lineno":460}
{"timestamp":"2026-08-21T08:31:21.349627Z","level":"info","event":"Pyspark imported, version: 3.5.2","logger":"unusual_prefix_377e48747e3957bb035dd88b74b86ec1d0ec8c25_stocks_etl_dag","filename":"stocks_etl_dag.py","lineno":24}
{"timestamp":"2026-08-21T08:31:22.684595Z","level":"info","event":"ETL function imported succesfully!","logger":"unusual_prefix_377e48747e3957bb035dd88b74b86ec1d0ec8c25_stocks_etl_dag","filename":"stocks_etl_dag.py","lineno":32}
{"timestamp":"2026-08-21T08:31:22.691262Z","level":"info","event":"DAG loaded sucessfully!","logger":"unusual_prefix_377e48747e3957bb035dd88b74b86ec1d0ec8c25_stocks_etl_dag","filename":"stocks_etl_dag.py","lineno":103}
{"timestamp":"2026-08-21T08:31:53.300065Z","level":"info","event":"Filling up the DagBag from /opt/airflow/dags/stocks_etl_dag.py","logger":"airflow.dag_processing.dagbag.BundleDagBag","filename":"dagbag.py","lineno":460}
{"timestamp":"2026-08-21T08:31:53.595694Z","level":"info","event":"Pyspark imported, version: 3.5.2","logger":"unusual_prefix_377e48747e3957bb035dd88b74b86ec1d0ec8c25_stocks_etl_dag","filename":"stocks_etl_dag.py","lineno":24}
{"timestamp":"2026-08-21T08:31:54.616501Z","level":"info","event":"ETL function imported succesfully!","logger":"unusual_prefix_377e48747e3957bb035dd88b74b86ec1d0ec8c25_stocks_etl_dag","filename":"stocks_etl_dag.py","lineno":32}
{"timestamp":"2026-08-21T08:31:54.622891Z","level":"info","event":"DAG loaded sucessfully!","logger":"unusual_prefix_377e48747e3957bb035dd88b74b86ec1d0ec8c25_stocks_etl_dag","filename":"stocks_etl_dag.py","lineno":103}
{"timestamp":"2026-08-21T08:32:25.069284Z","level":"info","event":"Filling up the DagBag from /opt/airflow/dags/stocks_etl_dag.py","logger":"airflow.dag_processing.dagbag.BundleDagBag","filename":"dagbag.py","lineno":460}
{"timestamp":"2026-08-21T08:32:25.449693Z","level":"info","event":"Pyspark imported, version: 3.5.2","logger":"unusual_prefix_377e48747e3957bb035dd88b74b86ec1d0ec8c25_stocks_etl_dag","filename":"stocks_etl_dag.py","lineno":24}
{"timestamp":"2026-08-21T08:32:26.417949Z","level":"info","event":"ETL function imported succesfully!","logger":"unusual_prefix_377e48747e3957bb035dd88b74b86ec1d0ec8c25_stocks_etl_dag","filename":"stocks_etl_dag.py","lineno":32}
{"timestamp":"2026-08-21T08:32:26.423759Z","level":"info","event":"DAG loaded sucessfully!","logger":"unusual_prefix_377e48747e3957bb035dd88b74b86ec1d0ec8c25_stocks_etl_dag","filename":"stocks_etl_dag.py","lineno":103}
{"timestamp":"2026-08-21T08:32:56.950193Z","level":"info","event":"Filling up the DagBag from /opt/airflow/dags/stocks_etl_dag.py","logger":"airflow.dag_processing.dagbag.BundleDagBag","filename":"dagbag.py","lineno":460}
{"timestamp":"2026-08-21T08:32:57.306075Z","level":"info","event":"Pyspark imported, version: 3.5.2","logger":"unusual_prefix_377e48747e3957bb035dd88b74b86ec1d0ec8c25_stocks_etl_dag","filename":"stocks_etl_dag.py","lineno":24}
{"timestamp":"2026-08-21T08:32:58.296121Z","level":"info","event":"ETL function imported succesfully!","logger":"unusual_prefix_377e48747e3957bb035dd88b74b86ec1d0ec8c25_stocks_etl_dag","filename":"stocks_etl_dag.py","lineno":32}
{"timestamp":"2026-08-21T08:32:58.303050Z","level":"info","event":"DAG loaded sucessfully!","logger":"unusual_prefix_377e48747e3957bb035dd88b74b86ec1d0ec8c25_stocks_etl_dag","filename":"stocks_etl_dag.py","lineno":103}
{"timestamp":"2026-08-21T08:33:28.769215Z","level":"info","event":"Filling up the DagBag from /opt/airflow/dags/stocks_etl_dag.py","logger":"airflow.dag_processing.dagbag.BundleDagBag","filename":"dagbag.py","lineno":460}
{"timestamp":"2026-08-21T08:33:29.135078Z","level":"info","event":"Pyspark imported, version: 3.5.2","logger":"unusual_prefix_377e48747e3957bb035dd88b74b86ec1d0ec8c25_stocks_etl_dag","filename":"stocks_etl_dag.py","lineno":24}
{"timestamp":"2026-08-21T08:33:29.893232Z","level":"info","event":"ETL function imported succesfully!","logger":"unusual_prefix_377e48747e3957bb035dd88b74b86ec1d0ec8c25_stocks_etl_dag","filename":"stocks_etl_dag.py","lineno":32}
{"timestamp":"2026-08-21T08:33:29.896878Z","level":"info","event":"DAG loaded sucessfully!","logger":"unusual_prefix_377e48747e3957bb035dd88b74b86ec1d0ec8c25_stocks_etl_dag","filename":"stocks_etl_dag.py","lineno":103}
{"timestamp":"2026-08-21T08:34:00.430665Z","level":"info","event":"Filling up the DagBag from /opt/airflow/dags/stocks_etl_dag.py","logger":"airflow.dag_processing.dagbag.BundleDagBag","filename":"dagbag.py","lineno":460}
{"timestamp":"2026-08-21T08:34:00.938838Z","level":"info","event":"Pyspark imported, version: 3.5.2","logger":"unusual_prefix_377e48747e3957bb035dd88b74b86ec1d0ec8c25_stocks_etl_dag","filename":"stocks_etl_dag.py","lineno":24}
{"timestamp":"2026-08-21T08:34:02.330233Z","level":"info","event":"ETL function imported succesfully!","logger":"unusual_prefix_377e48747e3957bb035dd88b74b86ec1d0ec8c25_stocks_etl_dag","filename":"stocks_etl_dag.py","lineno":32}
{"timestamp":"2026-08-21T08:34:02.337466Z","level":"info","event":"DAG loaded sucessfully!","logger":"unusual_prefix_377e48747e3957bb035dd88b74b86ec1d0ec8c25_stocks_etl_dag","filename":"stocks_etl_dag.py","lineno":103}
{"timestamp":"2026-08-21T08:34:32.944757Z","level":"info","event":"Filling up the DagBag from /opt/airflow/dags/stocks_etl_dag.py","logger":"airflow.dag_processing.dagbag.BundleDagBag","filename":"dagbag.py","lineno":460}
{"timestamp":"2026-08-21T08:34:33.254161Z","level":"info","event":"Pyspark imported, version: 3.5.2","logger":"unusual_prefix_377e48747e3957bb035dd88b74b86ec1d0ec8c25_stocks_etl_dag","filename":"stocks_etl_dag.py","lineno":24}
{"timestamp":"2026-08-21T08:34:34.141200Z","level":"info","event":"ETL function imported succesfully!","logger":"unusual_prefix_377e48747e3957bb035dd88b74b86ec1d0ec8c25_stocks_etl_dag","filename":"stocks_etl_dag.py","lineno":32}
{"timestamp":"2026-08-21T08:34:34.146217Z","level":"info","event":"DAG loaded sucessfully!","logger":"unusual_prefix_377e48747e3957bb035dd88b74b86ec1d0ec8c25_stocks_etl_dag","filename":"stocks_etl_dag.py","lineno":103}
{"timestamp":"2026-08-21T08:35:04.750643Z","level":"info","event":"Filling up the DagBag from /opt/airflow/dags/stocks_etl_dag.py","logger":"airflow.dag_processing.dagbag.BundleDagBag","filename":"dagbag.py","lineno":460}
{"timestamp":"2026-08-21T08:35:05.035005Z","level":"info","event":"Pyspark imported, version: 3.5.2","logger":"unusual_prefix_377e48747e3957bb035dd88b74b86ec1d0ec8c25_stocks_etl_dag","filename":"stocks_etl_dag.py","lineno":24}
{"timestamp":"2026-08-21T08:35:05.860988Z","level":"info","event":"ETL function imported succesfully!","logger":"unusual_prefix_377e48747e3957bb035dd88b74b86ec1d0ec8c25_stocks_etl_dag","filename":"stocks_etl_dag.py","lineno":32}
{"timestamp":"2026-08-21T08:35:05.866502Z","level":"info","event":"DAG loaded sucessfully!","logger":"unusual_prefix_377e48747e3957bb035dd88b74b86ec1d0ec8c25_stocks_etl_dag","filename":"stocks_etl_dag.py","lineno":103}
{"timestamp":"2026-08-21T08:35:36.449510Z","level":"info","event":"Filling up the DagBag from /opt/airflow/dags/stocks_etl_dag.py","logger":"airflow.dag_processing.dagbag.BundleDagBag","filename":"dagbag.py","lineno":460}
{"timestamp":"2026-08-21T08:35:36.877463Z","level":"info","event":"Pyspark imported, version: 3.5.2","logger":"unusual_prefix_377e48747e3957bb035dd88b74b86ec1d0ec8c25_stocks_etl_dag","filename":"stocks_etl_dag.py","lineno":24}
{"timestamp":"2026-08-21T08:35:38.098816Z","level":"info","event":"ETL function imported succesfully!","logger":"unusual_prefix_377e48747e3957bb035dd88b74b86ec1d0ec8c25_stocks_etl_dag","filename":"stocks_etl_dag.py","lineno":32}
{"timestamp":"2026-08-21T08:35:38.104907Z","level":"info","event":"DAG loaded sucessfully!","logger":"unusual_prefix_377e48747e3957bb035dd88b74b86ec1d0ec8c25_stocks_etl_dag","filename":"stocks_etl_dag.py","lineno":103}
{"timestamp":"2026-08-21T08:36:08.741702Z","level":"info","event":"Filling up the DagBag from /opt/airflow/dags/stocks_etl_dag.py","logger":"airflow.dag_processing.dagbag.BundleDagBag","filename":"dagbag.py","lineno":460}
{"timestamp":"2026-08-21T08:36:09.120444Z","level":"info","event":"Pyspark imported, version: 3.5.2","logger":"unusual_prefix_377e48747e3957bb035dd88b74b86ec1d0ec8c25_stocks_etl_dag","filename":"stocks_etl_dag.py","lineno":24}
{"timestamp":"2026-08-21T08:36:10.379943Z","level":"info","event":"ETL function imported succesfully!","logger":"unusual_prefix_377e48747e3957bb035dd88b74b86ec1d0ec8c25_stocks_etl_dag","filename":"stocks_etl_dag.py","lineno":32}
{"timestamp":"2026-08-21T08:36:10.385030Z","level":"info","event":"DAG loaded sucessfully!","logger":"unusual_prefix_377e48747e3957bb035dd88b74b86ec1d0ec8c25_stocks_etl_dag","filename":"stocks_etl_dag.py","lineno":103}
{"timestamp":"2026-08-21T08:36:40.918439Z","level":"info","event":"Filling up the DagBag from /opt/airflow/dags/stocks_etl_dag.py","logger":"airflow.dag_processing.dagbag.BundleDagBag","filename":"dagbag.py","lineno":460}
{"timestamp":"2026-08-21T08:36:41.241259Z","level":"info","event":"Pyspark imported, version: 3.5.2","logger":"unusual_prefix_377e48747e3957bb035dd88b74b86ec1d0ec8c25_stocks_etl_dag","filename":"stocks_etl_dag.py","lineno":24}
{"timestamp":"2026-08-21T08:36:42.554153Z","level":"info","event":"ETL function imported succesfully!","logger":"unusual_prefix_377e48747e3957bb035dd88b74b86ec1d0ec8c25_stocks_etl_dag","filename":"stocks_etl_dag.py","lineno":32}
{"timestamp":"2026-08-21T08:36:42.562551Z","level":"info","event":"DAG loaded sucessfully!","logger":"unusual_prefix_377e48747e3957bb035dd88b74b86ec1d0ec8c25_stocks_etl_dag","filename":"stocks_etl_dag.py","lineno":103}
{"timestamp":"2026-08-21T08:37:13.150288Z","level":"info","event":"Filling up the DagBag from /opt/airflow/dags/stocks_etl_dag.py","logger":"airflow.dag_processing.dagbag.BundleDagBag","filename":"dagbag.py","lineno":460}
{"timestamp":"2026-08-21T08:37:13.392334Z","level":"info","event":"Pyspark imported, version: 3.5.2","logger":"unusual_prefix_377e48747e3957bb035dd88b74b86ec1d0ec8c25_stocks_etl_dag","filename":"stocks_etl_dag.py","lineno":24}
{"timestamp":"2026-08-21T08:37:14.248600Z","level":"info","event":"ETL function imported succesfully!","logger":"unusual_prefix_377e48747e3957bb035dd88b74b86ec1d0ec8c25_stocks_etl_dag","filename":"stocks_etl_dag.py","lineno":32}
{"timestamp":"2026-08-21T08:37:14.252932Z","level":"info","event":"DAG loaded sucessfully!","logger":"unusual_prefix_377e48747e3957bb035dd88b74b86ec1d0ec8c25_stocks_etl_dag","filename":"stocks_etl_dag.py","lineno":103}
{"timestamp":"2026-08-21T08:37:44.788525Z","level":"info","event":"Filling up the DagBag from /opt/airflow/dags/stocks_etl_dag.py","logger":"airflow.dag_processing.dagbag.BundleDagBag","filename":"dagbag.py","lineno":460}
{"timestamp":"2026-08-21T08:37:45.096616Z","level":"info","event":"Pyspark imported, version: 3.5.2","logger":"unusual_prefix_377e48747e3957bb035dd88b74b86ec1d0ec8c25_stocks_etl_dag","filename":"stocks_etl_dag.py","lineno":24}
{"timestamp":"2026-08-21T08:37:46.175196Z","level":"info","event":"ETL function imported succesfully!","logger":"unusual_prefix_377e48747e3957bb035dd88b74b86ec1d0ec8c25_stocks_etl_dag","filename":"stocks_etl_dag.py","lineno":32}
{"timestamp":"2026-08-21T08:37:46.181562Z","level":"info","event":"DAG loaded sucessfully!","logger":"unusual_prefix_377e48747e3957bb035dd88b74b86ec1d0ec8c25_stocks_etl_dag","filename":"stocks_etl_dag.py","lineno":103}
{"timestamp":"2026-08-21T08:38:16.633949Z","level":"info","event":"Filling up the DagBag from /opt/airflow/dags/stocks_etl_dag.py","logger":"airflow.dag_processing.dagbag.BundleDagBag","filename":"dagbag.py","lineno":460}
{"timestamp":"2026-08-21T08:38:16.932256Z","level":"info","event":"Pyspark imported, version: 3.5.2","logger":"unusual_prefix_377e48747e3957bb035dd88b74b86ec1d0ec8c25_stocks_etl_dag","filename":"stocks_etl_dag.py","lineno":24}
{"timestamp":"2026-08-21T08:38:18.102703Z","level":"info","event":"ETL function imported succesfully!","logger":"unusual_prefix_377e48747e3957bb035dd88b74b86ec1d0ec8c25_stocks_etl_dag","filename":"stocks_etl_dag.py","lineno":32}
{"timestamp":"2026-08-21T08:38:18.118723Z","level":"info","event":"DAG loaded sucessfully!","logger":"unusual_prefix_377e48747e3957bb035dd88b74b86ec1d0ec8c25_stocks_etl_dag","filename":"stocks_etl_dag.py","lineno":103}
{"timestamp":"2026-08-21T08:38:48.666813Z","level":"info","event":"Filling up the DagBag from /opt/airflow/dags/stocks_etl_dag.py","logger":"airflow.dag_processing.dagbag.BundleDagBag","filename":"dagbag.py","lineno":460}
{"timestamp":"2026-08-21T08:38:48.903282Z","level":"info","event":"Pyspark imported, version: 3.5.2","logger":"unusual_prefix_377e48747e3957bb035dd88b74b86ec1d0ec8c25_stocks_etl_dag","filename":"stocks_etl_dag.py","lineno":24}
{"timestamp":"2026-08-21T08:38:49.621913Z","level":"info","event":"ETL function imported succesfully!","logger":"unusual_prefix_377e48747e3957bb035dd88b74b86ec1d0ec8c25_stocks_etl_dag","filename":"stocks_etl_dag.py","lineno":32}
{"timestamp":"2026-08-21T08:38:49.627535Z","level":"info","event":"DAG loaded sucessfully!","logger":"unusual_prefix_377e48747e3957bb035dd88b74b86ec1d0ec8c25_stocks_etl_dag","filename":"stocks_etl_dag.py","lineno":103}
{"timestamp":"2026-08-21T08:39:20.187389Z","level":"info","event":"Filling up the DagBag from /opt/airflow/dags/stocks_etl_dag.py","logger":"airflow.dag_processing.dagbag.BundleDagBag","filename":"dagbag.py","lineno":460}
{"timestamp":"2026-08-21T08:39:20.441710Z","level":"info","event":"Pyspark imported, version: 3.5.2","logger":"unusual_prefix_377e48747e3957bb035dd88b74b86ec1d0ec8c25_stocks_etl_dag","filename":"stocks_etl_dag.py","lineno":24}
{"timestamp":"2026-08-21T08:39:21.560490Z","level":"info","event":"ETL function imported succesfully!","logger":"unusual_prefix_377e48747e3957bb035dd88b74b86ec1d0ec8c25_stocks_etl_dag","filename":"stocks_etl_dag.py","lineno":32}
{"timestamp":"2026-08-21T08:39:21.565312Z","level":"info","event":"DAG loaded sucessfully!","logger":"unusual_prefix_377e48747e3957bb035dd88b74b86ec1d0ec8c25_stocks_etl_dag","filename":"stocks_etl_dag.py","lineno":103}
{"timestamp":"2026-08-21T08:39:52.180241Z","level":"info","event":"Filling up the DagBag from /opt/airflow/dags/stocks_etl_dag.py","logger":"airflow.dag_processing.dagbag.BundleDagBag","filename":"dagbag.py","lineno":460}
{"timestamp":"2026-08-21T08:39:52.364566Z","level":"info","event":"Pyspark imported, version: 3.5.2","logger":"unusual_prefix_377e48747e3957bb035dd88b74b86ec1d0ec8c25_stocks_etl_dag","filename":"stocks_etl_dag.py","lineno":24}
{"timestamp":"2026-08-21T08:39:53.315971Z","level":"info","event":"ETL function imported succesfully!","logger":"unusual_prefix_377e48747e3957bb035dd88b74b86ec1d0ec8c25_stocks_etl_dag","filename":"stocks_etl_dag.py","lineno":32}
{"timestamp":"2026-08-21T08:39:53.322708Z","level":"info","event":"DAG loaded sucessfully!","logger":"unusual_prefix_377e48747e3957bb035dd88b74b86ec1d0ec8c25_stocks_etl_dag","filename":"stocks_etl_dag.py","lineno":103}
{"timestamp":"2026-08-21T08:40:23.875932Z","level":"info","event":"Filling up the DagBag from /opt/airflow/dags/stocks_etl_dag.py","logger":"airflow.dag_processing.dagbag.BundleDagBag","filename":"dagbag.py","lineno":460}
{"timestamp":"2026-08-21T08:40:24.235067Z","level":"info","event":"Pyspark imported, version: 3.5.2","logger":"unusual_prefix_377e48747e3957bb035dd88b74b86ec1d0ec8c25_stocks_etl_dag","filename":"stocks_etl_dag.py","lineno":24}
{"timestamp":"2026-08-21T08:40:25.409472Z","level":"info","event":"ETL function imported succesfully!","logger":"unusual_prefix_377e48747e3957bb035dd88b74b86ec1d0ec8c25_stocks_etl_dag","filename":"stocks_etl_dag.py","lineno":32}
{"timestamp":"2026-08-21T08:40:25.435854Z","level":"info","event":"DAG loaded sucessfully!","logger":"unusual_prefix_377e48747e3957bb035dd88b74b86ec1d0ec8c25_stocks_etl_dag","filename":"stocks_etl_dag.py","lineno":103}
{"timestamp":"2026-08-21T08:40:55.914729Z","level":"info","event":"Filling up the DagBag from /opt/airflow/dags/stocks_etl_dag.py","logger":"airflow.dag_processing.dagbag.BundleDagBag","filename":"dagbag.py","lineno":460}
{"timestamp":"2026-08-21T08:40:56.125932Z","level":"info","event":"Pyspark imported, version: 3.5.2","logger":"unusual_prefix_377e48747e3957bb035dd88b74b86ec1d0ec8c25_stocks_etl_dag","filename":"stocks_etl_dag.py","lineno":24}
{"timestamp":"2026-08-21T08:40:57.089037Z","level":"info","event":"ETL function imported succesfully!","logger":"unusual_prefix_377e48747e3957bb035dd88b74b86ec1d0ec8c25_stocks_etl_dag","filename":"stocks_etl_dag.py","lineno":32}
{"timestamp":"2026-08-21T08:40:57.096137Z","level":"info","event":"DAG loaded sucessfully!","logger":"unusual_prefix_377e48747e3957bb035dd88b74b86ec1d0ec8c25_stocks_etl_dag","filename":"stocks_etl_dag.py","lineno":103}
{"timestamp":"2026-08-21T08:41:27.641369Z","level":"info","event":"Filling up the DagBag from /opt/airflow/dags/stocks_etl_dag.py","logger":"airflow.dag_processing.dagbag.BundleDagBag","filename":"dagbag.py","lineno":460}
{"timestamp":"2026-08-21T08:41:27.856877Z","level":"info","event":"Pyspark imported, version: 3.5.2","logger":"unusual_prefix_377e48747e3957bb035dd88b74b86ec1d0ec8c25_stocks_etl_dag","filename":"stocks_etl_dag.py","lineno":24}
{"timestamp":"2026-08-21T08:41:28.661921Z","level":"info","event":"ETL function imported succesfully!","logger":"unusual_prefix_377e48747e3957bb035dd88b74b86ec1d0ec8c25_stocks_etl_dag","filename":"stocks_etl_dag.py","lineno":32}
{"timestamp":"2026-08-21T08:41:28.666658Z","level":"info","event":"DAG loaded sucessfully!","logger":"unusual_prefix_377e48747e3957bb035dd88b74b86ec1d0ec8c25_stocks_etl_dag","filename":"stocks_etl_dag.py","lineno":103}
{"timestamp":"2026-08-21T08:41:59.166547Z","level":"info","event":"Filling up the DagBag from /opt/airflow/dags/stocks_etl_dag.py","logger":"airflow.dag_processing.dagbag.BundleDagBag","filename":"dagbag.py","lineno":460}
{"timestamp":"2026-08-21T08:41:59.447156Z","level":"info","event":"Pyspark imported, version: 3.5.2","logger":"unusual_prefix_377e48747e3957bb035dd88b74b86ec1d0ec8c25_stocks_etl_dag","filename":"stocks_etl_dag.py","lineno":24}
{"timestamp":"2026-08-21T08:42:00.404225Z","level":"info","event":"ETL function imported succesfully!","logger":"unusual_prefix_377e48747e3957bb035dd88b74b86ec1d0ec8c25_stocks_etl_dag","filename":"stocks_etl_dag.py","lineno":32}
{"timestamp":"2026-08-21T08:42:00.408029Z","level":"info","event":"DAG loaded sucessfully!","logger":"unusual_prefix_377e48747e3957bb035dd88b74b86ec1d0ec8c25_stocks_etl_dag","filename":"stocks_etl_dag.py","lineno":103}
{"timestamp":"2026-08-21T08:42:30.986622Z","level":"info","event":"Filling up the DagBag from /opt/airflow/dags/stocks_etl_dag.py","logger":"airflow.dag_processing.dagbag.BundleDagBag","filename":"dagbag.py","lineno":460}
{"timestamp":"2026-08-21T08:42:31.192162Z","level":"info","event":"Pyspark imported, version: 3.5.2","logger":"unusual_prefix_377e48747e3957bb035dd88b74b86ec1d0ec8c25_stocks_etl_dag","filename":"stocks_etl_dag.py","lineno":24}
{"timestamp":"2026-08-21T08:42:32.093536Z","level":"info","event":"ETL function imported succesfully!","logger":"unusual_prefix_377e48747e3957bb035dd88b74b86ec1d0ec8c25_stocks_etl_dag","filename":"stocks_etl_dag.py","lineno":32}
{"timestamp":"2026-08-21T08:42:32.098934Z","level":"info","event":"DAG loaded sucessfully!","logger":"unusual_prefix_377e48747e3957bb035dd88b74b86ec1d0ec8c25_stocks_etl_dag","filename":"stocks_etl_dag.py","lineno":103}
{"timestamp":"2026-08-21T08:43:02.578725Z","level":"info","event":"Filling up the DagBag from /opt/airflow/dags/stocks_etl_dag.py","logger":"airflow.dag_processing.dagbag.BundleDagBag","filename":"dagbag.py","lineno":460}
{"timestamp":"2026-08-21T08:43:02.902837Z","level":"info","event":"Pyspark imported, version: 3.5.2","logger":"unusual_prefix_377e48747e3957bb035dd88b74b86ec1d0ec8c25_stocks_etl_dag","filename":"stocks_etl_dag.py","lineno":24}
{"timestamp":"2026-08-21T08:43:04.166279Z","level":"info","event":"ETL function imported succesfully!","logger":"unusual_prefix_377e48747e3957bb035dd88b74b86ec1d0ec8c25_stocks_etl_dag","filename":"stocks_etl_dag.py","lineno":32}
{"timestamp":"2026-08-21T08:43:04.191114Z","level":"info","event":"DAG loaded sucessfully!","logger":"unusual_prefix_377e48747e3957bb035dd88b74b86ec1d0ec8c25_stocks_etl_dag","filename":"stocks_etl_dag.py","lineno":103}
{"timestamp":"2026-08-21T08:43:34.745124Z","level":"info","event":"Filling up the DagBag from /opt/airflow/dags/stocks_etl_dag.py","logger":"airflow.dag_processing.dagbag.BundleDagBag","filename":"dagbag.py","lineno":460}
{"timestamp":"2026-08-21T08:43:35.042290Z","level":"info","event":"Pyspark imported, version: 3.5.2","logger":"unusual_prefix_377e48747e3957bb035dd88b74b86ec1d0ec8c25_stocks_etl_dag","filename":"stocks_etl_dag.py","lineno":24}
{"timestamp":"2026-08-21T08:43:36.425133Z","level":"info","event":"ETL function imported succesfully!","logger":"unusual_prefix_377e48747e3957bb035dd88b74b86ec1d0ec8c25_stocks_etl_dag","filename":"stocks_etl_dag.py","lineno":32}
{"timestamp":"2026-08-21T08:43:36.431661Z","level":"info","event":"DAG loaded sucessfully!","logger":"unusual_prefix_377e48747e3957bb035dd88b74b86ec1d0ec8c25_stocks_etl_dag","filename":"stocks_etl_dag.py","lineno":103}
{"timestamp":"2026-08-21T08:44:07.102742Z","level":"info","event":"Filling up the DagBag from /opt/airflow/dags/stocks_etl_dag.py","logger":"airflow.dag_processing.dagbag.BundleDagBag","filename":"dagbag.py","lineno":460}
{"timestamp":"2026-08-21T08:44:07.381877Z","level":"info","event":"Pyspark imported, version: 3.5.2","logger":"unusual_prefix_377e48747e3957bb035dd88b74b86ec1d0ec8c25_stocks_etl_dag","filename":"stocks_etl_dag.py","lineno":24}
{"timestamp":"2026-08-21T08:44:08.256956Z","level":"info","event":"ETL function imported succesfully!","logger":"unusual_prefix_377e48747e3957bb035dd88b74b86ec1d0ec8c25_stocks_etl_dag","filename":"stocks_etl_dag.py","lineno":32}
{"timestamp":"2026-08-21T08:44:08.260972Z","level":"info","event":"DAG loaded sucessfully!","logger":"unusual_prefix_377e48747e3957bb035dd88b74b86ec1d0ec8c25_stocks_etl_dag","filename":"stocks_etl_dag.py","lineno":103}
{"timestamp":"2026-08-21T08:44:38.857283Z","level":"info","event":"Filling up the DagBag from /opt/airflow/dags/stocks_etl_dag.py","logger":"airflow.dag_processing.dagbag.BundleDagBag","filename":"dagbag.py","lineno":460}
{"timestamp":"2026-08-21T08:44:39.139444Z","level":"info","event":"Pyspark imported, version: 3.5.2","logger":"unusual_prefix_377e48747e3957bb035dd88b74b86ec1d0ec8c25_stocks_etl_dag","filename":"stocks_etl_dag.py","lineno":24}
{"timestamp":"2026-08-21T08:44:40.380990Z","level":"info","event":"ETL function imported succesfully!","logger":"unusual_prefix_377e48747e3957bb035dd88b74b86ec1d0ec8c25_stocks_etl_dag","filename":"stocks_etl_dag.py","lineno":32}
{"timestamp":"2026-08-21T08:44:40.388995Z","level":"info","event":"DAG loaded sucessfully!","logger":"unusual_prefix_377e48747e3957bb035dd88b74b86ec1d0ec8c25_stocks_etl_dag","filename":"stocks_etl_dag.py","lineno":103}
{"timestamp":"2026-08-21T08:45:10.950629Z","level":"info","event":"Filling up the DagBag from /opt/airflow/dags/stocks_etl_dag.py","logger":"airflow.dag_processing.dagbag.BundleDagBag","filename":"dagbag.py","lineno":460}
{"timestamp":"2026-08-21T08:45:11.213847Z","level":"info","event":"Pyspark imported, version: 3.5.2","logger":"unusual_prefix_377e48747e3957bb035dd88b74b86ec1d0ec8c25_stocks_etl_dag","filename":"stocks_etl_dag.py","lineno":24}
{"timestamp":"2026-08-21T08:45:12.480901Z","level":"info","event":"ETL function imported succesfully!","logger":"unusual_prefix_377e48747e3957bb035dd88b74b86ec1d0ec8c25_stocks_etl_dag","filename":"stocks_etl_dag.py","lineno":32}
{"timestamp":"2026-08-21T08:45:12.485291Z","level":"info","event":"DAG loaded sucessfully!","logger":"unusual_prefix_377e48747e3957bb035dd88b74b86ec1d0ec8c25_stocks_etl_dag","filename":"stocks_etl_dag.py","lineno":103}
{"timestamp":"2026-08-21T08:45:43.038387Z","level":"info","event":"Filling up the DagBag from /opt/airflow/dags/stocks_etl_dag.py","logger":"airflow.dag_processing.dagbag.BundleDagBag","filename":"dagbag.py","lineno":460}
{"timestamp":"2026-08-21T08:45:43.428739Z","level":"info","event":"Pyspark imported, version: 3.5.2","logger":"unusual_prefix_377e48747e3957bb035dd88b74b86ec1d0ec8c25_stocks_etl_dag","filename":"stocks_etl_dag.py","lineno":24}
{"timestamp":"2026-08-21T08:45:44.680160Z","level":"info","event":"ETL function imported succesfully!","logger":"unusual_prefix_377e48747e3957bb035dd88b74b86ec1d0ec8c25_stocks_etl_dag","filename":"stocks_etl_dag.py","lineno":32}
{"timestamp":"2026-08-21T08:45:44.690437Z","level":"info","event":"DAG loaded sucessfully!","logger":"unusual_prefix_377e48747e3957bb035dd88b74b86ec1d0ec8c25_stocks_etl_dag","filename":"stocks_etl_dag.py","lineno":103}
{"timestamp":"2026-08-21T08:46:15.354081Z","level":"info","event":"Filling up the DagBag from /opt/airflow/dags/stocks_etl_dag.py","logger":"airflow.dag_processing.dagbag.BundleDagBag","filename":"dagbag.py","lineno":460}
{"timestamp":"2026-08-21T08:46:15.634871Z","level":"info","event":"Pyspark imported, version: 3.5.2","logger":"unusual_prefix_377e48747e3957bb035dd88b74b86ec1d0ec8c25_stocks_etl_dag","filename":"stocks_etl_dag.py","lineno":24}
{"timestamp":"2026-08-21T08:46:16.668982Z","level":"info","event":"ETL function imported succesfully!","logger":"unusual_prefix_377e48747e3957bb035dd88b74b86ec1d0ec8c25_stocks_etl_dag","filename":"stocks_etl_dag.py","lineno":32}
{"timestamp":"2026-08-21T08:46:16.673695Z","level":"info","event":"DAG loaded sucessfully!","logger":"unusual_prefix_377e48747e3957bb035dd88b74b86ec1d0ec8c25_stocks_etl_dag","filename":"stocks_etl_dag.py","lineno":103}
{"timestamp":"2026-08-21T08:46:47.295340Z","level":"info","event":"Filling up the DagBag from /opt/airflow/dags/stocks_etl_dag.py","logger":"airflow.dag_processing.dagbag.BundleDagBag","filename":"dagbag.py","lineno":460}
{"timestamp":"2026-08-21T08:46:47.689847Z","level":"info","event":"Pyspark imported, version: 3.5.2","logger":"unusual_prefix_377e48747e3957bb035dd88b74b86ec1d0ec8c25_stocks_etl_dag","filename":"stocks_etl_dag.py","lineno":24}
{"timestamp":"2026-08-21T08:46:49.279089Z","level":"info","event":"ETL function imported succesfully!","logger":"unusual_prefix_377e48747e3957bb035dd88b74b86ec1d0ec8c25_stocks_etl_dag","filename":"stocks_etl_dag.py","lineno":32}
{"timestamp":"2026-08-21T08:46:49.292947Z","level":"info","event":"DAG loaded sucessfully!","logger":"unusual_prefix_377e48747e3957bb035dd88b74b86ec1d0ec8c25_stocks_etl_dag","filename":"stocks_etl_dag.py","lineno":103}
{"timestamp":"2026-08-21T08:47:19.852873Z","level":"info","event":"Filling up the DagBag from /opt/airflow/dags/stocks_etl_dag.py","logger":"airflow.dag_processing.dagbag.BundleDagBag","filename":"dagbag.py","lineno":460}
{"timestamp":"2026-08-21T08:47:20.185701Z","level":"info","event":"Pyspark imported, version: 3.5.2","logger":"unusual_prefix_377e48747e3957bb035dd88b74b86ec1d0ec8c25_stocks_etl_dag","filename":"stocks_etl_dag.py","lineno":24}
{"timestamp":"2026-08-21T08:47:20.988399Z","level":"info","event":"ETL function imported succesfully!","logger":"unusual_prefix_377e48747e3957bb035dd88b74b86ec1d0ec8c25_stocks_etl_dag","filename":"stocks_etl_dag.py","lineno":32}
{"timestamp":"2026-08-21T08:47:21.011741Z","level":"info","event":"DAG loaded sucessfully!","logger":"unusual_prefix_377e48747e3957bb035dd88b74b86ec1d0ec8c25_stocks_etl_dag","filename":"stocks_etl_dag.py","lineno":103}
{"timestamp":"2026-08-21T08:47:51.616008Z","level":"info","event":"Filling up the DagBag from /opt/airflow/dags/stocks_etl_dag.py","logger":"airflow.dag_processing.dagbag.BundleDagBag","filename":"dagbag.py","lineno":460}
{"timestamp":"2026-08-21T08:47:51.894390Z","level":"info","event":"Pyspark imported, version: 3.5.2","logger":"unusual_prefix_377e48747e3957bb035dd88b74b86ec1d0ec8c25_stocks_etl_dag","filename":"stocks_etl_dag.py","lineno":24}
{"timestamp":"2026-08-21T08:47:52.706787Z","level":"info","event":"ETL function imported succesfully!","logger":"unusual_prefix_377e48747e3957bb035dd88b74b86ec1d0ec8c25_stocks_etl_dag","filename":"stocks_etl_dag.py","lineno":32}
{"timestamp":"2026-08-21T08:47:52.718991Z","level":"info","event":"DAG loaded sucessfully!","logger":"unusual_prefix_377e48747e3957bb035dd88b74b86ec1d0ec8c25_stocks_etl_dag","filename":"stocks_etl_dag.py","lineno":103}
{"timestamp":"2026-08-21T08:48:23.230715Z","level":"info","event":"Filling up the DagBag from /opt/airflow/dags/stocks_etl_dag.py","logger":"airflow.dag_processing.dagbag.BundleDagBag","filename":"dagbag.py","lineno":460}
{"timestamp":"2026-08-21T08:48:23.459216Z","level":"info","event":"Pyspark imported, version: 3.5.2","logger":"unusual_prefix_377e48747e3957bb035dd88b74b86ec1d0ec8c25_stocks_etl_dag","filename":"stocks_etl_dag.py","lineno":24}
{"timestamp":"2026-08-21T08:48:24.456617Z","level":"info","event":"ETL function imported succesfully!","logger":"unusual_prefix_377e48747e3957bb035dd88b74b86ec1d0ec8c25_stocks_etl_dag","filename":"stocks_etl_dag.py","lineno":32}
{"timestamp":"2026-08-21T08:48:24.472151Z","level":"info","event":"DAG loaded sucessfully!","logger":"unusual_prefix_377e48747e3957bb035dd88b74b86ec1d0ec8c25_stocks_etl_dag","filename":"stocks_etl_dag.py","lineno":103}
{"timestamp":"2026-08-21T08:48:55.051980Z","level":"info","event":"Filling up the DagBag from /opt/airflow/dags/stocks_etl_dag.py","logger":"airflow.dag_processing.dagbag.BundleDagBag","filename":"dagbag.py","lineno":460}
{"timestamp":"2026-08-21T08:48:55.306492Z","level":"info","event":"Pyspark imported, version: 3.5.2","logger":"unusual_prefix_377e48747e3957bb035dd88b74b86ec1d0ec8c25_stocks_etl_dag","filename":"stocks_etl_dag.py","lineno":24}
{"timestamp":"2026-08-21T08:48:55.913774Z","level":"info","event":"ETL function imported succesfully!","logger":"unusual_prefix_377e48747e3957bb035dd88b74b86ec1d0ec8c25_stocks_etl_dag","filename":"stocks_etl_dag.py","lineno":32}
{"timestamp":"2026-08-21T08:48:55.917999Z","level":"info","event":"DAG loaded sucessfully!","logger":"unusual_prefix_377e48747e3957bb035dd88b74b86ec1d0ec8c25_stocks_etl_dag","filename":"stocks_etl_dag.py","lineno":103}
{"timestamp":"2026-08-21T08:49:26.493402Z","level":"info","event":"Filling up the DagBag from /opt/airflow/dags/stocks_etl_dag.py","logger":"airflow.dag_processing.dagbag.BundleDagBag","filename":"dagbag.py","lineno":460}
{"timestamp":"2026-08-21T08:49:26.699630Z","level":"info","event":"Pyspark imported, version: 3.5.2","logger":"unusual_prefix_377e48747e3957bb035dd88b74b86ec1d0ec8c25_stocks_etl_dag","filename":"stocks_etl_dag.py","lineno":24}
{"timestamp":"2026-08-21T08:49:27.598738Z","level":"info","event":"ETL function imported succesfully!","logger":"unusual_prefix_377e48747e3957bb035dd88b74b86ec1d0ec8c25_stocks_etl_dag","filename":"stocks_etl_dag.py","lineno":32}
{"timestamp":"2026-08-21T08:49:27.605915Z","level":"info","event":"DAG loaded sucessfully!","logger":"unusual_prefix_377e48747e3957bb035dd88b74b86ec1d0ec8c25_stocks_etl_dag","filename":"stocks_etl_dag.py","lineno":103}
{"timestamp":"2026-08-21T08:49:58.101990Z","level":"info","event":"Filling up the DagBag from /opt/airflow/dags/stocks_etl_dag.py","logger":"airflow.dag_processing.dagbag.BundleDagBag","filename":"dagbag.py","lineno":460}
{"timestamp":"2026-08-21T08:49:58.387654Z","level":"info","event":"Pyspark imported, version: 3.5.2","logger":"unusual_prefix_377e48747e3957bb035dd88b74b86ec1d0ec8c25_stocks_etl_dag","filename":"stocks_etl_dag.py","lineno":24}
{"timestamp":"2026-08-21T08:49:59.471279Z","level":"info","event":"ETL function imported succesfully!","logger":"unusual_prefix_377e48747e3957bb035dd88b74b86ec1d0ec8c25_stocks_etl_dag","filename":"stocks_etl_dag.py","lineno":32}
{"timestamp":"2026-08-21T08:49:59.478481Z","level":"info","event":"DAG loaded sucessfully!","logger":"unusual_prefix_377e48747e3957bb035dd88b74b86ec1d0ec8c25_stocks_etl_dag","filename":"stocks_etl_dag.py","lineno":103}
{"timestamp":"2026-08-21T08:50:30.211215Z","level":"info","event":"Filling up the DagBag from /opt/airflow/dags/stocks_etl_dag.py","logger":"airflow.dag_processing.dagbag.BundleDagBag","filename":"dagbag.py","lineno":460}
{"timestamp":"2026-08-21T08:50:30.561291Z","level":"info","event":"Pyspark imported, version: 3.5.2","logger":"unusual_prefix_377e48747e3957bb035dd88b74b86ec1d0ec8c25_stocks_etl_dag","filename":"stocks_etl_dag.py","lineno":24}
{"timestamp":"2026-08-21T08:50:31.496140Z","level":"info","event":"ETL function imported succesfully!","logger":"unusual_prefix_377e48747e3957bb035dd88b74b86ec1d0ec8c25_stocks_etl_dag","filename":"stocks_etl_dag.py","lineno":32}
{"timestamp":"2026-08-21T08:50:31.505694Z","level":"info","event":"DAG loaded sucessfully!","logger":"unusual_prefix_377e48747e3957bb035dd88b74b86ec1d0ec8c25_stocks_etl_dag","filename":"stocks_etl_dag.py","lineno":103}
{"timestamp":"2026-08-21T08:51:02.062774Z","level":"info","event":"Filling up the DagBag from /opt/airflow/dags/stocks_etl_dag.py","logger":"airflow.dag_processing.dagbag.BundleDagBag","filename":"dagbag.py","lineno":460}
{"timestamp":"2026-08-21T08:51:02.505130Z","level":"info","event":"Pyspark imported, version: 3.5.2","logger":"unusual_prefix_377e48747e3957bb035dd88b74b86ec1d0ec8c25_stocks_etl_dag","filename":"stocks_etl_dag.py","lineno":24}
{"timestamp":"2026-08-21T08:51:03.890423Z","level":"info","event":"ETL function imported succesfully!","logger":"unusual_prefix_377e48747e3957bb035dd88b74b86ec1d0ec8c25_stocks_etl_dag","filename":"stocks_etl_dag.py","lineno":32}
{"timestamp":"2026-08-21T08:51:03.895422Z","level":"info","event":"DAG loaded sucessfully!","logger":"unusual_prefix_377e48747e3957bb035dd88b74b86ec1d0ec8c25_stocks_etl_dag","filename":"stocks_etl_dag.py","lineno":103}
{"timestamp":"2026-08-21T08:51:34.636452Z","level":"info","event":"Filling up the DagBag from /opt/airflow/dags/stocks_etl_dag.py","logger":"airflow.dag_processing.dagbag.BundleDagBag","filename":"dagbag.py","lineno":460}
{"timestamp":"2026-08-21T08:51:35.125848Z","level":"info","event":"Pyspark imported, version: 3.5.2","logger":"unusual_prefix_377e48747e3957bb035dd88b74b86ec1d0ec8c25_stocks_etl_dag","filename":"stocks_etl_dag.py","lineno":24}
{"timestamp":"2026-08-21T08:51:36.558166Z","level":"info","event":"ETL function imported succesfully!","logger":"unusual_prefix_377e48747e3957bb035dd88b74b86ec1d0ec8c25_stocks_etl_dag","filename":"stocks_etl_dag.py","lineno":32}
{"timestamp":"2026-08-21T08:51:36.565989Z","level":"info","event":"DAG loaded sucessfully!","logger":"unusual_prefix_377e48747e3957bb035dd88b74b86ec1d0ec8c25_stocks_etl_dag","filename":"stocks_etl_dag.py","lineno":103}
{"timestamp":"2026-08-21T08:52:07.097877Z","level":"info","event":"Filling up the DagBag from /opt/airflow/dags/stocks_etl_dag.py","logger":"airflow.dag_processing.dagbag.BundleDagBag","filename":"dagbag.py","lineno":460}
{"timestamp":"2026-08-21T08:52:07.357631Z","level":"info","event":"Pyspark imported, version: 3.5.2","logger":"unusual_prefix_377e48747e3957bb035dd88b74b86ec1d0ec8c25_stocks_etl_dag","filename":"stocks_etl_dag.py","lineno":24}
{"timestamp":"2026-08-21T08:52:08.284895Z","level":"info","event":"ETL function imported succesfully!","logger":"unusual_prefix_377e48747e3957bb035dd88b74b86ec1d0ec8c25_stocks_etl_dag","filename":"stocks_etl_dag.py","lineno":32}
{"timestamp":"2026-08-21T08:52:08.289799Z","level":"info","event":"DAG loaded sucessfully!","logger":"unusual_prefix_377e48747e3957bb035dd88b74b86ec1d0ec8c25_stocks_etl_dag","filename":"stocks_etl_dag.py","lineno":103}
{"timestamp":"2026-08-21T08:52:39.043395Z","level":"info","event":"Filling up the DagBag from /opt/airflow/dags/stocks_etl_dag.py","logger":"airflow.dag_processing.dagbag.BundleDagBag","filename":"dagbag.py","lineno":460}
{"timestamp":"2026-08-21T08:52:39.396555Z","level":"info","event":"Pyspark imported, version: 3.5.2","logger":"unusual_prefix_377e48747e3957bb035dd88b74b86ec1d0ec8c25_stocks_etl_dag","filename":"stocks_etl_dag.py","lineno":24}
{"timestamp":"2026-08-21T08:52:40.895924Z","level":"info","event":"ETL function imported succesfully!","logger":"unusual_prefix_377e48747e3957bb035dd88b74b86ec1d0ec8c25_stocks_etl_dag","filename":"stocks_etl_dag.py","lineno":32}
{"timestamp":"2026-08-21T08:52:40.902193Z","level":"info","event":"DAG loaded sucessfully!","logger":"unusual_prefix_377e48747e3957bb035dd88b74b86ec1d0ec8c25_stocks_etl_dag","filename":"stocks_etl_dag.py","lineno":103}
{"timestamp":"2026-08-21T08:53:11.178535Z","level":"info","event":"Filling up the DagBag from /opt/airflow/dags/stocks_etl_dag.py","logger":"airflow.dag_processing.dagbag.BundleDagBag","filename":"dagbag.py","lineno":460}
{"timestamp":"2026-08-21T08:53:11.588475Z","level":"info","event":"Pyspark imported, version: 3.5.2","logger":"unusual_prefix_377e48747e3957bb035dd88b74b86ec1d0ec8c25_stocks_etl_dag","filename":"stocks_etl_dag.py","lineno":24}
{"timestamp":"2026-08-21T08:53:14.544800Z","level":"info","event":"ETL function imported succesfully!","logger":"unusual_prefix_377e48747e3957bb035dd88b74b86ec1d0ec8c25_stocks_etl_dag","filename":"stocks_etl_dag.py","lineno":32}
{"timestamp":"2026-08-21T08:53:14.558092Z","level":"info","event":"DAG loaded sucessfully!","logger":"unusual_prefix_377e48747e3957bb035dd88b74b86ec1d0ec8c25_stocks_etl_dag","filename":"stocks_etl_dag.py","lineno":103}
{"timestamp":"2026-08-21T08:53:45.327101Z","level":"info","event":"Filling up the DagBag from /opt/airflow/dags/stocks_etl_dag.py","logger":"airflow.dag_processing.dagbag.BundleDagBag","filename":"dagbag.py","lineno":460}
{"timestamp":"2026-08-21T08:53:45.820643Z","level":"info","event":"Pyspark imported, version: 3.5.2","logger":"unusual_prefix_377e48747e3957bb035dd88b74b86ec1d0ec8c25_stocks_etl_dag","filename":"stocks_etl_dag.py","lineno":24}
{"timestamp":"2026-08-21T08:53:48.173551Z","level":"info","event":"ETL function imported succesfully!","logger":"unusual_prefix_377e48747e3957bb035dd88b74b86ec1d0ec8c25_stocks_etl_dag","filename":"stocks_etl_dag.py","lineno":32}
{"timestamp":"2026-08-21T08:53:48.184575Z","level":"info","event":"DAG loaded sucessfully!","logger":"unusual_prefix_377e48747e3957bb035dd88b74b86ec1d0ec8c25_stocks_etl_dag","filename":"stocks_etl_dag.py","lineno":103}
{"timestamp":"2026-08-21T08:54:19.064278Z","level":"info","event":"Filling up the DagBag from /opt/airflow/dags/stocks_etl_dag.py","logger":"airflow.dag_processing.dagbag.BundleDagBag","filename":"dagbag.py","lineno":460}
{"timestamp":"2026-08-21T08:54:19.436503Z","level":"info","event":"Pyspark imported, version: 3.5.2","logger":"unusual_prefix_377e48747e3957bb035dd88b74b86ec1d0ec8c25_stocks_etl_dag","filename":"stocks_etl_dag.py","lineno":24}
{"timestamp":"2026-08-21T08:54:22.801135Z","level":"info","event":"ETL function imported succesfully!","logger":"unusual_prefix_377e48747e3957bb035dd88b74b86ec1d0ec8c25_stocks_etl_dag","filename":"stocks_etl_dag.py","lineno":32}
{"timestamp":"2026-08-21T08:54:22.806262Z","level":"info","event":"DAG loaded sucessfully!","logger":"unusual_prefix_377e48747e3957bb035dd88b74b86ec1d0ec8c25_stocks_etl_dag","filename":"stocks_etl_dag.py","lineno":103}
{"timestamp":"2026-08-21T08:54:53.377241Z","level":"info","event":"Filling up the DagBag from /opt/airflow/dags/stocks_etl_dag.py","logger":"airflow.dag_processing.dagbag.BundleDagBag","filename":"dagbag.py","lineno":460}
{"timestamp":"2026-08-21T08:54:54.474271Z","level":"info","event":"Pyspark imported, version: 3.5.2","logger":"unusual_prefix_377e48747e3957bb035dd88b74b86ec1d0ec8c25_stocks_etl_dag","filename":"stocks_etl_dag.py","lineno":24}
{"timestamp":"2026-08-21T08:54:58.050735Z","level":"info","event":"ETL function imported succesfully!","logger":"unusual_prefix_377e48747e3957bb035dd88b74b86ec1d0ec8c25_stocks_etl_dag","filename":"stocks_etl_dag.py","lineno":32}
{"timestamp":"2026-08-21T08:54:58.078410Z","level":"info","event":"DAG loaded sucessfully!","logger":"unusual_prefix_377e48747e3957bb035dd88b74b86ec1d0ec8c25_stocks_etl_dag","filename":"stocks_etl_dag.py","lineno":103}
{"timestamp":"2026-08-21T08:55:28.668751Z","level":"info","event":"Filling up the DagBag from /opt/airflow/dags/stocks_etl_dag.py","logger":"airflow.dag_processing.dagbag.BundleDagBag","filename":"dagbag.py","lineno":460}
{"timestamp":"2026-08-21T08:55:29.548631Z","level":"info","event":"Pyspark imported, version: 3.5.2","logger":"unusual_prefix_377e48747e3957bb035dd88b74b86ec1d0ec8c25_stocks_etl_dag","filename":"stocks_etl_dag.py","lineno":24}
{"timestamp":"2026-08-21T08:55:33.088239Z","level":"info","event":"ETL function imported succesfully!","logger":"unusual_prefix_377e48747e3957bb035dd88b74b86ec1d0ec8c25_stocks_etl_dag","filename":"stocks_etl_dag.py","lineno":32}
{"timestamp":"2026-08-21T08:55:33.130282Z","level":"info","event":"DAG loaded sucessfully!","logger":"unusual_prefix_377e48747e3957bb035dd88b74b86ec1d0ec8c25_stocks_etl_dag","filename":"stocks_etl_dag.py","lineno":103}
{"timestamp":"2026-08-21T08:56:04.255362Z","level":"info","event":"Filling up the DagBag from /opt/airflow/dags/stocks_etl_dag.py","logger":"airflow.dag_processing.dagbag.BundleDagBag","filename":"dagbag.py","lineno":460}
{"timestamp":"2026-08-21T08:56:06.240590Z","level":"info","event":"Pyspark imported, version: 3.5.2","logger":"unusual_prefix_377e48747e3957bb035dd88b74b86ec1d0ec8c25_stocks_etl_dag","filename":"stocks_etl_dag.py","lineno":24}
{"timestamp":"2026-08-21T08:56:30.259851Z","level":"info","event":"ETL function imported succesfully!","logger":"unusual_prefix_377e48747e3957bb035dd88b74b86ec1d0ec8c25_stocks_etl_dag","filename":"stocks_etl_dag.py","lineno":32}
{"timestamp":"2026-08-21T08:56:30.804190Z","level":"info","event":"DAG loaded sucessfully!","logger":"unusual_prefix_377e48747e3957bb035dd88b74b86ec1d0ec8c25_stocks_etl_dag","filename":"stocks_etl_dag.py","lineno":103}
{"timestamp":"2026-08-21T08:57:04.449977Z","level":"info","event":"Filling up the DagBag from /opt/airflow/dags/stocks_etl_dag.py","logger":"airflow.dag_processing.dagbag.BundleDagBag","filename":"dagbag.py","lineno":460}
{"timestamp":"2026-08-21T08:57:08.324854Z","level":"info","event":"Pyspark imported, version: 3.5.2","logger":"unusual_prefix_377e48747e3957bb035dd88b74b86ec1d0ec8c25_stocks_etl_dag","filename":"stocks_etl_dag.py","lineno":24}
{"timestamp":"2026-08-21T08:57:11.370501Z","level":"info","event":"ETL function imported succesfully!","logger":"unusual_prefix_377e48747e3957bb035dd88b74b86ec1d0ec8c25_stocks_etl_dag","filename":"stocks_etl_dag.py","lineno":32}
{"timestamp":"2026-08-21T08:57:11.402517Z","level":"info","event":"DAG loaded sucessfully!","logger":"unusual_prefix_377e48747e3957bb035dd88b74b86ec1d0ec8c25_stocks_etl_dag","filename":"stocks_etl_dag.py","lineno":103}
{"timestamp":"2026-08-21T08:57:41.590809Z","level":"info","event":"Filling up the DagBag from /opt/airflow/dags/stocks_etl_dag.py","logger":"airflow.dag_processing.dagbag.BundleDagBag","filename":"dagbag.py","lineno":460}
{"timestamp":"2026-08-21T08:57:41.870045Z","level":"info","event":"Pyspark imported, version: 3.5.2","logger":"unusual_prefix_377e48747e3957bb035dd88b74b86ec1d0ec8c25_stocks_etl_dag","filename":"stocks_etl_dag.py","lineno":24}
{"timestamp":"2026-08-21T08:57:43.483218Z","level":"info","event":"ETL function imported succesfully!","logger":"unusual_prefix_377e48747e3957bb035dd88b74b86ec1d0ec8c25_stocks_etl_dag","filename":"stocks_etl_dag.py","lineno":32}
{"timestamp":"2026-08-21T08:57:43.493026Z","level":"info","event":"DAG loaded sucessfully!","logger":"unusual_prefix_377e48747e3957bb035dd88b74b86ec1d0ec8c25_stocks_etl_dag","filename":"stocks_etl_dag.py","lineno":103}
{"timestamp":"2026-08-21T08:58:14.089736Z","level":"info","event":"Filling up the DagBag from /opt/airflow/dags/stocks_etl_dag.py","logger":"airflow.dag_processing.dagbag.BundleDagBag","filename":"dagbag.py","lineno":460}
{"timestamp":"2026-08-21T08:58:14.375154Z","level":"info","event":"Pyspark imported, version: 3.5.2","logger":"unusual_prefix_377e48747e3957bb035dd88b74b86ec1d0ec8c25_stocks_etl_dag","filename":"stocks_etl_dag.py","lineno":24}
{"timestamp":"2026-08-21T08:58:15.840523Z","level":"info","event":"ETL function imported succesfully!","logger":"unusual_prefix_377e48747e3957bb035dd88b74b86ec1d0ec8c25_stocks_etl_dag","filename":"stocks_etl_dag.py","lineno":32}
{"timestamp":"2026-08-21T08:58:15.849451Z","level":"info","event":"DAG loaded sucessfully!","logger":"unusual_prefix_377e48747e3957bb035dd88b74b86ec1d0ec8c25_stocks_etl_dag","filename":"stocks_etl_dag.py","lineno":103}
{"timestamp":"2026-08-21T08:58:46.660571Z","level":"info","event":"Filling up the DagBag from /opt/airflow/dags/stocks_etl_dag.py","logger":"airflow.dag_processing.dagbag.BundleDagBag","filename":"dagbag.py","lineno":460}
{"timestamp":"2026-08-21T08:58:47.007616Z","level":"info","event":"Pyspark imported, version: 3.5.2","logger":"unusual_prefix_377e48747e3957bb035dd88b74b86ec1d0ec8c25_stocks_etl_dag","filename":"stocks_etl_dag.py","lineno":24}
{"timestamp":"2026-08-21T08:58:48.342850Z","level":"info","event":"ETL function imported succesfully!","logger":"unusual_prefix_377e48747e3957bb035dd88b74b86ec1d0ec8c25_stocks_etl_dag","filename":"stocks_etl_dag.py","lineno":32}
{"timestamp":"2026-08-21T08:58:48.354825Z","level":"info","event":"DAG loaded sucessfully!","logger":"unusual_prefix_377e48747e3957bb035dd88b74b86ec1d0ec8c25_stocks_etl_dag","filename":"stocks_etl_dag.py","lineno":103}
{"timestamp":"2026-08-21T08:59:18.766542Z","level":"info","event":"Filling up the DagBag from /opt/airflow/dags/stocks_etl_dag.py","logger":"airflow.dag_processing.dagbag.BundleDagBag","filename":"dagbag.py","lineno":460}
{"timestamp":"2026-08-21T08:59:19.075172Z","level":"info","event":"Pyspark imported, version: 3.5.2","logger":"unusual_prefix_377e48747e3957bb035dd88b74b86ec1d0ec8c25_stocks_etl_dag","filename":"stocks_etl_dag.py","lineno":24}
{"timestamp":"2026-08-21T08:59:20.531252Z","level":"info","event":"ETL function imported succesfully!","logger":"unusual_prefix_377e48747e3957bb035dd88b74b86ec1d0ec8c25_stocks_etl_dag","filename":"stocks_etl_dag.py","lineno":32}
{"timestamp":"2026-08-21T08:59:20.547059Z","level":"info","event":"DAG loaded sucessfully!","logger":"unusual_prefix_377e48747e3957bb035dd88b74b86ec1d0ec8c25_stocks_etl_dag","filename":"stocks_etl_dag.py","lineno":103}
{"timestamp":"2026-08-21T08:59:51.265385Z","level":"info","event":"Filling up the DagBag from /opt/airflow/dags/stocks_etl_dag.py","logger":"airflow.dag_processing.dagbag.BundleDagBag","filename":"dagbag.py","lineno":460}
{"timestamp":"2026-08-21T08:59:51.562638Z","level":"info","event":"Pyspark imported, version: 3.5.2","logger":"unusual_prefix_377e48747e3957bb035dd88b74b86ec1d0ec8c25_stocks_etl_dag","filename":"stocks_etl_dag.py","lineno":24}
{"timestamp":"2026-08-21T08:59:53.278501Z","level":"info","event":"ETL function imported succesfully!","logger":"unusual_prefix_377e48747e3957bb035dd88b74b86ec1d0ec8c25_stocks_etl_dag","filename":"stocks_etl_dag.py","lineno":32}
{"timestamp":"2026-08-21T08:59:53.288100Z","level":"info","event":"DAG loaded sucessfully!","logger":"unusual_prefix_377e48747e3957bb035dd88b74b86ec1d0ec8c25_stocks_etl_dag","filename":"stocks_etl_dag.py","lineno":103}
{"timestamp":"2026-08-21T09:00:23.416348Z","level":"info","event":"Filling up the DagBag from /opt/airflow/dags/stocks_etl_dag.py","logger":"airflow.dag_processing.dagbag.BundleDagBag","filename":"dagbag.py","lineno":460}
{"timestamp":"2026-08-21T09:00:23.741706Z","level":"info","event":"Pyspark imported, version: 3.5.2","logger":"unusual_prefix_377e48747e3957bb035dd88b74b86ec1d0ec8c25_stocks_etl_dag","filename":"stocks_etl_dag.py","lineno":24}
{"timestamp":"2026-08-21T09:00:24.592798Z","level":"info","event":"ETL function imported succesfully!","logger":"unusual_prefix_377e48747e3957bb035dd88b74b86ec1d0ec8c25_stocks_etl_dag","filename":"stocks_etl_dag.py","lineno":32}
{"timestamp":"2026-08-21T09:00:24.597331Z","level":"info","event":"DAG loaded sucessfully!","logger":"unusual_prefix_377e48747e3957bb035dd88b74b86ec1d0ec8c25_stocks_etl_dag","filename":"stocks_etl_dag.py","lineno":103}
{"timestamp":"2026-08-21T09:00:55.423117Z","level":"info","event":"Filling up the DagBag from /opt/airflow/dags/stocks_etl_dag.py","logger":"airflow.dag_processing.dagbag.BundleDagBag","filename":"dagbag.py","lineno":460}
{"timestamp":"2026-08-21T09:00:55.898799Z","level":"info","event":"Pyspark imported, version: 3.5.2","logger":"unusual_prefix_377e48747e3957bb035dd88b74b86ec1d0ec8c25_stocks_etl_dag","filename":"stocks_etl_dag.py","lineno":24}
{"timestamp":"2026-08-21T09:00:58.676439Z","level":"info","event":"ETL function imported succesfully!","logger":"unusual_prefix_377e48747e3957bb035dd88b74b86ec1d0ec8c25_stocks_etl_dag","filename":"stocks_etl_dag.py","lineno":32}
{"timestamp":"2026-08-21T09:00:58.683680Z","level":"info","event":"DAG loaded sucessfully!","logger":"unusual_prefix_377e48747e3957bb035dd88b74b86ec1d0ec8c25_stocks_etl_dag","filename":"stocks_etl_dag.py","lineno":103}
{"timestamp":"2026-08-21T09:01:28.980786Z","level":"info","event":"Filling up the DagBag from /opt/airflow/dags/stocks_etl_dag.py","logger":"airflow.dag_processing.dagbag.BundleDagBag","filename":"dagbag.py","lineno":460}
{"timestamp":"2026-08-21T09:01:29.243851Z","level":"info","event":"Pyspark imported, version: 3.5.2","logger":"unusual_prefix_377e48747e3957bb035dd88b74b86ec1d0ec8c25_stocks_etl_dag","filename":"stocks_etl_dag.py","lineno":24}
{"timestamp":"2026-08-21T09:01:30.434817Z","level":"info","event":"ETL function imported succesfully!","logger":"unusual_prefix_377e48747e3957bb035dd88b74b86ec1d0ec8c25_stocks_etl_dag","filename":"stocks_etl_dag.py","lineno":32}
{"timestamp":"2026-08-21T09:01:30.444579Z","level":"info","event":"DAG loaded sucessfully!","logger":"unusual_prefix_377e48747e3957bb035dd88b74b86ec1d0ec8c25_stocks_etl_dag","filename":"stocks_etl_dag.py","lineno":103}
{"timestamp":"2026-08-21T09:02:01.039830Z","level":"info","event":"Filling up the DagBag from /opt/airflow/dags/stocks_etl_dag.py","logger":"airflow.dag_processing.dagbag.BundleDagBag","filename":"dagbag.py","lineno":460}
{"timestamp":"2026-08-21T09:02:01.388356Z","level":"info","event":"Pyspark imported, version: 3.5.2","logger":"unusual_prefix_377e48747e3957bb035dd88b74b86ec1d0ec8c25_stocks_etl_dag","filename":"stocks_etl_dag.py","lineno":24}
{"timestamp":"2026-08-21T09:02:02.947091Z","level":"info","event":"ETL function imported succesfully!","logger":"unusual_prefix_377e48747e3957bb035dd88b74b86ec1d0ec8c25_stocks_etl_dag","filename":"stocks_etl_dag.py","lineno":32}
{"timestamp":"2026-08-21T09:02:02.971405Z","level":"info","event":"DAG loaded sucessfully!","logger":"unusual_prefix_377e48747e3957bb035dd88b74b86ec1d0ec8c25_stocks_etl_dag","filename":"stocks_etl_dag.py","lineno":103}
{"timestamp":"2026-08-21T09:02:33.578718Z","level":"info","event":"Filling up the DagBag from /opt/airflow/dags/stocks_etl_dag.py","logger":"airflow.dag_processing.dagbag.BundleDagBag","filename":"dagbag.py","lineno":460}
{"timestamp":"2026-08-21T09:02:33.909955Z","level":"info","event":"Pyspark imported, version: 3.5.2","logger":"unusual_prefix_377e48747e3957bb035dd88b74b86ec1d0ec8c25_stocks_etl_dag","filename":"stocks_etl_dag.py","lineno":24}
{"timestamp":"2026-08-21T09:02:35.303175Z","level":"info","event":"ETL function imported succesfully!","logger":"unusual_prefix_377e48747e3957bb035dd88b74b86ec1d0ec8c25_stocks_etl_dag","filename":"stocks_etl_dag.py","lineno":32}
{"timestamp":"2026-08-21T09:02:35.316109Z","level":"info","event":"DAG loaded sucessfully!","logger":"unusual_prefix_377e48747e3957bb035dd88b74b86ec1d0ec8c25_stocks_etl_dag","filename":"stocks_etl_dag.py","lineno":103}
{"timestamp":"2026-08-21T09:03:05.735843Z","level":"info","event":"Filling up the DagBag from /opt/airflow/dags/stocks_etl_dag.py","logger":"airflow.dag_processing.dagbag.BundleDagBag","filename":"dagbag.py","lineno":460}
{"timestamp":"2026-08-21T09:03:06.136042Z","level":"info","event":"Pyspark imported, version: 3.5.2","logger":"unusual_prefix_377e48747e3957bb035dd88b74b86ec1d0ec8c25_stocks_etl_dag","filename":"stocks_etl_dag.py","lineno":24}
{"timestamp":"2026-08-21T09:03:07.698570Z","level":"info","event":"ETL function imported succesfully!","logger":"unusual_prefix_377e48747e3957bb035dd88b74b86ec1d0ec8c25_stocks_etl_dag","filename":"stocks_etl_dag.py","lineno":32}
{"timestamp":"2026-08-21T09:03:07.704239Z","level":"info","event":"DAG loaded sucessfully!","logger":"unusual_prefix_377e48747e3957bb035dd88b74b86ec1d0ec8c25_stocks_etl_dag","filename":"stocks_etl_dag.py","lineno":103}
{"timestamp":"2026-08-21T09:03:38.225207Z","level":"info","event":"Filling up the DagBag from /opt/airflow/dags/stocks_etl_dag.py","logger":"airflow.dag_processing.dagbag.BundleDagBag","filename":"dagbag.py","lineno":460}
{"timestamp":"2026-08-21T09:03:38.589360Z","level":"info","event":"Pyspark imported, version: 3.5.2","logger":"unusual_prefix_377e48747e3957bb035dd88b74b86ec1d0ec8c25_stocks_etl_dag","filename":"stocks_etl_dag.py","lineno":24}
{"timestamp":"2026-08-21T09:03:40.225675Z","level":"info","event":"ETL function imported succesfully!","logger":"unusual_prefix_377e48747e3957bb035dd88b74b86ec1d0ec8c25_stocks_etl_dag","filename":"stocks_etl_dag.py","lineno":32}
{"timestamp":"2026-08-21T09:03:40.232781Z","level":"info","event":"DAG loaded sucessfully!","logger":"unusual_prefix_377e48747e3957bb035dd88b74b86ec1d0ec8c25_stocks_etl_dag","filename":"stocks_etl_dag.py","lineno":103}
{"timestamp":"2026-08-21T09:04:11.095471Z","level":"info","event":"Filling up the DagBag from /opt/airflow/dags/stocks_etl_dag.py","logger":"airflow.dag_processing.dagbag.BundleDagBag","filename":"dagbag.py","lineno":460}
{"timestamp":"2026-08-21T09:04:11.325720Z","level":"info","event":"Pyspark imported, version: 3.5.2","logger":"unusual_prefix_377e48747e3957bb035dd88b74b86ec1d0ec8c25_stocks_etl_dag","filename":"stocks_etl_dag.py","lineno":24}
{"timestamp":"2026-08-21T09:04:12.311203Z","level":"info","event":"ETL function imported succesfully!","logger":"unusual_prefix_377e48747e3957bb035dd88b74b86ec1d0ec8c25_stocks_etl_dag","filename":"stocks_etl_dag.py","lineno":32}
{"timestamp":"2026-08-21T09:04:12.316244Z","level":"info","event":"DAG loaded sucessfully!","logger":"unusual_prefix_377e48747e3957bb035dd88b74b86ec1d0ec8c25_stocks_etl_dag","filename":"stocks_etl_dag.py","lineno":103}
{"timestamp":"2026-08-21T09:04:42.949995Z","level":"info","event":"Filling up the DagBag from /opt/airflow/dags/stocks_etl_dag.py","logger":"airflow.dag_processing.dagbag.BundleDagBag","filename":"dagbag.py","lineno":460}
{"timestamp":"2026-08-21T09:04:43.294781Z","level":"info","event":"Pyspark imported, version: 3.5.2","logger":"unusual_prefix_377e48747e3957bb035dd88b74b86ec1d0ec8c25_stocks_etl_dag","filename":"stocks_etl_dag.py","lineno":24}
{"timestamp":"2026-08-21T09:04:44.760268Z","level":"info","event":"ETL function imported succesfully!","logger":"unusual_prefix_377e48747e3957bb035dd88b74b86ec1d0ec8c25_stocks_etl_dag","filename":"stocks_etl_dag.py","lineno":32}
{"timestamp":"2026-08-21T09:04:44.765599Z","level":"info","event":"DAG loaded sucessfully!","logger":"unusual_prefix_377e48747e3957bb035dd88b74b86ec1d0ec8c25_stocks_etl_dag","filename":"stocks_etl_dag.py","lineno":103}
{"timestamp":"2026-08-21T09:05:15.256040Z","level":"info","event":"Filling up the DagBag from /opt/airflow/dags/stocks_etl_dag.py","logger":"airflow.dag_processing.dagbag.BundleDagBag","filename":"dagbag.py","lineno":460}
{"timestamp":"2026-08-21T09:05:15.544685Z","level":"info","event":"Pyspark imported, version: 3.5.2","logger":"unusual_prefix_377e48747e3957bb035dd88b74b86ec1d0ec8c25_stocks_etl_dag","filename":"stocks_etl_dag.py","lineno":24}
{"timestamp":"2026-08-21T09:05:16.497301Z","level":"info","event":"ETL function imported succesfully!","logger":"unusual_prefix_377e48747e3957bb035dd88b74b86ec1d0ec8c25_stocks_etl_dag","filename":"stocks_etl_dag.py","lineno":32}
{"timestamp":"2026-08-21T09:05:16.502130Z","level":"info","event":"DAG loaded sucessfully!","logger":"unusual_prefix_377e48747e3957bb035dd88b74b86ec1d0ec8c25_stocks_etl_dag","filename":"stocks_etl_dag.py","lineno":103}
{"timestamp":"2026-08-21T09:05:47.120689Z","level":"info","event":"Filling up the DagBag from /opt/airflow/dags/stocks_etl_dag.py","logger":"airflow.dag_processing.dagbag.BundleDagBag","filename":"dagbag.py","lineno":460}
{"timestamp":"2026-08-21T09:05:47.414456Z","level":"info","event":"Pyspark imported, version: 3.5.2","logger":"unusual_prefix_377e48747e3957bb035dd88b74b86ec1d0ec8c25_stocks_etl_dag","filename":"stocks_etl_dag.py","lineno":24}
{"timestamp":"2026-08-21T09:05:48.567749Z","level":"info","event":"ETL function imported succesfully!","logger":"unusual_prefix_377e48747e3957bb035dd88b74b86ec1d0ec8c25_stocks_etl_dag","filename":"stocks_etl_dag.py","lineno":32}
{"timestamp":"2026-08-21T09:05:48.575071Z","level":"info","event":"DAG loaded sucessfully!","logger":"unusual_prefix_377e48747e3957bb035dd88b74b86ec1d0ec8c25_stocks_etl_dag","filename":"stocks_etl_dag.py","lineno":103}
{"timestamp":"2026-08-21T09:06:18.753563Z","level":"info","event":"Filling up the DagBag from /opt/airflow/dags/stocks_etl_dag.py","logger":"airflow.dag_processing.dagbag.BundleDagBag","filename":"dagbag.py","lineno":460}
{"timestamp":"2026-08-21T09:06:19.068293Z","level":"info","event":"Pyspark imported, version: 3.5.2","logger":"unusual_prefix_377e48747e3957bb035dd88b74b86ec1d0ec8c25_stocks_etl_dag","filename":"stocks_etl_dag.py","lineno":24}
{"timestamp":"2026-08-21T09:06:20.435568Z","level":"info","event":"ETL function imported succesfully!","logger":"unusual_prefix_377e48747e3957bb035dd88b74b86ec1d0ec8c25_stocks_etl_dag","filename":"stocks_etl_dag.py","lineno":32}
{"timestamp":"2026-08-21T09:06:20.440853Z","level":"info","event":"DAG loaded sucessfully!","logger":"unusual_prefix_377e48747e3957bb035dd88b74b86ec1d0ec8c25_stocks_etl_dag","filename":"stocks_etl_dag.py","lineno":103}
{"timestamp":"2026-08-21T09:06:50.993242Z","level":"info","event":"Filling up the DagBag from /opt/airflow/dags/stocks_etl_dag.py","logger":"airflow.dag_processing.dagbag.BundleDagBag","filename":"dagbag.py","lineno":460}
{"timestamp":"2026-08-21T09:06:51.267736Z","level":"info","event":"Pyspark imported, version: 3.5.2","logger":"unusual_prefix_377e48747e3957bb035dd88b74b86ec1d0ec8c25_stocks_etl_dag","filename":"stocks_etl_dag.py","lineno":24}
{"timestamp":"2026-08-21T09:06:52.031372Z","level":"info","event":"ETL function imported succesfully!","logger":"unusual_prefix_377e48747e3957bb035dd88b74b86ec1d0ec8c25_stocks_etl_dag","filename":"stocks_etl_dag.py","lineno":32}
{"timestamp":"2026-08-21T09:06:52.035199Z","level":"info","event":"DAG loaded sucessfully!","logger":"unusual_prefix_377e48747e3957bb035dd88b74b86ec1d0ec8c25_stocks_etl_dag","filename":"stocks_etl_dag.py","lineno":103}
{"timestamp":"2026-08-21T09:07:22.688600Z","level":"info","event":"Filling up the DagBag from /opt/airflow/dags/stocks_etl_dag.py","logger":"airflow.dag_processing.dagbag.BundleDagBag","filename":"dagbag.py","lineno":460}
{"timestamp":"2026-08-21T09:07:23.065478Z","level":"info","event":"Pyspark imported, version: 3.5.2","logger":"unusual_prefix_377e48747e3957bb035dd88b74b86ec1d0ec8c25_stocks_etl_dag","filename":"stocks_etl_dag.py","lineno":24}
{"timestamp":"2026-08-21T09:07:24.559051Z","level":"info","event":"ETL function imported succesfully!","logger":"unusual_prefix_377e48747e3957bb035dd88b74b86ec1d0ec8c25_stocks_etl_dag","filename":"stocks_etl_dag.py","lineno":32}
{"timestamp":"2026-08-21T09:07:24.566536Z","level":"info","event":"DAG loaded sucessfully!","logger":"unusual_prefix_377e48747e3957bb035dd88b74b86ec1d0ec8c25_stocks_etl_dag","filename":"stocks_etl_dag.py","lineno":103}
{"timestamp":"2026-08-21T09:07:55.178906Z","level":"info","event":"Filling up the DagBag from /opt/airflow/dags/stocks_etl_dag.py","logger":"airflow.dag_processing.dagbag.BundleDagBag","filename":"dagbag.py","lineno":460}
{"timestamp":"2026-08-21T09:07:55.621400Z","level":"info","event":"Pyspark imported, version: 3.5.2","logger":"unusual_prefix_377e48747e3957bb035dd88b74b86ec1d0ec8c25_stocks_etl_dag","filename":"stocks_etl_dag.py","lineno":24}
{"timestamp":"2026-08-21T09:07:57.496309Z","level":"info","event":"ETL function imported succesfully!","logger":"unusual_prefix_377e48747e3957bb035dd88b74b86ec1d0ec8c25_stocks_etl_dag","filename":"stocks_etl_dag.py","lineno":32}
{"timestamp":"2026-08-21T09:07:57.510065Z","level":"info","event":"DAG loaded sucessfully!","logger":"unusual_prefix_377e48747e3957bb035dd88b74b86ec1d0ec8c25_stocks_etl_dag","filename":"stocks_etl_dag.py","lineno":103}
{"timestamp":"2026-08-21T09:08:28.005948Z","level":"info","event":"Filling up the DagBag from /opt/airflow/dags/stocks_etl_dag.py","logger":"airflow.dag_processing.dagbag.BundleDagBag","filename":"dagbag.py","lineno":460}
{"timestamp":"2026-08-21T09:08:28.304927Z","level":"info","event":"Pyspark imported, version: 3.5.2","logger":"unusual_prefix_377e48747e3957bb035dd88b74b86ec1d0ec8c25_stocks_etl_dag","filename":"stocks_etl_dag.py","lineno":24}
{"timestamp":"2026-08-21T09:08:29.199224Z","level":"info","event":"ETL function imported succesfully!","logger":"unusual_prefix_377e48747e3957bb035dd88b74b86ec1d0ec8c25_stocks_etl_dag","filename":"stocks_etl_dag.py","lineno":32}
{"timestamp":"2026-08-21T09:08:29.218458Z","level":"info","event":"DAG loaded sucessfully!","logger":"unusual_prefix_377e48747e3957bb035dd88b74b86ec1d0ec8c25_stocks_etl_dag","filename":"stocks_etl_dag.py","lineno":103}
{"timestamp":"2026-08-21T09:08:59.857586Z","level":"info","event":"Filling up the DagBag from /opt/airflow/dags/stocks_etl_dag.py","logger":"airflow.dag_processing.dagbag.BundleDagBag","filename":"dagbag.py","lineno":460}
{"timestamp":"2026-08-21T09:09:00.100485Z","level":"info","event":"Pyspark imported, version: 3.5.2","logger":"unusual_prefix_377e48747e3957bb035dd88b74b86ec1d0ec8c25_stocks_etl_dag","filename":"stocks_etl_dag.py","lineno":24}
{"timestamp":"2026-08-21T09:09:01.098250Z","level":"info","event":"ETL function imported succesfully!","logger":"unusual_prefix_377e48747e3957bb035dd88b74b86ec1d0ec8c25_stocks_etl_dag","filename":"stocks_etl_dag.py","lineno":32}
{"timestamp":"2026-08-21T09:09:01.102150Z","level":"info","event":"DAG loaded sucessfully!","logger":"unusual_prefix_377e48747e3957bb035dd88b74b86ec1d0ec8c25_stocks_etl_dag","filename":"stocks_etl_dag.py","lineno":103}
{"timestamp":"2026-08-21T09:09:31.683194Z","level":"info","event":"Filling up the DagBag from /opt/airflow/dags/stocks_etl_dag.py","logger":"airflow.dag_processing.dagbag.BundleDagBag","filename":"dagbag.py","lineno":460}
{"timestamp":"2026-08-21T09:09:31.997322Z","level":"info","event":"Pyspark imported, version: 3.5.2","logger":"unusual_prefix_377e48747e3957bb035dd88b74b86ec1d0ec8c25_stocks_etl_dag","filename":"stocks_etl_dag.py","lineno":24}
{"timestamp":"2026-08-21T09:09:32.838023Z","level":"info","event":"ETL function imported succesfully!","logger":"unusual_prefix_377e48747e3957bb035dd88b74b86ec1d0ec8c25_stocks_etl_dag","filename":"stocks_etl_dag.py","lineno":32}
{"timestamp":"2026-08-21T09:09:32.842177Z","level":"info","event":"DAG loaded sucessfully!","logger":"unusual_prefix_377e48747e3957bb035dd88b74b86ec1d0ec8c25_stocks_etl_dag","filename":"stocks_etl_dag.py","lineno":103}
{"timestamp":"2026-08-21T09:10:03.438533Z","level":"info","event":"Filling up the DagBag from /opt/airflow/dags/stocks_etl_dag.py","logger":"airflow.dag_processing.dagbag.BundleDagBag","filename":"dagbag.py","lineno":460}
{"timestamp":"2026-08-21T09:10:03.707020Z","level":"info","event":"Pyspark imported, version: 3.5.2","logger":"unusual_prefix_377e48747e3957bb035dd88b74b86ec1d0ec8c25_stocks_etl_dag","filename":"stocks_etl_dag.py","lineno":24}
{"timestamp":"2026-08-21T09:10:04.486061Z","level":"info","event":"ETL function imported succesfully!","logger":"unusual_prefix_377e48747e3957bb035dd88b74b86ec1d0ec8c25_stocks_etl_dag","filename":"stocks_etl_dag.py","lineno":32}
{"timestamp":"2026-08-21T09:10:04.490191Z","level":"info","event":"DAG loaded sucessfully!","logger":"unusual_prefix_377e48747e3957bb035dd88b74b86ec1d0ec8c25_stocks_etl_dag","filename":"stocks_etl_dag.py","lineno":103}
{"timestamp":"2026-08-21T09:10:35.058099Z","level":"info","event":"Filling up the DagBag from /opt/airflow/dags/stocks_etl_dag.py","logger":"airflow.dag_processing.dagbag.BundleDagBag","filename":"dagbag.py","lineno":460}
{"timestamp":"2026-08-21T09:10:35.444721Z","level":"info","event":"Pyspark imported, version: 3.5.2","logger":"unusual_prefix_377e48747e3957bb035dd88b74b86ec1d0ec8c25_stocks_etl_dag","filename":"stocks_etl_dag.py","lineno":24}
{"timestamp":"2026-08-21T09:10:37.019865Z","level":"info","event":"ETL function imported succesfully!","logger":"unusual_prefix_377e48747e3957bb035dd88b74b86ec1d0ec8c25_stocks_etl_dag","filename":"stocks_etl_dag.py","lineno":32}
{"timestamp":"2026-08-21T09:10:37.024654Z","level":"info","event":"DAG loaded sucessfully!","logger":"unusual_prefix_377e48747e3957bb035dd88b74b86ec1d0ec8c25_stocks_etl_dag","filename":"stocks_etl_dag.py","lineno":103}
{"timestamp":"2026-08-21T09:11:07.774079Z","level":"info","event":"Filling up the DagBag from /opt/airflow/dags/stocks_etl_dag.py","logger":"airflow.dag_processing.dagbag.BundleDagBag","filename":"dagbag.py","lineno":460}
{"timestamp":"2026-08-21T09:11:08.645087Z","level":"info","event":"Pyspark imported, version: 3.5.2","logger":"unusual_prefix_377e48747e3957bb035dd88b74b86ec1d0ec8c25_stocks_etl_dag","filename":"stocks_etl_dag.py","lineno":24}
{"timestamp":"2026-08-21T09:11:10.752032Z","level":"info","event":"ETL function imported succesfully!","logger":"unusual_prefix_377e48747e3957bb035dd88b74b86ec1d0ec8c25_stocks_etl_dag","filename":"stocks_etl_dag.py","lineno":32}
{"timestamp":"2026-08-21T09:11:10.760688Z","level":"info","event":"DAG loaded sucessfully!","logger":"unusual_prefix_377e48747e3957bb035dd88b74b86ec1d0ec8c25_stocks_etl_dag","filename":"stocks_etl_dag.py","lineno":103}
{"timestamp":"2026-08-21T09:11:41.339840Z","level":"info","event":"Filling up the DagBag from /opt/airflow/dags/stocks_etl_dag.py","logger":"airflow.dag_processing.dagbag.BundleDagBag","filename":"dagbag.py","lineno":460}
{"timestamp":"2026-08-21T09:11:42.313858Z","level":"info","event":"Pyspark imported, version: 3.5.2","logger":"unusual_prefix_377e48747e3957bb035dd88b74b86ec1d0ec8c25_stocks_etl_dag","filename":"stocks_etl_dag.py","lineno":24}
{"timestamp":"2026-08-21T09:11:45.838622Z","level":"info","event":"ETL function imported succesfully!","logger":"unusual_prefix_377e48747e3957bb035dd88b74b86ec1d0ec8c25_stocks_etl_dag","filename":"stocks_etl_dag.py","lineno":32}
{"timestamp":"2026-08-21T09:11:45.877272Z","level":"info","event":"DAG loaded sucessfully!","logger":"unusual_prefix_377e48747e3957bb035dd88b74b86ec1d0ec8c25_stocks_etl_dag","filename":"stocks_etl_dag.py","lineno":103}
{"timestamp":"2026-08-21T09:12:16.933406Z","level":"info","event":"Filling up the DagBag from /opt/airflow/dags/stocks_etl_dag.py","logger":"airflow.dag_processing.dagbag.BundleDagBag","filename":"dagbag.py","lineno":460}
{"timestamp":"2026-08-21T09:12:17.242226Z","level":"info","event":"Pyspark imported, version: 3.5.2","logger":"unusual_prefix_377e48747e3957bb035dd88b74b86ec1d0ec8c25_stocks_etl_dag","filename":"stocks_etl_dag.py","lineno":24}
{"timestamp":"2026-08-21T09:12:18.320912Z","level":"info","event":"ETL function imported succesfully!","logger":"unusual_prefix_377e48747e3957bb035dd88b74b86ec1d0ec8c25_stocks_etl_dag","filename":"stocks_etl_dag.py","lineno":32}
{"timestamp":"2026-08-21T09:12:18.332963Z","level":"info","event":"DAG loaded sucessfully!","logger":"unusual_prefix_377e48747e3957bb035dd88b74b86ec1d0ec8c25_stocks_etl_dag","filename":"stocks_etl_dag.py","lineno":103}
{"timestamp":"2026-08-21T09:12:48.925086Z","level":"info","event":"Filling up the DagBag from /opt/airflow/dags/stocks_etl_dag.py","logger":"airflow.dag_processing.dagbag.BundleDagBag","filename":"dagbag.py","lineno":460}
{"timestamp":"2026-08-21T09:12:49.157236Z","level":"info","event":"Pyspark imported, version: 3.5.2","logger":"unusual_prefix_377e48747e3957bb035dd88b74b86ec1d0ec8c25_stocks_etl_dag","filename":"stocks_etl_dag.py","lineno":24}
{"timestamp":"2026-08-21T09:12:49.837587Z","level":"info","event":"ETL function imported succesfully!","logger":"unusual_prefix_377e48747e3957bb035dd88b74b86ec1d0ec8c25_stocks_etl_dag","filename":"stocks_etl_dag.py","lineno":32}
{"timestamp":"2026-08-21T09:12:49.841712Z","level":"info","event":"DAG loaded sucessfully!","logger":"unusual_prefix_377e48747e3957bb035dd88b74b86ec1d0ec8c25_stocks_etl_dag","filename":"stocks_etl_dag.py","lineno":103}
{"timestamp":"2026-08-21T09:13:20.026634Z","level":"info","event":"Filling up the DagBag from /opt/airflow/dags/stocks_etl_dag.py","logger":"airflow.dag_processing.dagbag.BundleDagBag","filename":"dagbag.py","lineno":460}
{"timestamp":"2026-08-21T09:13:20.269618Z","level":"info","event":"Pyspark imported, version: 3.5.2","logger":"unusual_prefix_377e48747e3957bb035dd88b74b86ec1d0ec8c25_stocks_etl_dag","filename":"stocks_etl_dag.py","lineno":24}
{"timestamp":"2026-08-21T09:13:21.038315Z","level":"info","event":"ETL function imported succesfully!","logger":"unusual_prefix_377e48747e3957bb035dd88b74b86ec1d0ec8c25_stocks_etl_dag","filename":"stocks_etl_dag.py","lineno":32}
{"timestamp":"2026-08-21T09:13:21.042824Z","level":"info","event":"DAG loaded sucessfully!","logger":"unusual_prefix_377e48747e3957bb035dd88b74b86ec1d0ec8c25_stocks_etl_dag","filename":"stocks_etl_dag.py","lineno":103}
{"timestamp":"2026-08-21T09:13:51.192738Z","level":"info","event":"Filling up the DagBag from /opt/airflow/dags/stocks_etl_dag.py","logger":"airflow.dag_processing.dagbag.BundleDagBag","filename":"dagbag.py","lineno":460}
{"timestamp":"2026-08-21T09:13:51.384693Z","level":"info","event":"Pyspark imported, version: 3.5.2","logger":"unusual_prefix_377e48747e3957bb035dd88b74b86ec1d0ec8c25_stocks_etl_dag","filename":"stocks_etl_dag.py","lineno":24}
{"timestamp":"2026-08-21T09:13:52.181110Z","level":"info","event":"ETL function imported succesfully!","logger":"unusual_prefix_377e48747e3957bb035dd88b74b86ec1d0ec8c25_stocks_etl_dag","filename":"stocks_etl_dag.py","lineno":32}
{"timestamp":"2026-08-21T09:13:52.186199Z","level":"info","event":"DAG loaded sucessfully!","logger":"unusual_prefix_377e48747e3957bb035dd88b74b86ec1d0ec8c25_stocks_etl_dag","filename":"stocks_etl_dag.py","lineno":103}
{"timestamp":"2026-08-21T09:14:22.752567Z","level":"info","event":"Filling up the DagBag from /opt/airflow/dags/stocks_etl_dag.py","logger":"airflow.dag_processing.dagbag.BundleDagBag","filename":"dagbag.py","lineno":460}
{"timestamp":"2026-08-21T09:14:23.077603Z","level":"info","event":"Pyspark imported, version: 3.5.2","logger":"unusual_prefix_377e48747e3957bb035dd88b74b86ec1d0ec8c25_stocks_etl_dag","filename":"stocks_etl_dag.py","lineno":24}
{"timestamp":"2026-08-21T09:14:24.727886Z","level":"info","event":"ETL function imported succesfully!","logger":"unusual_prefix_377e48747e3957bb035dd88b74b86ec1d0ec8c25_stocks_etl_dag","filename":"stocks_etl_dag.py","lineno":32}
{"timestamp":"2026-08-21T09:14:24.740428Z","level":"info","event":"DAG loaded sucessfully!","logger":"unusual_prefix_377e48747e3957bb035dd88b74b86ec1d0ec8c25_stocks_etl_dag","filename":"stocks_etl_dag.py","lineno":103}
{"timestamp":"2026-08-21T09:14:55.389861Z","level":"info","event":"Filling up the DagBag from /opt/airflow/dags/stocks_etl_dag.py","logger":"airflow.dag_processing.dagbag.BundleDagBag","filename":"dagbag.py","lineno":460}
{"timestamp":"2026-08-21T09:14:55.855426Z","level":"info","event":"Pyspark imported, version: 3.5.2","logger":"unusual_prefix_377e48747e3957bb035dd88b74b86ec1d0ec8c25_stocks_etl_dag","filename":"stocks_etl_dag.py","lineno":24}
{"timestamp":"2026-08-21T09:14:57.903483Z","level":"info","event":"ETL function imported succesfully!","logger":"unusual_prefix_377e48747e3957bb035dd88b74b86ec1d0ec8c25_stocks_etl_dag","filename":"stocks_etl_dag.py","lineno":32}
{"timestamp":"2026-08-21T09:14:57.924833Z","level":"info","event":"DAG loaded sucessfully!","logger":"unusual_prefix_377e48747e3957bb035dd88b74b86ec1d0ec8c25_stocks_etl_dag","filename":"stocks_etl_dag.py","lineno":103}
{"timestamp":"2026-08-21T09:15:28.562159Z","level":"info","event":"Filling up the DagBag from /opt/airflow/dags/stocks_etl_dag.py","logger":"airflow.dag_processing.dagbag.BundleDagBag","filename":"dagbag.py","lineno":460}
{"timestamp":"2026-08-21T09:15:28.799418Z","level":"info","event":"Pyspark imported, version: 3.5.2","logger":"unusual_prefix_377e48747e3957bb035dd88b74b86ec1d0ec8c25_stocks_etl_dag","filename":"stocks_etl_dag.py","lineno":24}
{"timestamp":"2026-08-21T09:15:30.175253Z","level":"info","event":"ETL function imported succesfully!","logger":"unusual_prefix_377e48747e3957bb035dd88b74b86ec1d0ec8c25_stocks_etl_dag","filename":"stocks_etl_dag.py","lineno":32}
{"timestamp":"2026-08-21T09:15:30.183902Z","level":"info","event":"DAG loaded sucessfully!","logger":"unusual_prefix_377e48747e3957bb035dd88b74b86ec1d0ec8c25_stocks_etl_dag","filename":"stocks_etl_dag.py","lineno":103}
{"timestamp":"2026-08-21T09:16:00.676671Z","level":"info","event":"Filling up the DagBag from /opt/airflow/dags/stocks_etl_dag.py","logger":"airflow.dag_processing.dagbag.BundleDagBag","filename":"dagbag.py","lineno":460}
{"timestamp":"2026-08-21T09:16:00.940766Z","level":"info","event":"Pyspark imported, version: 3.5.2","logger":"unusual_prefix_377e48747e3957bb035dd88b74b86ec1d0ec8c25_stocks_etl_dag","filename":"stocks_etl_dag.py","lineno":24}
{"timestamp":"2026-08-21T09:16:01.729249Z","level":"info","event":"ETL function imported succesfully!","logger":"unusual_prefix_377e48747e3957bb035dd88b74b86ec1d0ec8c25_stocks_etl_dag","filename":"stocks_etl_dag.py","lineno":32}
{"timestamp":"2026-08-21T09:16:01.733196Z","level":"info","event":"DAG loaded sucessfully!","logger":"unusual_prefix_377e48747e3957bb035dd88b74b86ec1d0ec8c25_stocks_etl_dag","filename":"stocks_etl_dag.py","lineno":103}
{"timestamp":"2026-08-21T09:16:32.581218Z","level":"info","event":"Filling up the DagBag from /opt/airflow/dags/stocks_etl_dag.py","logger":"airflow.dag_processing.dagbag.BundleDagBag","filename":"dagbag.py","lineno":460}
{"timestamp":"2026-08-21T09:16:32.952765Z","level":"info","event":"Pyspark imported, version: 3.5.2","logger":"unusual_prefix_377e48747e3957bb035dd88b74b86ec1d0ec8c25_stocks_etl_dag","filename":"stocks_etl_dag.py","lineno":24}
{"timestamp":"2026-08-21T09:16:34.319391Z","level":"info","event":"ETL function imported succesfully!","logger":"unusual_prefix_377e48747e3957bb035dd88b74b86ec1d0ec8c25_stocks_etl_dag","filename":"stocks_etl_dag.py","lineno":32}
{"timestamp":"2026-08-21T09:16:34.326009Z","level":"info","event":"DAG loaded sucessfully!","logger":"unusual_prefix_377e48747e3957bb035dd88b74b86ec1d0ec8c25_stocks_etl_dag","filename":"stocks_etl_dag.py","lineno":103}
{"timestamp":"2026-08-21T09:17:05.078537Z","level":"info","event":"Filling up the DagBag from /opt/airflow/dags/stocks_etl_dag.py","logger":"airflow.dag_processing.dagbag.BundleDagBag","filename":"dagbag.py","lineno":460}
{"timestamp":"2026-08-21T09:17:05.393211Z","level":"info","event":"Pyspark imported, version: 3.5.2","logger":"unusual_prefix_377e48747e3957bb035dd88b74b86ec1d0ec8c25_stocks_etl_dag","filename":"stocks_etl_dag.py","lineno":24}
{"timestamp":"2026-08-21T09:17:06.720297Z","level":"info","event":"ETL function imported succesfully!","logger":"unusual_prefix_377e48747e3957bb035dd88b74b86ec1d0ec8c25_stocks_etl_dag","filename":"stocks_etl_dag.py","lineno":32}
{"timestamp":"2026-08-21T09:17:06.732814Z","level":"info","event":"DAG loaded sucessfully!","logger":"unusual_prefix_377e48747e3957bb035dd88b74b86ec1d0ec8c25_stocks_etl_dag","filename":"stocks_etl_dag.py","lineno":103}
{"timestamp":"2026-08-21T09:17:37.467600Z","level":"info","event":"Filling up the DagBag from /opt/airflow/dags/stocks_etl_dag.py","logger":"airflow.dag_processing.dagbag.BundleDagBag","filename":"dagbag.py","lineno":460}
{"timestamp":"2026-08-21T09:17:37.757207Z","level":"info","event":"Pyspark imported, version: 3.5.2","logger":"unusual_prefix_377e48747e3957bb035dd88b74b86ec1d0ec8c25_stocks_etl_dag","filename":"stocks_etl_dag.py","lineno":24}
{"timestamp":"2026-08-21T09:17:39.015622Z","level":"info","event":"ETL function imported succesfully!","logger":"unusual_prefix_377e48747e3957bb035dd88b74b86ec1d0ec8c25_stocks_etl_dag","filename":"stocks_etl_dag.py","lineno":32}
{"timestamp":"2026-08-21T09:17:39.021842Z","level":"info","event":"DAG loaded sucessfully!","logger":"unusual_prefix_377e48747e3957bb035dd88b74b86ec1d0ec8c25_stocks_etl_dag","filename":"stocks_etl_dag.py","lineno":103}
{"timestamp":"2026-08-21T09:18:09.242602Z","level":"info","event":"Filling up the DagBag from /opt/airflow/dags/stocks_etl_dag.py","logger":"airflow.dag_processing.dagbag.BundleDagBag","filename":"dagbag.py","lineno":460}
{"timestamp":"2026-08-21T09:18:09.491662Z","level":"info","event":"Pyspark imported, version: 3.5.2","logger":"unusual_prefix_377e48747e3957bb035dd88b74b86ec1d0ec8c25_stocks_etl_dag","filename":"stocks_etl_dag.py","lineno":24}
{"timestamp":"2026-08-21T09:18:10.369687Z","level":"info","event":"ETL function imported succesfully!","logger":"unusual_prefix_377e48747e3957bb035dd88b74b86ec1d0ec8c25_stocks_etl_dag","filename":"stocks_etl_dag.py","lineno":32}
{"timestamp":"2026-08-21T09:18:10.373887Z","level":"info","event":"DAG loaded sucessfully!","logger":"unusual_prefix_377e48747e3957bb035dd88b74b86ec1d0ec8c25_stocks_etl_dag","filename":"stocks_etl_dag.py","lineno":103}
{"timestamp":"2026-08-21T09:18:41.035169Z","level":"info","event":"Filling up the DagBag from /opt/airflow/dags/stocks_etl_dag.py","logger":"airflow.dag_processing.dagbag.BundleDagBag","filename":"dagbag.py","lineno":460}
{"timestamp":"2026-08-21T09:18:41.493864Z","level":"info","event":"Pyspark imported, version: 3.5.2","logger":"unusual_prefix_377e48747e3957bb035dd88b74b86ec1d0ec8c25_stocks_etl_dag","filename":"stocks_etl_dag.py","lineno":24}
{"timestamp":"2026-08-21T09:18:43.383189Z","level":"info","event":"ETL function imported succesfully!","logger":"unusual_prefix_377e48747e3957bb035dd88b74b86ec1d0ec8c25_stocks_etl_dag","filename":"stocks_etl_dag.py","lineno":32}
{"timestamp":"2026-08-21T09:18:43.393273Z","level":"info","event":"DAG loaded sucessfully!","logger":"unusual_prefix_377e48747e3957bb035dd88b74b86ec1d0ec8c25_stocks_etl_dag","filename":"stocks_etl_dag.py","lineno":103}
{"timestamp":"2026-08-21T09:19:13.935538Z","level":"info","event":"Filling up the DagBag from /opt/airflow/dags/stocks_etl_dag.py","logger":"airflow.dag_processing.dagbag.BundleDagBag","filename":"dagbag.py","lineno":460}
{"timestamp":"2026-08-21T09:19:14.322571Z","level":"info","event":"Pyspark imported, version: 3.5.2","logger":"unusual_prefix_377e48747e3957bb035dd88b74b86ec1d0ec8c25_stocks_etl_dag","filename":"stocks_etl_dag.py","lineno":24}
{"timestamp":"2026-08-21T09:19:15.821768Z","level":"info","event":"ETL function imported succesfully!","logger":"unusual_prefix_377e48747e3957bb035dd88b74b86ec1d0ec8c25_stocks_etl_dag","filename":"stocks_etl_dag.py","lineno":32}
{"timestamp":"2026-08-21T09:19:15.828267Z","level":"info","event":"DAG loaded sucessfully!","logger":"unusual_prefix_377e48747e3957bb035dd88b74b86ec1d0ec8c25_stocks_etl_dag","filename":"stocks_etl_dag.py","lineno":103}
{"timestamp":"2026-08-21T09:19:46.407490Z","level":"info","event":"Filling up the DagBag from /opt/airflow/dags/stocks_etl_dag.py","logger":"airflow.dag_processing.dagbag.BundleDagBag","filename":"dagbag.py","lineno":460}
{"timestamp":"2026-08-21T09:19:46.724454Z","level":"info","event":"Pyspark imported, version: 3.5.2","logger":"unusual_prefix_377e48747e3957bb035dd88b74b86ec1d0ec8c25_stocks_etl_dag","filename":"stocks_etl_dag.py","lineno":24}
{"timestamp":"2026-08-21T09:19:48.103265Z","level":"info","event":"ETL function imported succesfully!","logger":"unusual_prefix_377e48747e3957bb035dd88b74b86ec1d0ec8c25_stocks_etl_dag","filename":"stocks_etl_dag.py","lineno":32}
{"timestamp":"2026-08-21T09:19:48.110364Z","level":"info","event":"DAG loaded sucessfully!","logger":"unusual_prefix_377e48747e3957bb035dd88b74b86ec1d0ec8c25_stocks_etl_dag","filename":"stocks_etl_dag.py","lineno":103}
{"timestamp":"2026-08-21T09:20:18.688937Z","level":"info","event":"Filling up the DagBag from /opt/airflow/dags/stocks_etl_dag.py","logger":"airflow.dag_processing.dagbag.BundleDagBag","filename":"dagbag.py","lineno":460}
{"timestamp":"2026-08-21T09:20:19.221160Z","level":"info","event":"Pyspark imported, version: 3.5.2","logger":"unusual_prefix_377e48747e3957bb035dd88b74b86ec1d0ec8c25_stocks_etl_dag","filename":"stocks_etl_dag.py","lineno":24}
{"timestamp":"2026-08-21T09:20:21.080920Z","level":"info","event":"ETL function imported succesfully!","logger":"unusual_prefix_377e48747e3957bb035dd88b74b86ec1d0ec8c25_stocks_etl_dag","filename":"stocks_etl_dag.py","lineno":32}
{"timestamp":"2026-08-21T09:20:21.101392Z","level":"info","event":"DAG loaded sucessfully!","logger":"unusual_prefix_377e48747e3957bb035dd88b74b86ec1d0ec8c25_stocks_etl_dag","filename":"stocks_etl_dag.py","lineno":103}
{"timestamp":"2026-08-21T09:20:51.609227Z","level":"info","event":"Filling up the DagBag from /opt/airflow/dags/stocks_etl_dag.py","logger":"airflow.dag_processing.dagbag.BundleDagBag","filename":"dagbag.py","lineno":460}
{"timestamp":"2026-08-21T09:20:51.881607Z","level":"info","event":"Pyspark imported, version: 3.5.2","logger":"unusual_prefix_377e48747e3957bb035dd88b74b86ec1d0ec8c25_stocks_etl_dag","filename":"stocks_etl_dag.py","lineno":24}
{"timestamp":"2026-08-21T09:20:52.682351Z","level":"info","event":"ETL function imported succesfully!","logger":"unusual_prefix_377e48747e3957bb035dd88b74b86ec1d0ec8c25_stocks_etl_dag","filename":"stocks_etl_dag.py","lineno":32}
{"timestamp":"2026-08-21T09:20:52.705615Z","level":"info","event":"DAG loaded sucessfully!","logger":"unusual_prefix_377e48747e3957bb035dd88b74b86ec1d0ec8c25_stocks_etl_dag","filename":"stocks_etl_dag.py","lineno":103}
{"timestamp":"2026-08-21T09:21:23.353612Z","level":"info","event":"Filling up the DagBag from /opt/airflow/dags/stocks_etl_dag.py","logger":"airflow.dag_processing.dagbag.BundleDagBag","filename":"dagbag.py","lineno":460}
{"timestamp":"2026-08-21T09:21:23.694872Z","level":"info","event":"Pyspark imported, version: 3.5.2","logger":"unusual_prefix_377e48747e3957bb035dd88b74b86ec1d0ec8c25_stocks_etl_dag","filename":"stocks_etl_dag.py","lineno":24}
{"timestamp":"2026-08-21T09:21:24.752600Z","level":"info","event":"ETL function imported succesfully!","logger":"unusual_prefix_377e48747e3957bb035dd88b74b86ec1d0ec8c25_stocks_etl_dag","filename":"stocks_etl_dag.py","lineno":32}
{"timestamp":"2026-08-21T09:21:24.756684Z","level":"info","event":"DAG loaded sucessfully!","logger":"unusual_prefix_377e48747e3957bb035dd88b74b86ec1d0ec8c25_stocks_etl_dag","filename":"stocks_etl_dag.py","lineno":103}
{"timestamp":"2026-08-21T09:21:55.227066Z","level":"info","event":"Filling up the DagBag from /opt/airflow/dags/stocks_etl_dag.py","logger":"airflow.dag_processing.dagbag.BundleDagBag","filename":"dagbag.py","lineno":460}
{"timestamp":"2026-08-21T09:21:55.496261Z","level":"info","event":"Pyspark imported, version: 3.5.2","logger":"unusual_prefix_377e48747e3957bb035dd88b74b86ec1d0ec8c25_stocks_etl_dag","filename":"stocks_etl_dag.py","lineno":24}
{"timestamp":"2026-08-21T09:21:56.472162Z","level":"info","event":"ETL function imported succesfully!","logger":"unusual_prefix_377e48747e3957bb035dd88b74b86ec1d0ec8c25_stocks_etl_dag","filename":"stocks_etl_dag.py","lineno":32}
{"timestamp":"2026-08-21T09:21:56.476076Z","level":"info","event":"DAG loaded sucessfully!","logger":"unusual_prefix_377e48747e3957bb035dd88b74b86ec1d0ec8c25_stocks_etl_dag","filename":"stocks_etl_dag.py","lineno":103}
{"timestamp":"2026-08-21T09:22:27.032329Z","level":"info","event":"Filling up the DagBag from /opt/airflow/dags/stocks_etl_dag.py","logger":"airflow.dag_processing.dagbag.BundleDagBag","filename":"dagbag.py","lineno":460}
{"timestamp":"2026-08-21T09:22:27.276306Z","level":"info","event":"Pyspark imported, version: 3.5.2","logger":"unusual_prefix_377e48747e3957bb035dd88b74b86ec1d0ec8c25_stocks_etl_dag","filename":"stocks_etl_dag.py","lineno":24}
{"timestamp":"2026-08-21T09:22:28.072371Z","level":"info","event":"ETL function imported succesfully!","logger":"unusual_prefix_377e48747e3957bb035dd88b74b86ec1d0ec8c25_stocks_etl_dag","filename":"stocks_etl_dag.py","lineno":32}
{"timestamp":"2026-08-21T09:22:28.077590Z","level":"info","event":"DAG loaded sucessfully!","logger":"unusual_prefix_377e48747e3957bb035dd88b74b86ec1d0ec8c25_stocks_etl_dag","filename":"stocks_etl_dag.py","lineno":103}
{"timestamp":"2026-08-21T09:22:58.531715Z","level":"info","event":"Filling up the DagBag from /opt/airflow/dags/stocks_etl_dag.py","logger":"airflow.dag_processing.dagbag.BundleDagBag","filename":"dagbag.py","lineno":460}
{"timestamp":"2026-08-21T09:22:58.810961Z","level":"info","event":"Pyspark imported, version: 3.5.2","logger":"unusual_prefix_377e48747e3957bb035dd88b74b86ec1d0ec8c25_stocks_etl_dag","filename":"stocks_etl_dag.py","lineno":24}
{"timestamp":"2026-08-21T09:22:59.968360Z","level":"info","event":"ETL function imported succesfully!","logger":"unusual_prefix_377e48747e3957bb035dd88b74b86ec1d0ec8c25_stocks_etl_dag","filename":"stocks_etl_dag.py","lineno":32}
{"timestamp":"2026-08-21T09:22:59.978141Z","level":"info","event":"DAG loaded sucessfully!","logger":"unusual_prefix_377e48747e3957bb035dd88b74b86ec1d0ec8c25_stocks_etl_dag","filename":"stocks_etl_dag.py","lineno":103}
{"timestamp":"2026-08-21T09:23:30.534325Z","level":"info","event":"Filling up the DagBag from /opt/airflow/dags/stocks_etl_dag.py","logger":"airflow.dag_processing.dagbag.BundleDagBag","filename":"dagbag.py","lineno":460}
{"timestamp":"2026-08-21T09:23:30.976595Z","level":"info","event":"Pyspark imported, version: 3.5.2","logger":"unusual_prefix_377e48747e3957bb035dd88b74b86ec1d0ec8c25_stocks_etl_dag","filename":"stocks_etl_dag.py","lineno":24}
{"timestamp":"2026-08-21T09:23:32.548642Z","level":"info","event":"ETL function imported succesfully!","logger":"unusual_prefix_377e48747e3957bb035dd88b74b86ec1d0ec8c25_stocks_etl_dag","filename":"stocks_etl_dag.py","lineno":32}
{"timestamp":"2026-08-21T09:23:32.553253Z","level":"info","event":"DAG loaded sucessfully!","logger":"unusual_prefix_377e48747e3957bb035dd88b74b86ec1d0ec8c25_stocks_etl_dag","filename":"stocks_etl_dag.py","lineno":103}
{"timestamp":"2026-08-21T09:24:03.059595Z","level":"info","event":"Filling up the DagBag from /opt/airflow/dags/stocks_etl_dag.py","logger":"airflow.dag_processing.dagbag.BundleDagBag","filename":"dagbag.py","lineno":460}
{"timestamp":"2026-08-21T09:24:03.451223Z","level":"info","event":"Pyspark imported, version: 3.5.2","logger":"unusual_prefix_377e48747e3957bb035dd88b74b86ec1d0ec8c25_stocks_etl_dag","filename":"stocks_etl_dag.py","lineno":24}
{"timestamp":"2026-08-21T09:24:05.210879Z","level":"info","event":"ETL function imported succesfully!","logger":"unusual_prefix_377e48747e3957bb035dd88b74b86ec1d0ec8c25_stocks_etl_dag","filename":"stocks_etl_dag.py","lineno":32}
{"timestamp":"2026-08-21T09:24:05.217061Z","level":"info","event":"DAG loaded sucessfully!","logger":"unusual_prefix_377e48747e3957bb035dd88b74b86ec1d0ec8c25_stocks_etl_dag","filename":"stocks_etl_dag.py","lineno":103}
{"timestamp":"2026-08-21T09:24:35.805711Z","level":"info","event":"Filling up the DagBag from /opt/airflow/dags/stocks_etl_dag.py","logger":"airflow.dag_processing.dagbag.BundleDagBag","filename":"dagbag.py","lineno":460}
{"timestamp":"2026-08-21T09:24:36.114758Z","level":"info","event":"Pyspark imported, version: 3.5.2","logger":"unusual_prefix_377e48747e3957bb035dd88b74b86ec1d0ec8c25_stocks_etl_dag","filename":"stocks_etl_dag.py","lineno":24}
{"timestamp":"2026-08-21T09:24:37.083457Z","level":"info","event":"ETL function imported succesfully!","logger":"unusual_prefix_377e48747e3957bb035dd88b74b86ec1d0ec8c25_stocks_etl_dag","filename":"stocks_etl_dag.py","lineno":32}
{"timestamp":"2026-08-21T09:24:37.089871Z","level":"info","event":"DAG loaded sucessfully!","logger":"unusual_prefix_377e48747e3957bb035dd88b74b86ec1d0ec8c25_stocks_etl_dag","filename":"stocks_etl_dag.py","lineno":103}
{"timestamp":"2026-08-21T09:25:07.546327Z","level":"info","event":"Filling up the DagBag from /opt/airflow/dags/stocks_etl_dag.py","logger":"airflow.dag_processing.dagbag.BundleDagBag","filename":"dagbag.py","lineno":460}
{"timestamp":"2026-08-21T09:25:07.777597Z","level":"info","event":"Pyspark imported, version: 3.5.2","logger":"unusual_prefix_377e48747e3957bb035dd88b74b86ec1d0ec8c25_stocks_etl_dag","filename":"stocks_etl_dag.py","lineno":24}
{"timestamp":"2026-08-21T09:25:08.495483Z","level":"info","event":"ETL function imported succesfully!","logger":"unusual_prefix_377e48747e3957bb035dd88b74b86ec1d0ec8c25_stocks_etl_dag","filename":"stocks_etl_dag.py","lineno":32}
{"timestamp":"2026-08-21T09:25:08.499567Z","level":"info","event":"DAG loaded sucessfully!","logger":"unusual_prefix_377e48747e3957bb035dd88b74b86ec1d0ec8c25_stocks_etl_dag","filename":"stocks_etl_dag.py","lineno":103}
{"timestamp":"2026-08-21T09:25:39.184675Z","level":"info","event":"Filling up the DagBag from /opt/airflow/dags/stocks_etl_dag.py","logger":"airflow.dag_processing.dagbag.BundleDagBag","filename":"dagbag.py","lineno":460}
{"timestamp":"2026-08-21T09:25:39.473931Z","level":"info","event":"Pyspark imported, version: 3.5.2","logger":"unusual_prefix_377e48747e3957bb035dd88b74b86ec1d0ec8c25_stocks_etl_dag","filename":"stocks_etl_dag.py","lineno":24}
{"timestamp":"2026-08-21T09:25:40.624697Z","level":"info","event":"ETL function imported succesfully!","logger":"unusual_prefix_377e48747e3957bb035dd88b74b86ec1d0ec8c25_stocks_etl_dag","filename":"stocks_etl_dag.py","lineno":32}
{"timestamp":"2026-08-21T09:25:40.630058Z","level":"info","event":"DAG loaded sucessfully!","logger":"unusual_prefix_377e48747e3957bb035dd88b74b86ec1d0ec8c25_stocks_etl_dag","filename":"stocks_etl_dag.py","lineno":103}
{"timestamp":"2026-08-21T09:26:11.151674Z","level":"info","event":"Filling up the DagBag from /opt/airflow/dags/stocks_etl_dag.py","logger":"airflow.dag_processing.dagbag.BundleDagBag","filename":"dagbag.py","lineno":460}
{"timestamp":"2026-08-21T09:26:11.393387Z","level":"info","event":"Pyspark imported, version: 3.5.2","logger":"unusual_prefix_377e48747e3957bb035dd88b74b86ec1d0ec8c25_stocks_etl_dag","filename":"stocks_etl_dag.py","lineno":24}
{"timestamp":"2026-08-21T09:26:12.219998Z","level":"info","event":"ETL function imported succesfully!","logger":"unusual_prefix_377e48747e3957bb035dd88b74b86ec1d0ec8c25_stocks_etl_dag","filename":"stocks_etl_dag.py","lineno":32}
{"timestamp":"2026-08-21T09:26:12.224219Z","level":"info","event":"DAG loaded sucessfully!","logger":"unusual_prefix_377e48747e3957bb035dd88b74b86ec1d0ec8c25_stocks_etl_dag","filename":"stocks_etl_dag.py","lineno":103}
{"timestamp":"2026-08-21T09:26:42.498824Z","level":"info","event":"Filling up the DagBag from /opt/airflow/dags/stocks_etl_dag.py","logger":"airflow.dag_processing.dagbag.BundleDagBag","filename":"dagbag.py","lineno":460}
{"timestamp":"2026-08-21T09:26:43.189649Z","level":"info","event":"Pyspark imported, version: 3.5.2","logger":"unusual_prefix_377e48747e3957bb035dd88b74b86ec1d0ec8c25_stocks_etl_dag","filename":"stocks_etl_dag.py","lineno":24}
{"timestamp":"2026-08-21T09:26:45.543673Z","level":"info","event":"ETL function imported succesfully!","logger":"unusual_prefix_377e48747e3957bb035dd88b74b86ec1d0ec8c25_stocks_etl_dag","filename":"stocks_etl_dag.py","lineno":32}
{"timestamp":"2026-08-21T09:26:45.556011Z","level":"info","event":"DAG loaded sucessfully!","logger":"unusual_prefix_377e48747e3957bb035dd88b74b86ec1d0ec8c25_stocks_etl_dag","filename":"stocks_etl_dag.py","lineno":103}
{"timestamp":"2026-08-21T09:27:16.158849Z","level":"info","event":"Filling up the DagBag from /opt/airflow/dags/stocks_etl_dag.py","logger":"airflow.dag_processing.dagbag.BundleDagBag","filename":"dagbag.py","lineno":460}
{"timestamp":"2026-08-21T09:27:16.394298Z","level":"info","event":"Pyspark imported, version: 3.5.2","logger":"unusual_prefix_377e48747e3957bb035dd88b74b86ec1d0ec8c25_stocks_etl_dag","filename":"stocks_etl_dag.py","lineno":24}
{"timestamp":"2026-08-21T09:27:17.144164Z","level":"info","event":"ETL function imported succesfully!","logger":"unusual_prefix_377e48747e3957bb035dd88b74b86ec1d0ec8c25_stocks_etl_dag","filename":"stocks_etl_dag.py","lineno":32}
{"timestamp":"2026-08-21T09:27:17.148042Z","level":"info","event":"DAG loaded sucessfully!","logger":"unusual_prefix_377e48747e3957bb035dd88b74b86ec1d0ec8c25_stocks_etl_dag","filename":"stocks_etl_dag.py","lineno":103}
{"timestamp":"2026-08-21T09:27:47.649694Z","level":"info","event":"Filling up the DagBag from /opt/airflow/dags/stocks_etl_dag.py","logger":"airflow.dag_processing.dagbag.BundleDagBag","filename":"dagbag.py","lineno":460}
{"timestamp":"2026-08-21T09:27:48.056240Z","level":"info","event":"Pyspark imported, version: 3.5.2","logger":"unusual_prefix_377e48747e3957bb035dd88b74b86ec1d0ec8c25_stocks_etl_dag","filename":"stocks_etl_dag.py","lineno":24}
{"timestamp":"2026-08-21T09:27:49.600052Z","level":"info","event":"ETL function imported succesfully!","logger":"unusual_prefix_377e48747e3957bb035dd88b74b86ec1d0ec8c25_stocks_etl_dag","filename":"stocks_etl_dag.py","lineno":32}
{"timestamp":"2026-08-21T09:27:49.605371Z","level":"info","event":"DAG loaded sucessfully!","logger":"unusual_prefix_377e48747e3957bb035dd88b74b86ec1d0ec8c25_stocks_etl_dag","filename":"stocks_etl_dag.py","lineno":103}
{"timestamp":"2026-08-21T09:28:19.989026Z","level":"info","event":"Filling up the DagBag from /opt/airflow/dags/stocks_etl_dag.py","logger":"airflow.dag_processing.dagbag.BundleDagBag","filename":"dagbag.py","lineno":460}
{"timestamp":"2026-08-21T09:28:20.386358Z","level":"info","event":"Pyspark imported, version: 3.5.2","logger":"unusual_prefix_377e48747e3957bb035dd88b74b86ec1d0ec8c25_stocks_etl_dag","filename":"stocks_etl_dag.py","lineno":24}
{"timestamp":"2026-08-21T09:28:22.973810Z","level":"info","event":"ETL function imported succesfully!","logger":"unusual_prefix_377e48747e3957bb035dd88b74b86ec1d0ec8c25_stocks_etl_dag","filename":"stocks_etl_dag.py","lineno":32}
{"timestamp":"2026-08-21T09:28:22.995949Z","level":"info","event":"DAG loaded sucessfully!","logger":"unusual_prefix_377e48747e3957bb035dd88b74b86ec1d0ec8c25_stocks_etl_dag","filename":"stocks_etl_dag.py","lineno":103}
{"timestamp":"2026-08-21T09:28:53.339560Z","level":"info","event":"Filling up the DagBag from /opt/airflow/dags/stocks_etl_dag.py","logger":"airflow.dag_processing.dagbag.BundleDagBag","filename":"dagbag.py","lineno":460}
{"timestamp":"2026-08-21T09:28:53.611929Z","level":"info","event":"Pyspark imported, version: 3.5.2","logger":"unusual_prefix_377e48747e3957bb035dd88b74b86ec1d0ec8c25_stocks_etl_dag","filename":"stocks_etl_dag.py","lineno":24}
{"timestamp":"2026-08-21T09:28:54.761261Z","level":"info","event":"ETL function imported succesfully!","logger":"unusual_prefix_377e48747e3957bb035dd88b74b86ec1d0ec8c25_stocks_etl_dag","filename":"stocks_etl_dag.py","lineno":32}
{"timestamp":"2026-08-21T09:28:54.765477Z","level":"info","event":"DAG loaded sucessfully!","logger":"unusual_prefix_377e48747e3957bb035dd88b74b86ec1d0ec8c25_stocks_etl_dag","filename":"stocks_etl_dag.py","lineno":103}
{"timestamp":"2026-08-21T09:29:25.378260Z","level":"info","event":"Filling up the DagBag from /opt/airflow/dags/stocks_etl_dag.py","logger":"airflow.dag_processing.dagbag.BundleDagBag","filename":"dagbag.py","lineno":460}
{"timestamp":"2026-08-21T09:29:25.627013Z","level":"info","event":"Pyspark imported, version: 3.5.2","logger":"unusual_prefix_377e48747e3957bb035dd88b74b86ec1d0ec8c25_stocks_etl_dag","filename":"stocks_etl_dag.py","lineno":24}
{"timestamp":"2026-08-21T09:29:26.592923Z","level":"info","event":"ETL function imported succesfully!","logger":"unusual_prefix_377e48747e3957bb035dd88b74b86ec1d0ec8c25_stocks_etl_dag","filename":"stocks_etl_dag.py","lineno":32}
{"timestamp":"2026-08-21T09:29:26.606362Z","level":"info","event":"DAG loaded sucessfully!","logger":"unusual_prefix_377e48747e3957bb035dd88b74b86ec1d0ec8c25_stocks_etl_dag","filename":"stocks_etl_dag.py","lineno":103}
{"timestamp":"2026-08-21T09:29:56.837259Z","level":"info","event":"Filling up the DagBag from /opt/airflow/dags/stocks_etl_dag.py","logger":"airflow.dag_processing.dagbag.BundleDagBag","filename":"dagbag.py","lineno":460}
{"timestamp":"2026-08-21T09:29:57.105116Z","level":"info","event":"Pyspark imported, version: 3.5.2","logger":"unusual_prefix_377e48747e3957bb035dd88b74b86ec1d0ec8c25_stocks_etl_dag","filename":"stocks_etl_dag.py","lineno":24}
{"timestamp":"2026-08-21T09:29:58.079376Z","level":"info","event":"ETL function imported succesfully!","logger":"unusual_prefix_377e48747e3957bb035dd88b74b86ec1d0ec8c25_stocks_etl_dag","filename":"stocks_etl_dag.py","lineno":32}
{"timestamp":"2026-08-21T09:29:58.084950Z","level":"info","event":"DAG loaded sucessfully!","logger":"unusual_prefix_377e48747e3957bb035dd88b74b86ec1d0ec8c25_stocks_etl_dag","filename":"stocks_etl_dag.py","lineno":103}
{"timestamp":"2026-08-21T09:30:28.212261Z","level":"info","event":"Filling up the DagBag from /opt/airflow/dags/stocks_etl_dag.py","logger":"airflow.dag_processing.dagbag.BundleDagBag","filename":"dagbag.py","lineno":460}
{"timestamp":"2026-08-21T09:30:28.437681Z","level":"info","event":"Pyspark imported, version: 3.5.2","logger":"unusual_prefix_377e48747e3957bb035dd88b74b86ec1d0ec8c25_stocks_etl_dag","filename":"stocks_etl_dag.py","lineno":24}
{"timestamp":"2026-08-21T09:30:29.396227Z","level":"info","event":"ETL function imported succesfully!","logger":"unusual_prefix_377e48747e3957bb035dd88b74b86ec1d0ec8c25_stocks_etl_dag","filename":"stocks_etl_dag.py","lineno":32}
{"timestamp":"2026-08-21T09:30:29.400445Z","level":"info","event":"DAG loaded sucessfully!","logger":"unusual_prefix_377e48747e3957bb035dd88b74b86ec1d0ec8c25_stocks_etl_dag","filename":"stocks_etl_dag.py","lineno":103}
{"timestamp":"2026-08-21T09:31:00.153153Z","level":"info","event":"Filling up the DagBag from /opt/airflow/dags/stocks_etl_dag.py","logger":"airflow.dag_processing.dagbag.BundleDagBag","filename":"dagbag.py","lineno":460}
{"timestamp":"2026-08-21T09:31:00.620541Z","level":"info","event":"Pyspark imported, version: 3.5.2","logger":"unusual_prefix_377e48747e3957bb035dd88b74b86ec1d0ec8c25_stocks_etl_dag","filename":"stocks_etl_dag.py","lineno":24}
{"timestamp":"2026-08-21T09:31:02.110201Z","level":"info","event":"ETL function imported succesfully!","logger":"unusual_prefix_377e48747e3957bb035dd88b74b86ec1d0ec8c25_stocks_etl_dag","filename":"stocks_etl_dag.py","lineno":32}
{"timestamp":"2026-08-21T09:31:02.120811Z","level":"info","event":"DAG loaded sucessfully!","logger":"unusual_prefix_377e48747e3957bb035dd88b74b86ec1d0ec8c25_stocks_etl_dag","filename":"stocks_etl_dag.py","lineno":103}
{"timestamp":"2026-08-21T09:31:32.336640Z","level":"info","event":"Filling up the DagBag from /opt/airflow/dags/stocks_etl_dag.py","logger":"airflow.dag_processing.dagbag.BundleDagBag","filename":"dagbag.py","lineno":460}
{"timestamp":"2026-08-21T09:31:32.838719Z","level":"info","event":"Pyspark imported, version: 3.5.2","logger":"unusual_prefix_377e48747e3957bb035dd88b74b86ec1d0ec8c25_stocks_etl_dag","filename":"stocks_etl_dag.py","lineno":24}
{"timestamp":"2026-08-21T09:31:35.692534Z","level":"info","event":"ETL function imported succesfully!","logger":"unusual_prefix_377e48747e3957bb035dd88b74b86ec1d0ec8c25_stocks_etl_dag","filename":"stocks_etl_dag.py","lineno":32}
{"timestamp":"2026-08-21T09:31:35.712005Z","level":"info","event":"DAG loaded sucessfully!","logger":"unusual_prefix_377e48747e3957bb035dd88b74b86ec1d0ec8c25_stocks_etl_dag","filename":"stocks_etl_dag.py","lineno":103}
{"timestamp":"2026-08-21T09:32:06.397039Z","level":"info","event":"Filling up the DagBag from /opt/airflow/dags/stocks_etl_dag.py","logger":"airflow.dag_processing.dagbag.BundleDagBag","filename":"dagbag.py","lineno":460}
{"timestamp":"2026-08-21T09:32:06.680396Z","level":"info","event":"Pyspark imported, version: 3.5.2","logger":"unusual_prefix_377e48747e3957bb035dd88b74b86ec1d0ec8c25_stocks_etl_dag","filename":"stocks_etl_dag.py","lineno":24}
{"timestamp":"2026-08-21T09:32:07.671764Z","level":"info","event":"ETL function imported succesfully!","logger":"unusual_prefix_377e48747e3957bb035dd88b74b86ec1d0ec8c25_stocks_etl_dag","filename":"stocks_etl_dag.py","lineno":32}
{"timestamp":"2026-08-21T09:32:07.680519Z","level":"info","event":"DAG loaded sucessfully!","logger":"unusual_prefix_377e48747e3957bb035dd88b74b86ec1d0ec8c25_stocks_etl_dag","filename":"stocks_etl_dag.py","lineno":103}
{"timestamp":"2026-08-21T09:32:38.230610Z","level":"info","event":"Filling up the DagBag from /opt/airflow/dags/stocks_etl_dag.py","logger":"airflow.dag_processing.dagbag.BundleDagBag","filename":"dagbag.py","lineno":460}
{"timestamp":"2026-08-21T09:32:38.527410Z","level":"info","event":"Pyspark imported, version: 3.5.2","logger":"unusual_prefix_377e48747e3957bb035dd88b74b86ec1d0ec8c25_stocks_etl_dag","filename":"stocks_etl_dag.py","lineno":24}
{"timestamp":"2026-08-21T09:32:39.739488Z","level":"info","event":"ETL function imported succesfully!","logger":"unusual_prefix_377e48747e3957bb035dd88b74b86ec1d0ec8c25_stocks_etl_dag","filename":"stocks_etl_dag.py","lineno":32}
{"timestamp":"2026-08-21T09:32:39.743998Z","level":"info","event":"DAG loaded sucessfully!","logger":"unusual_prefix_377e48747e3957bb035dd88b74b86ec1d0ec8c25_stocks_etl_dag","filename":"stocks_etl_dag.py","lineno":103}
{"timestamp":"2026-08-21T09:33:09.906187Z","level":"info","event":"Filling up the DagBag from /opt/airflow/dags/stocks_etl_dag.py","logger":"airflow.dag_processing.dagbag.BundleDagBag","filename":"dagbag.py","lineno":460}
{"timestamp":"2026-08-21T09:33:10.152742Z","level":"info","event":"Pyspark imported, version: 3.5.2","logger":"unusual_prefix_377e48747e3957bb035dd88b74b86ec1d0ec8c25_stocks_etl_dag","filename":"stocks_etl_dag.py","lineno":24}
{"timestamp":"2026-08-21T09:33:11.162982Z","level":"info","event":"ETL function imported succesfully!","logger":"unusual_prefix_377e48747e3957bb035dd88b74b86ec1d0ec8c25_stocks_etl_dag","filename":"stocks_etl_dag.py","lineno":32}
{"timestamp":"2026-08-21T09:33:11.170051Z","level":"info","event":"DAG loaded sucessfully!","logger":"unusual_prefix_377e48747e3957bb035dd88b74b86ec1d0ec8c25_stocks_etl_dag","filename":"stocks_etl_dag.py","lineno":103}
{"timestamp":"2026-08-21T09:33:41.858815Z","level":"info","event":"Filling up the DagBag from /opt/airflow/dags/stocks_etl_dag.py","logger":"airflow.dag_processing.dagbag.BundleDagBag","filename":"dagbag.py","lineno":460}
{"timestamp":"2026-08-21T09:33:42.186729Z","level":"info","event":"Pyspark imported, version: 3.5.2","logger":"unusual_prefix_377e48747e3957bb035dd88b74b86ec1d0ec8c25_stocks_etl_dag","filename":"stocks_etl_dag.py","lineno":24}
{"timestamp":"2026-08-21T09:33:43.232581Z","level":"info","event":"ETL function imported succesfully!","logger":"unusual_prefix_377e48747e3957bb035dd88b74b86ec1d0ec8c25_stocks_etl_dag","filename":"stocks_etl_dag.py","lineno":32}
{"timestamp":"2026-08-21T09:33:43.240233Z","level":"info","event":"DAG loaded sucessfully!","logger":"unusual_prefix_377e48747e3957bb035dd88b74b86ec1d0ec8c25_stocks_etl_dag","filename":"stocks_etl_dag.py","lineno":103}
{"timestamp":"2026-08-21T09:34:13.718585Z","level":"info","event":"Filling up the DagBag from /opt/airflow/dags/stocks_etl_dag.py","logger":"airflow.dag_processing.dagbag.BundleDagBag","filename":"dagbag.py","lineno":460}
{"timestamp":"2026-08-21T09:34:14.014426Z","level":"info","event":"Pyspark imported, version: 3.5.2","logger":"unusual_prefix_377e48747e3957bb035dd88b74b86ec1d0ec8c25_stocks_etl_dag","filename":"stocks_etl_dag.py","lineno":24}
{"timestamp":"2026-08-21T09:34:14.989331Z","level":"info","event":"ETL function imported succesfully!","logger":"unusual_prefix_377e48747e3957bb035dd88b74b86ec1d0ec8c25_stocks_etl_dag","filename":"stocks_etl_dag.py","lineno":32}
{"timestamp":"2026-08-21T09:34:14.994501Z","level":"info","event":"DAG loaded sucessfully!","logger":"unusual_prefix_377e48747e3957bb035dd88b74b86ec1d0ec8c25_stocks_etl_dag","filename":"stocks_etl_dag.py","lineno":103}
{"timestamp":"2026-08-21T09:34:45.552896Z","level":"info","event":"Filling up the DagBag from /opt/airflow/dags/stocks_etl_dag.py","logger":"airflow.dag_processing.dagbag.BundleDagBag","filename":"dagbag.py","lineno":460}
{"timestamp":"2026-08-21T09:34:45.799903Z","level":"info","event":"Pyspark imported, version: 3.5.2","logger":"unusual_prefix_377e48747e3957bb035dd88b74b86ec1d0ec8c25_stocks_etl_dag","filename":"stocks_etl_dag.py","lineno":24}
{"timestamp":"2026-08-21T09:34:46.956986Z","level":"info","event":"ETL function imported succesfully!","logger":"unusual_prefix_377e48747e3957bb035dd88b74b86ec1d0ec8c25_stocks_etl_dag","filename":"stocks_etl_dag.py","lineno":32}
{"timestamp":"2026-08-21T09:34:46.965253Z","level":"info","event":"DAG loaded sucessfully!","logger":"unusual_prefix_377e48747e3957bb035dd88b74b86ec1d0ec8c25_stocks_etl_dag","filename":"stocks_etl_dag.py","lineno":103}
{"timestamp":"2026-08-21T09:35:17.571304Z","level":"info","event":"Filling up the DagBag from /opt/airflow/dags/stocks_etl_dag.py","logger":"airflow.dag_processing.dagbag.BundleDagBag","filename":"dagbag.py","lineno":460}
{"timestamp":"2026-08-21T09:35:17.898740Z","level":"info","event":"Pyspark imported, version: 3.5.2","logger":"unusual_prefix_377e48747e3957bb035dd88b74b86ec1d0ec8c25_stocks_etl_dag","filename":"stocks_etl_dag.py","lineno":24}
{"timestamp":"2026-08-21T09:35:19.606361Z","level":"info","event":"ETL function imported succesfully!","logger":"unusual_prefix_377e48747e3957bb035dd88b74b86ec1d0ec8c25_stocks_etl_dag","filename":"stocks_etl_dag.py","lineno":32}
{"timestamp":"2026-08-21T09:35:19.616104Z","level":"info","event":"DAG loaded sucessfully!","logger":"unusual_prefix_377e48747e3957bb035dd88b74b86ec1d0ec8c25_stocks_etl_dag","filename":"stocks_etl_dag.py","lineno":103}
{"timestamp":"2026-08-21T09:35:50.122556Z","level":"info","event":"Filling up the DagBag from /opt/airflow/dags/stocks_etl_dag.py","logger":"airflow.dag_processing.dagbag.BundleDagBag","filename":"dagbag.py","lineno":460}
{"timestamp":"2026-08-21T09:35:50.470850Z","level":"info","event":"Pyspark imported, version: 3.5.2","logger":"unusual_prefix_377e48747e3957bb035dd88b74b86ec1d0ec8c25_stocks_etl_dag","filename":"stocks_etl_dag.py","lineno":24}
{"timestamp":"2026-08-21T09:35:52.129434Z","level":"info","event":"ETL function imported succesfully!","logger":"unusual_prefix_377e48747e3957bb035dd88b74b86ec1d0ec8c25_stocks_etl_dag","filename":"stocks_etl_dag.py","lineno":32}
{"timestamp":"2026-08-21T09:35:52.148632Z","level":"info","event":"DAG loaded sucessfully!","logger":"unusual_prefix_377e48747e3957bb035dd88b74b86ec1d0ec8c25_stocks_etl_dag","filename":"stocks_etl_dag.py","lineno":103}
{"timestamp":"2026-08-21T09:36:23.001138Z","level":"info","event":"Filling up the DagBag from /opt/airflow/dags/stocks_etl_dag.py","logger":"airflow.dag_processing.dagbag.BundleDagBag","filename":"dagbag.py","lineno":460}
{"timestamp":"2026-08-21T09:36:23.296083Z","level":"info","event":"Pyspark imported, version: 3.5.2","logger":"unusual_prefix_377e48747e3957bb035dd88b74b86ec1d0ec8c25_stocks_etl_dag","filename":"stocks_etl_dag.py","lineno":24}
{"timestamp":"2026-08-21T09:36:24.379429Z","level":"info","event":"ETL function imported succesfully!","logger":"unusual_prefix_377e48747e3957bb035dd88b74b86ec1d0ec8c25_stocks_etl_dag","filename":"stocks_etl_dag.py","lineno":32}
{"timestamp":"2026-08-21T09:36:24.387967Z","level":"info","event":"DAG loaded sucessfully!","logger":"unusual_prefix_377e48747e3957bb035dd88b74b86ec1d0ec8c25_stocks_etl_dag","filename":"stocks_etl_dag.py","lineno":103}
{"timestamp":"2026-08-21T09:36:55.138044Z","level":"info","event":"Filling up the DagBag from /opt/airflow/dags/stocks_etl_dag.py","logger":"airflow.dag_processing.dagbag.BundleDagBag","filename":"dagbag.py","lineno":460}
{"timestamp":"2026-08-21T09:36:55.451099Z","level":"info","event":"Pyspark imported, version: 3.5.2","logger":"unusual_prefix_377e48747e3957bb035dd88b74b86ec1d0ec8c25_stocks_etl_dag","filename":"stocks_etl_dag.py","lineno":24}
{"timestamp":"2026-08-21T09:36:56.783189Z","level":"info","event":"ETL function imported succesfully!","logger":"unusual_prefix_377e48747e3957bb035dd88b74b86ec1d0ec8c25_stocks_etl_dag","filename":"stocks_etl_dag.py","lineno":32}
{"timestamp":"2026-08-21T09:36:56.790912Z","level":"info","event":"DAG loaded sucessfully!","logger":"unusual_prefix_377e48747e3957bb035dd88b74b86ec1d0ec8c25_stocks_etl_dag","filename":"stocks_etl_dag.py","lineno":103}
{"timestamp":"2026-08-21T09:37:27.285990Z","level":"info","event":"Filling up the DagBag from /opt/airflow/dags/stocks_etl_dag.py","logger":"airflow.dag_processing.dagbag.BundleDagBag","filename":"dagbag.py","lineno":460}
{"timestamp":"2026-08-21T09:37:27.575541Z","level":"info","event":"Pyspark imported, version: 3.5.2","logger":"unusual_prefix_377e48747e3957bb035dd88b74b86ec1d0ec8c25_stocks_etl_dag","filename":"stocks_etl_dag.py","lineno":24}
{"timestamp":"2026-08-21T09:37:28.893761Z","level":"info","event":"ETL function imported succesfully!","logger":"unusual_prefix_377e48747e3957bb035dd88b74b86ec1d0ec8c25_stocks_etl_dag","filename":"stocks_etl_dag.py","lineno":32}
{"timestamp":"2026-08-21T09:37:28.924331Z","level":"info","event":"DAG loaded sucessfully!","logger":"unusual_prefix_377e48747e3957bb035dd88b74b86ec1d0ec8c25_stocks_etl_dag","filename":"stocks_etl_dag.py","lineno":103}
{"timestamp":"2026-08-21T09:37:59.435873Z","level":"info","event":"Filling up the DagBag from /opt/airflow/dags/stocks_etl_dag.py","logger":"airflow.dag_processing.dagbag.BundleDagBag","filename":"dagbag.py","lineno":460}
{"timestamp":"2026-08-21T09:37:59.700844Z","level":"info","event":"Pyspark imported, version: 3.5.2","logger":"unusual_prefix_377e48747e3957bb035dd88b74b86ec1d0ec8c25_stocks_etl_dag","filename":"stocks_etl_dag.py","lineno":24}
{"timestamp":"2026-08-21T09:38:00.622320Z","level":"info","event":"ETL function imported succesfully!","logger":"unusual_prefix_377e48747e3957bb035dd88b74b86ec1d0ec8c25_stocks_etl_dag","filename":"stocks_etl_dag.py","lineno":32}
{"timestamp":"2026-08-21T09:38:00.626717Z","level":"info","event":"DAG loaded sucessfully!","logger":"unusual_prefix_377e48747e3957bb035dd88b74b86ec1d0ec8c25_stocks_etl_dag","filename":"stocks_etl_dag.py","lineno":103}
{"timestamp":"2026-08-21T09:38:31.240316Z","level":"info","event":"Filling up the DagBag from /opt/airflow/dags/stocks_etl_dag.py","logger":"airflow.dag_processing.dagbag.BundleDagBag","filename":"dagbag.py","lineno":460}
{"timestamp":"2026-08-21T09:38:31.526992Z","level":"info","event":"Pyspark imported, version: 3.5.2","logger":"unusual_prefix_377e48747e3957bb035dd88b74b86ec1d0ec8c25_stocks_etl_dag","filename":"stocks_etl_dag.py","lineno":24}
{"timestamp":"2026-08-21T09:38:32.647553Z","level":"info","event":"ETL function imported succesfully!","logger":"unusual_prefix_377e48747e3957bb035dd88b74b86ec1d0ec8c25_stocks_etl_dag","filename":"stocks_etl_dag.py","lineno":32}
{"timestamp":"2026-08-21T09:38:32.655242Z","level":"info","event":"DAG loaded sucessfully!","logger":"unusual_prefix_377e48747e3957bb035dd88b74b86ec1d0ec8c25_stocks_etl_dag","filename":"stocks_etl_dag.py","lineno":103}
{"timestamp":"2026-08-21T09:39:03.223465Z","level":"info","event":"Filling up the DagBag from /opt/airflow/dags/stocks_etl_dag.py","logger":"airflow.dag_processing.dagbag.BundleDagBag","filename":"dagbag.py","lineno":460}
{"timestamp":"2026-08-21T09:39:03.522886Z","level":"info","event":"Pyspark imported, version: 3.5.2","logger":"unusual_prefix_377e48747e3957bb035dd88b74b86ec1d0ec8c25_stocks_etl_dag","filename":"stocks_etl_dag.py","lineno":24}
{"timestamp":"2026-08-21T09:39:04.364593Z","level":"info","event":"ETL function imported succesfully!","logger":"unusual_prefix_377e48747e3957bb035dd88b74b86ec1d0ec8c25_stocks_etl_dag","filename":"stocks_etl_dag.py","lineno":32}
{"timestamp":"2026-08-21T09:39:04.369349Z","level":"info","event":"DAG loaded sucessfully!","logger":"unusual_prefix_377e48747e3957bb035dd88b74b86ec1d0ec8c25_stocks_etl_dag","filename":"stocks_etl_dag.py","lineno":103}
{"timestamp":"2026-08-21T09:39:34.961442Z","level":"info","event":"Filling up the DagBag from /opt/airflow/dags/stocks_etl_dag.py","logger":"airflow.dag_processing.dagbag.BundleDagBag","filename":"dagbag.py","lineno":460}
{"timestamp":"2026-08-21T09:39:35.231884Z","level":"info","event":"Pyspark imported, version: 3.5.2","logger":"unusual_prefix_377e48747e3957bb035dd88b74b86ec1d0ec8c25_stocks_etl_dag","filename":"stocks_etl_dag.py","lineno":24}
{"timestamp":"2026-08-21T09:39:36.483201Z","level":"info","event":"ETL function imported succesfully!","logger":"unusual_prefix_377e48747e3957bb035dd88b74b86ec1d0ec8c25_stocks_etl_dag","filename":"stocks_etl_dag.py","lineno":32}
{"timestamp":"2026-08-21T09:39:36.490153Z","level":"info","event":"DAG loaded sucessfully!","logger":"unusual_prefix_377e48747e3957bb035dd88b74b86ec1d0ec8c25_stocks_etl_dag","filename":"stocks_etl_dag.py","lineno":103}
{"timestamp":"2026-08-21T09:40:07.154684Z","level":"info","event":"Filling up the DagBag from /opt/airflow/dags/stocks_etl_dag.py","logger":"airflow.dag_processing.dagbag.BundleDagBag","filename":"dagbag.py","lineno":460}
{"timestamp":"2026-08-21T09:40:07.557665Z","level":"info","event":"Pyspark imported, version: 3.5.2","logger":"unusual_prefix_377e48747e3957bb035dd88b74b86ec1d0ec8c25_stocks_etl_dag","filename":"stocks_etl_dag.py","lineno":24}
{"timestamp":"2026-08-21T09:40:08.827703Z","level":"info","event":"ETL function imported succesfully!","logger":"unusual_prefix_377e48747e3957bb035dd88b74b86ec1d0ec8c25_stocks_etl_dag","filename":"stocks_etl_dag.py","lineno":32}
{"timestamp":"2026-08-21T09:40:08.845683Z","level":"info","event":"DAG loaded sucessfully!","logger":"unusual_prefix_377e48747e3957bb035dd88b74b86ec1d0ec8c25_stocks_etl_dag","filename":"stocks_etl_dag.py","lineno":103}
{"timestamp":"2026-08-21T09:40:39.614016Z","level":"info","event":"Filling up the DagBag from /opt/airflow/dags/stocks_etl_dag.py","logger":"airflow.dag_processing.dagbag.BundleDagBag","filename":"dagbag.py","lineno":460}
{"timestamp":"2026-08-21T09:40:39.882079Z","level":"info","event":"Pyspark imported, version: 3.5.2","logger":"unusual_prefix_377e48747e3957bb035dd88b74b86ec1d0ec8c25_stocks_etl_dag","filename":"stocks_etl_dag.py","lineno":24}
{"timestamp":"2026-08-21T09:40:41.241758Z","level":"info","event":"ETL function imported succesfully!","logger":"unusual_prefix_377e48747e3957bb035dd88b74b86ec1d0ec8c25_stocks_etl_dag","filename":"stocks_etl_dag.py","lineno":32}
{"timestamp":"2026-08-21T09:40:41.248681Z","level":"info","event":"DAG loaded sucessfully!","logger":"unusual_prefix_377e48747e3957bb035dd88b74b86ec1d0ec8c25_stocks_etl_dag","filename":"stocks_etl_dag.py","lineno":103}
{"timestamp":"2026-08-21T09:41:11.880651Z","level":"info","event":"Filling up the DagBag from /opt/airflow/dags/stocks_etl_dag.py","logger":"airflow.dag_processing.dagbag.BundleDagBag","filename":"dagbag.py","lineno":460}
{"timestamp":"2026-08-21T09:41:12.486270Z","level":"info","event":"Pyspark imported, version: 3.5.2","logger":"unusual_prefix_377e48747e3957bb035dd88b74b86ec1d0ec8c25_stocks_etl_dag","filename":"stocks_etl_dag.py","lineno":24}
{"timestamp":"2026-08-21T09:41:14.397933Z","level":"info","event":"ETL function imported succesfully!","logger":"unusual_prefix_377e48747e3957bb035dd88b74b86ec1d0ec8c25_stocks_etl_dag","filename":"stocks_etl_dag.py","lineno":32}
{"timestamp":"2026-08-21T09:41:14.402578Z","level":"info","event":"DAG loaded sucessfully!","logger":"unusual_prefix_377e48747e3957bb035dd88b74b86ec1d0ec8c25_stocks_etl_dag","filename":"stocks_etl_dag.py","lineno":103}
{"timestamp":"2026-08-21T09:41:44.931984Z","level":"info","event":"Filling up the DagBag from /opt/airflow/dags/stocks_etl_dag.py","logger":"airflow.dag_processing.dagbag.BundleDagBag","filename":"dagbag.py","lineno":460}
{"timestamp":"2026-08-21T09:41:45.135042Z","level":"info","event":"Pyspark imported, version: 3.5.2","logger":"unusual_prefix_377e48747e3957bb035dd88b74b86ec1d0ec8c25_stocks_etl_dag","filename":"stocks_etl_dag.py","lineno":24}
{"timestamp":"2026-08-21T09:41:45.863479Z","level":"info","event":"ETL function imported succesfully!","logger":"unusual_prefix_377e48747e3957bb035dd88b74b86ec1d0ec8c25_stocks_etl_dag","filename":"stocks_etl_dag.py","lineno":32}
{"timestamp":"2026-08-21T09:41:45.868376Z","level":"info","event":"DAG loaded sucessfully!","logger":"unusual_prefix_377e48747e3957bb035dd88b74b86ec1d0ec8c25_stocks_etl_dag","filename":"stocks_etl_dag.py","lineno":103}
{"timestamp":"2026-08-21T09:42:16.004198Z","level":"info","event":"Filling up the DagBag from /opt/airflow/dags/stocks_etl_dag.py","logger":"airflow.dag_processing.dagbag.BundleDagBag","filename":"dagbag.py","lineno":460}
{"timestamp":"2026-08-21T09:42:16.294592Z","level":"info","event":"Pyspark imported, version: 3.5.2","logger":"unusual_prefix_377e48747e3957bb035dd88b74b86ec1d0ec8c25_stocks_etl_dag","filename":"stocks_etl_dag.py","lineno":24}
{"timestamp":"2026-08-21T09:42:17.574933Z","level":"info","event":"ETL function imported succesfully!","logger":"unusual_prefix_377e48747e3957bb035dd88b74b86ec1d0ec8c25_stocks_etl_dag","filename":"stocks_etl_dag.py","lineno":32}
{"timestamp":"2026-08-21T09:42:17.584839Z","level":"info","event":"DAG loaded sucessfully!","logger":"unusual_prefix_377e48747e3957bb035dd88b74b86ec1d0ec8c25_stocks_etl_dag","filename":"stocks_etl_dag.py","lineno":103}
{"timestamp":"2026-08-21T09:42:47.824826Z","level":"info","event":"Filling up the DagBag from /opt/airflow/dags/stocks_etl_dag.py","logger":"airflow.dag_processing.dagbag.BundleDagBag","filename":"dagbag.py","lineno":460}
{"timestamp":"2026-08-21T09:42:48.258974Z","level":"info","event":"Pyspark imported, version: 3.5.2","logger":"unusual_prefix_377e48747e3957bb035dd88b74b86ec1d0ec8c25_stocks_etl_dag","filename":"stocks_etl_dag.py","lineno":24}
{"timestamp":"2026-08-21T09:42:51.809054Z","level":"info","event":"ETL function imported succesfully!","logger":"unusual_prefix_377e48747e3957bb035dd88b74b86ec1d0ec8c25_stocks_etl_dag","filename":"stocks_etl_dag.py","lineno":32}
{"timestamp":"2026-08-21T09:42:51.821631Z","level":"info","event":"DAG loaded sucessfully!","logger":"unusual_prefix_377e48747e3957bb035dd88b74b86ec1d0ec8c25_stocks_etl_dag","filename":"stocks_etl_dag.py","lineno":103}
{"timestamp":"2026-08-21T09:43:22.034401Z","level":"info","event":"Filling up the DagBag from /opt/airflow/dags/stocks_etl_dag.py","logger":"airflow.dag_processing.dagbag.BundleDagBag","filename":"dagbag.py","lineno":460}
{"timestamp":"2026-08-21T09:43:22.260365Z","level":"info","event":"Pyspark imported, version: 3.5.2","logger":"unusual_prefix_377e48747e3957bb035dd88b74b86ec1d0ec8c25_stocks_etl_dag","filename":"stocks_etl_dag.py","lineno":24}
{"timestamp":"2026-08-21T09:43:23.176966Z","level":"info","event":"ETL function imported succesfully!","logger":"unusual_prefix_377e48747e3957bb035dd88b74b86ec1d0ec8c25_stocks_etl_dag","filename":"stocks_etl_dag.py","lineno":32}
{"timestamp":"2026-08-21T09:43:23.199195Z","level":"info","event":"DAG loaded sucessfully!","logger":"unusual_prefix_377e48747e3957bb035dd88b74b86ec1d0ec8c25_stocks_etl_dag","filename":"stocks_etl_dag.py","lineno":103}
{"timestamp":"2026-08-21T09:43:53.811671Z","level":"info","event":"Filling up the DagBag from /opt/airflow/dags/stocks_etl_dag.py","logger":"airflow.dag_processing.dagbag.BundleDagBag","filename":"dagbag.py","lineno":460}
{"timestamp":"2026-08-21T09:43:54.271954Z","level":"info","event":"Pyspark imported, version: 3.5.2","logger":"unusual_prefix_377e48747e3957bb035dd88b74b86ec1d0ec8c25_stocks_etl_dag","filename":"stocks_etl_dag.py","lineno":24}
{"timestamp":"2026-08-21T09:43:55.332530Z","level":"info","event":"ETL function imported succesfully!","logger":"unusual_prefix_377e48747e3957bb035dd88b74b86ec1d0ec8c25_stocks_etl_dag","filename":"stocks_etl_dag.py","lineno":32}
{"timestamp":"2026-08-21T09:43:55.338187Z","level":"info","event":"DAG loaded sucessfully!","logger":"unusual_prefix_377e48747e3957bb035dd88b74b86ec1d0ec8c25_stocks_etl_dag","filename":"stocks_etl_dag.py","lineno":103}
{"timestamp":"2026-08-21T09:44:25.839235Z","level":"info","event":"Filling up the DagBag from /opt/airflow/dags/stocks_etl_dag.py","logger":"airflow.dag_processing.dagbag.BundleDagBag","filename":"dagbag.py","lineno":460}
{"timestamp":"2026-08-21T09:44:26.178399Z","level":"info","event":"Pyspark imported, version: 3.5.2","logger":"unusual_prefix_377e48747e3957bb035dd88b74b86ec1d0ec8c25_stocks_etl_dag","filename":"stocks_etl_dag.py","lineno":24}
{"timestamp":"2026-08-21T09:44:27.836415Z","level":"info","event":"ETL function imported succesfully!","logger":"unusual_prefix_377e48747e3957bb035dd88b74b86ec1d0ec8c25_stocks_etl_dag","filename":"stocks_etl_dag.py","lineno":32}
{"timestamp":"2026-08-21T09:44:27.867695Z","level":"info","event":"DAG loaded sucessfully!","logger":"unusual_prefix_377e48747e3957bb035dd88b74b86ec1d0ec8c25_stocks_etl_dag","filename":"stocks_etl_dag.py","lineno":103}
{"timestamp":"2026-08-21T09:44:58.537019Z","level":"info","event":"Filling up the DagBag from /opt/airflow/dags/stocks_etl_dag.py","logger":"airflow.dag_processing.dagbag.BundleDagBag","filename":"dagbag.py","lineno":460}
{"timestamp":"2026-08-21T09:44:58.868693Z","level":"info","event":"Pyspark imported, version: 3.5.2","logger":"unusual_prefix_377e48747e3957bb035dd88b74b86ec1d0ec8c25_stocks_etl_dag","filename":"stocks_etl_dag.py","lineno":24}
{"timestamp":"2026-08-21T09:45:00.204337Z","level":"info","event":"ETL function imported succesfully!","logger":"unusual_prefix_377e48747e3957bb035dd88b74b86ec1d0ec8c25_stocks_etl_dag","filename":"stocks_etl_dag.py","lineno":32}
{"timestamp":"2026-08-21T09:45:00.217922Z","level":"info","event":"DAG loaded sucessfully!","logger":"unusual_prefix_377e48747e3957bb035dd88b74b86ec1d0ec8c25_stocks_etl_dag","filename":"stocks_etl_dag.py","lineno":103}
{"timestamp":"2026-08-21T09:45:30.884771Z","level":"info","event":"Filling up the DagBag from /opt/airflow/dags/stocks_etl_dag.py","logger":"airflow.dag_processing.dagbag.BundleDagBag","filename":"dagbag.py","lineno":460}
{"timestamp":"2026-08-21T09:45:31.197309Z","level":"info","event":"Pyspark imported, version: 3.5.2","logger":"unusual_prefix_377e48747e3957bb035dd88b74b86ec1d0ec8c25_stocks_etl_dag","filename":"stocks_etl_dag.py","lineno":24}
{"timestamp":"2026-08-21T09:45:32.287100Z","level":"info","event":"ETL function imported succesfully!","logger":"unusual_prefix_377e48747e3957bb035dd88b74b86ec1d0ec8c25_stocks_etl_dag","filename":"stocks_etl_dag.py","lineno":32}
{"timestamp":"2026-08-21T09:45:32.293506Z","level":"info","event":"DAG loaded sucessfully!","logger":"unusual_prefix_377e48747e3957bb035dd88b74b86ec1d0ec8c25_stocks_etl_dag","filename":"stocks_etl_dag.py","lineno":103}
{"timestamp":"2026-08-21T09:46:02.780455Z","level":"info","event":"Filling up the DagBag from /opt/airflow/dags/stocks_etl_dag.py","logger":"airflow.dag_processing.dagbag.BundleDagBag","filename":"dagbag.py","lineno":460}
{"timestamp":"2026-08-21T09:46:03.018769Z","level":"info","event":"Pyspark imported, version: 3.5.2","logger":"unusual_prefix_377e48747e3957bb035dd88b74b86ec1d0ec8c25_stocks_etl_dag","filename":"stocks_etl_dag.py","lineno":24}
{"timestamp":"2026-08-21T09:46:03.928324Z","level":"info","event":"ETL function imported succesfully!","logger":"unusual_prefix_377e48747e3957bb035dd88b74b86ec1d0ec8c25_stocks_etl_dag","filename":"stocks_etl_dag.py","lineno":32}
{"timestamp":"2026-08-21T09:46:03.931846Z","level":"info","event":"DAG loaded sucessfully!","logger":"unusual_prefix_377e48747e3957bb035dd88b74b86ec1d0ec8c25_stocks_etl_dag","filename":"stocks_etl_dag.py","lineno":103}
{"timestamp":"2026-08-21T09:46:34.526014Z","level":"info","event":"Filling up the DagBag from /opt/airflow/dags/stocks_etl_dag.py","logger":"airflow.dag_processing.dagbag.BundleDagBag","filename":"dagbag.py","lineno":460}
{"timestamp":"2026-08-21T09:46:34.909911Z","level":"info","event":"Pyspark imported, version: 3.5.2","logger":"unusual_prefix_377e48747e3957bb035dd88b74b86ec1d0ec8c25_stocks_etl_dag","filename":"stocks_etl_dag.py","lineno":24}
{"timestamp":"2026-08-21T09:46:36.717222Z","level":"info","event":"ETL function imported succesfully!","logger":"unusual_prefix_377e48747e3957bb035dd88b74b86ec1d0ec8c25_stocks_etl_dag","filename":"stocks_etl_dag.py","lineno":32}
{"timestamp":"2026-08-21T09:46:36.729884Z","level":"info","event":"DAG loaded sucessfully!","logger":"unusual_prefix_377e48747e3957bb035dd88b74b86ec1d0ec8c25_stocks_etl_dag","filename":"stocks_etl_dag.py","lineno":103}
{"timestamp":"2026-08-21T09:47:07.221430Z","level":"info","event":"Filling up the DagBag from /opt/airflow/dags/stocks_etl_dag.py","logger":"airflow.dag_processing.dagbag.BundleDagBag","filename":"dagbag.py","lineno":460}
{"timestamp":"2026-08-21T09:47:07.481559Z","level":"info","event":"Pyspark imported, version: 3.5.2","logger":"unusual_prefix_377e48747e3957bb035dd88b74b86ec1d0ec8c25_stocks_etl_dag","filename":"stocks_etl_dag.py","lineno":24}
{"timestamp":"2026-08-21T09:47:08.357478Z","level":"info","event":"ETL function imported succesfully!","logger":"unusual_prefix_377e48747e3957bb035dd88b74b86ec1d0ec8c25_stocks_etl_dag","filename":"stocks_etl_dag.py","lineno":32}
{"timestamp":"2026-08-21T09:47:08.361499Z","level":"info","event":"DAG loaded sucessfully!","logger":"unusual_prefix_377e48747e3957bb035dd88b74b86ec1d0ec8c25_stocks_etl_dag","filename":"stocks_etl_dag.py","lineno":103}
{"timestamp":"2026-08-21T09:47:38.662506Z","level":"info","event":"Filling up the DagBag from /opt/airflow/dags/stocks_etl_dag.py","logger":"airflow.dag_processing.dagbag.BundleDagBag","filename":"dagbag.py","lineno":460}
{"timestamp":"2026-08-21T09:47:39.343632Z","level":"info","event":"Pyspark imported, version: 3.5.2","logger":"unusual_prefix_377e48747e3957bb035dd88b74b86ec1d0ec8c25_stocks_etl_dag","filename":"stocks_etl_dag.py","lineno":24}
{"timestamp":"2026-08-21T09:47:41.455172Z","level":"info","event":"ETL function imported succesfully!","logger":"unusual_prefix_377e48747e3957bb035dd88b74b86ec1d0ec8c25_stocks_etl_dag","filename":"stocks_etl_dag.py","lineno":32}
{"timestamp":"2026-08-21T09:47:41.465549Z","level":"info","event":"DAG loaded sucessfully!","logger":"unusual_prefix_377e48747e3957bb035dd88b74b86ec1d0ec8c25_stocks_etl_dag","filename":"stocks_etl_dag.py","lineno":103}
{"timestamp":"2026-08-21T09:48:11.854323Z","level":"info","event":"Filling up the DagBag from /opt/airflow/dags/stocks_etl_dag.py","logger":"airflow.dag_processing.dagbag.BundleDagBag","filename":"dagbag.py","lineno":460}
{"timestamp":"2026-08-21T09:48:12.235909Z","level":"info","event":"Pyspark imported, version: 3.5.2","logger":"unusual_prefix_377e48747e3957bb035dd88b74b86ec1d0ec8c25_stocks_etl_dag","filename":"stocks_etl_dag.py","lineno":24}
{"timestamp":"2026-08-21T09:48:14.455297Z","level":"info","event":"ETL function imported succesfully!","logger":"unusual_prefix_377e48747e3957bb035dd88b74b86ec1d0ec8c25_stocks_etl_dag","filename":"stocks_etl_dag.py","lineno":32}
{"timestamp":"2026-08-21T09:48:14.471658Z","level":"info","event":"DAG loaded sucessfully!","logger":"unusual_prefix_377e48747e3957bb035dd88b74b86ec1d0ec8c25_stocks_etl_dag","filename":"stocks_etl_dag.py","lineno":103}
{"timestamp":"2026-08-21T09:48:45.157264Z","level":"info","event":"Filling up the DagBag from /opt/airflow/dags/stocks_etl_dag.py","logger":"airflow.dag_processing.dagbag.BundleDagBag","filename":"dagbag.py","lineno":460}
{"timestamp":"2026-08-21T09:48:45.637113Z","level":"info","event":"Pyspark imported, version: 3.5.2","logger":"unusual_prefix_377e48747e3957bb035dd88b74b86ec1d0ec8c25_stocks_etl_dag","filename":"stocks_etl_dag.py","lineno":24}
{"timestamp":"2026-08-21T09:48:46.933092Z","level":"info","event":"ETL function imported succesfully!","logger":"unusual_prefix_377e48747e3957bb035dd88b74b86ec1d0ec8c25_stocks_etl_dag","filename":"stocks_etl_dag.py","lineno":32}
{"timestamp":"2026-08-21T09:48:46.940324Z","level":"info","event":"DAG loaded sucessfully!","logger":"unusual_prefix_377e48747e3957bb035dd88b74b86ec1d0ec8c25_stocks_etl_dag","filename":"stocks_etl_dag.py","lineno":103}
{"timestamp":"2026-08-21T09:49:17.196044Z","level":"info","event":"Filling up the DagBag from /opt/airflow/dags/stocks_etl_dag.py","logger":"airflow.dag_processing.dagbag.BundleDagBag","filename":"dagbag.py","lineno":460}
{"timestamp":"2026-08-21T09:49:17.635824Z","level":"info","event":"Pyspark imported, version: 3.5.2","logger":"unusual_prefix_377e48747e3957bb035dd88b74b86ec1d0ec8c25_stocks_etl_dag","filename":"stocks_etl_dag.py","lineno":24}
{"timestamp":"2026-08-21T09:49:18.956633Z","level":"info","event":"ETL function imported succesfully!","logger":"unusual_prefix_377e48747e3957bb035dd88b74b86ec1d0ec8c25_stocks_etl_dag","filename":"stocks_etl_dag.py","lineno":32}
{"timestamp":"2026-08-21T09:49:18.961944Z","level":"info","event":"DAG loaded sucessfully!","logger":"unusual_prefix_377e48747e3957bb035dd88b74b86ec1d0ec8c25_stocks_etl_dag","filename":"stocks_etl_dag.py","lineno":103}
{"timestamp":"2026-08-21T09:49:49.115194Z","level":"info","event":"Filling up the DagBag from /opt/airflow/dags/stocks_etl_dag.py","logger":"airflow.dag_processing.dagbag.BundleDagBag","filename":"dagbag.py","lineno":460}
{"timestamp":"2026-08-21T09:49:49.365030Z","level":"info","event":"Pyspark imported, version: 3.5.2","logger":"unusual_prefix_377e48747e3957bb035dd88b74b86ec1d0ec8c25_stocks_etl_dag","filename":"stocks_etl_dag.py","lineno":24}
{"timestamp":"2026-08-21T09:49:50.463839Z","level":"info","event":"ETL function imported succesfully!","logger":"unusual_prefix_377e48747e3957bb035dd88b74b86ec1d0ec8c25_stocks_etl_dag","filename":"stocks_etl_dag.py","lineno":32}
{"timestamp":"2026-08-21T09:49:50.470931Z","level":"info","event":"DAG loaded sucessfully!","logger":"unusual_prefix_377e48747e3957bb035dd88b74b86ec1d0ec8c25_stocks_etl_dag","filename":"stocks_etl_dag.py","lineno":103}
{"timestamp":"2026-08-21T09:50:20.956277Z","level":"info","event":"Filling up the DagBag from /opt/airflow/dags/stocks_etl_dag.py","logger":"airflow.dag_processing.dagbag.BundleDagBag","filename":"dagbag.py","lineno":460}
{"timestamp":"2026-08-21T09:50:21.210747Z","level":"info","event":"Pyspark imported, version: 3.5.2","logger":"unusual_prefix_377e48747e3957bb035dd88b74b86ec1d0ec8c25_stocks_etl_dag","filename":"stocks_etl_dag.py","lineno":24}
{"timestamp":"2026-08-21T09:50:22.337307Z","level":"info","event":"ETL function imported succesfully!","logger":"unusual_prefix_377e48747e3957bb035dd88b74b86ec1d0ec8c25_stocks_etl_dag","filename":"stocks_etl_dag.py","lineno":32}
{"timestamp":"2026-08-21T09:50:22.347298Z","level":"info","event":"DAG loaded sucessfully!","logger":"unusual_prefix_377e48747e3957bb035dd88b74b86ec1d0ec8c25_stocks_etl_dag","filename":"stocks_etl_dag.py","lineno":103}
{"timestamp":"2026-08-21T09:50:52.501799Z","level":"info","event":"Filling up the DagBag from /opt/airflow/dags/stocks_etl_dag.py","logger":"airflow.dag_processing.dagbag.BundleDagBag","filename":"dagbag.py","lineno":460}
{"timestamp":"2026-08-21T09:50:52.772293Z","level":"info","event":"Pyspark imported, version: 3.5.2","logger":"unusual_prefix_377e48747e3957bb035dd88b74b86ec1d0ec8c25_stocks_etl_dag","filename":"stocks_etl_dag.py","lineno":24}
{"timestamp":"2026-08-21T09:50:53.878705Z","level":"info","event":"ETL function imported succesfully!","logger":"unusual_prefix_377e48747e3957bb035dd88b74b86ec1d0ec8c25_stocks_etl_dag","filename":"stocks_etl_dag.py","lineno":32}
{"timestamp":"2026-08-21T09:50:53.884532Z","level":"info","event":"DAG loaded sucessfully!","logger":"unusual_prefix_377e48747e3957bb035dd88b74b86ec1d0ec8c25_stocks_etl_dag","filename":"stocks_etl_dag.py","lineno":103}
{"timestamp":"2026-08-21T09:51:24.364784Z","level":"info","event":"Filling up the DagBag from /opt/airflow/dags/stocks_etl_dag.py","logger":"airflow.dag_processing.dagbag.BundleDagBag","filename":"dagbag.py","lineno":460}
{"timestamp":"2026-08-21T09:51:24.758438Z","level":"info","event":"Pyspark imported, version: 3.5.2","logger":"unusual_prefix_377e48747e3957bb035dd88b74b86ec1d0ec8c25_stocks_etl_dag","filename":"stocks_etl_dag.py","lineno":24}
{"timestamp":"2026-08-21T09:51:26.678690Z","level":"info","event":"ETL function imported succesfully!","logger":"unusual_prefix_377e48747e3957bb035dd88b74b86ec1d0ec8c25_stocks_etl_dag","filename":"stocks_etl_dag.py","lineno":32}
{"timestamp":"2026-08-21T09:51:26.690871Z","level":"info","event":"DAG loaded sucessfully!","logger":"unusual_prefix_377e48747e3957bb035dd88b74b86ec1d0ec8c25_stocks_etl_dag","filename":"stocks_etl_dag.py","lineno":103}
{"timestamp":"2026-08-21T09:51:57.311469Z","level":"info","event":"Filling up the DagBag from /opt/airflow/dags/stocks_etl_dag.py","logger":"airflow.dag_processing.dagbag.BundleDagBag","filename":"dagbag.py","lineno":460}
{"timestamp":"2026-08-21T09:51:57.626414Z","level":"info","event":"Pyspark imported, version: 3.5.2","logger":"unusual_prefix_377e48747e3957bb035dd88b74b86ec1d0ec8c25_stocks_etl_dag","filename":"stocks_etl_dag.py","lineno":24}
{"timestamp":"2026-08-21T09:51:59.027624Z","level":"info","event":"ETL function imported succesfully!","logger":"unusual_prefix_377e48747e3957bb035dd88b74b86ec1d0ec8c25_stocks_etl_dag","filename":"stocks_etl_dag.py","lineno":32}
{"timestamp":"2026-08-21T09:51:59.036459Z","level":"info","event":"DAG loaded sucessfully!","logger":"unusual_prefix_377e48747e3957bb035dd88b74b86ec1d0ec8c25_stocks_etl_dag","filename":"stocks_etl_dag.py","lineno":103}
{"timestamp":"2026-08-21T09:52:29.636500Z","level":"info","event":"Filling up the DagBag from /opt/airflow/dags/stocks_etl_dag.py","logger":"airflow.dag_processing.dagbag.BundleDagBag","filename":"dagbag.py","lineno":460}
{"timestamp":"2026-08-21T09:52:30.001334Z","level":"info","event":"Pyspark imported, version: 3.5.2","logger":"unusual_prefix_377e48747e3957bb035dd88b74b86ec1d0ec8c25_stocks_etl_dag","filename":"stocks_etl_dag.py","lineno":24}
{"timestamp":"2026-08-21T09:52:31.525699Z","level":"info","event":"ETL function imported succesfully!","logger":"unusual_prefix_377e48747e3957bb035dd88b74b86ec1d0ec8c25_stocks_etl_dag","filename":"stocks_etl_dag.py","lineno":32}
{"timestamp":"2026-08-21T09:52:31.534888Z","level":"info","event":"DAG loaded sucessfully!","logger":"unusual_prefix_377e48747e3957bb035dd88b74b86ec1d0ec8c25_stocks_etl_dag","filename":"stocks_etl_dag.py","lineno":103}
{"timestamp":"2026-08-21T09:53:01.750289Z","level":"info","event":"Filling up the DagBag from /opt/airflow/dags/stocks_etl_dag.py","logger":"airflow.dag_processing.dagbag.BundleDagBag","filename":"dagbag.py","lineno":460}
{"timestamp":"2026-08-21T09:53:02.269403Z","level":"info","event":"Pyspark imported, version: 3.5.2","logger":"unusual_prefix_377e48747e3957bb035dd88b74b86ec1d0ec8c25_stocks_etl_dag","filename":"stocks_etl_dag.py","lineno":24}
{"timestamp":"2026-08-21T09:53:04.260377Z","level":"info","event":"ETL function imported succesfully!","logger":"unusual_prefix_377e48747e3957bb035dd88b74b86ec1d0ec8c25_stocks_etl_dag","filename":"stocks_etl_dag.py","lineno":32}
{"timestamp":"2026-08-21T09:53:04.271728Z","level":"info","event":"DAG loaded sucessfully!","logger":"unusual_prefix_377e48747e3957bb035dd88b74b86ec1d0ec8c25_stocks_etl_dag","filename":"stocks_etl_dag.py","lineno":103}
{"timestamp":"2026-08-21T09:53:34.449943Z","level":"info","event":"Filling up the DagBag from /opt/airflow/dags/stocks_etl_dag.py","logger":"airflow.dag_processing.dagbag.BundleDagBag","filename":"dagbag.py","lineno":460}
{"timestamp":"2026-08-21T09:53:34.690471Z","level":"info","event":"Pyspark imported, version: 3.5.2","logger":"unusual_prefix_377e48747e3957bb035dd88b74b86ec1d0ec8c25_stocks_etl_dag","filename":"stocks_etl_dag.py","lineno":24}
{"timestamp":"2026-08-21T09:53:35.679618Z","level":"info","event":"ETL function imported succesfully!","logger":"unusual_prefix_377e48747e3957bb035dd88b74b86ec1d0ec8c25_stocks_etl_dag","filename":"stocks_etl_dag.py","lineno":32}
{"timestamp":"2026-08-21T09:53:35.702510Z","level":"info","event":"DAG loaded sucessfully!","logger":"unusual_prefix_377e48747e3957bb035dd88b74b86ec1d0ec8c25_stocks_etl_dag","filename":"stocks_etl_dag.py","lineno":103}
{"timestamp":"2026-08-21T09:54:06.390102Z","level":"info","event":"Filling up the DagBag from /opt/airflow/dags/stocks_etl_dag.py","logger":"airflow.dag_processing.dagbag.BundleDagBag","filename":"dagbag.py","lineno":460}
{"timestamp":"2026-08-21T09:54:06.613906Z","level":"info","event":"Pyspark imported, version: 3.5.2","logger":"unusual_prefix_377e48747e3957bb035dd88b74b86ec1d0ec8c25_stocks_etl_dag","filename":"stocks_etl_dag.py","lineno":24}
{"timestamp":"2026-08-21T09:54:07.400546Z","level":"info","event":"ETL function imported succesfully!","logger":"unusual_prefix_377e48747e3957bb035dd88b74b86ec1d0ec8c25_stocks_etl_dag","filename":"stocks_etl_dag.py","lineno":32}
{"timestamp":"2026-08-21T09:54:07.404985Z","level":"info","event":"DAG loaded sucessfully!","logger":"unusual_prefix_377e48747e3957bb035dd88b74b86ec1d0ec8c25_stocks_etl_dag","filename":"stocks_etl_dag.py","lineno":103}
{"timestamp":"2026-08-21T09:54:37.661463Z","level":"info","event":"Filling up the DagBag from /opt/airflow/dags/stocks_etl_dag.py","logger":"airflow.dag_processing.dagbag.BundleDagBag","filename":"dagbag.py","lineno":460}
{"timestamp":"2026-08-21T09:54:37.951393Z","level":"info","event":"Pyspark imported, version: 3.5.2","logger":"unusual_prefix_377e48747e3957bb035dd88b74b86ec1d0ec8c25_stocks_etl_dag","filename":"stocks_etl_dag.py","lineno":24}
{"timestamp":"2026-08-21T09:54:39.145461Z","level":"info","event":"ETL function imported succesfully!","logger":"unusual_prefix_377e48747e3957bb035dd88b74b86ec1d0ec8c25_stocks_etl_dag","filename":"stocks_etl_dag.py","lineno":32}
{"timestamp":"2026-08-21T09:54:39.168686Z","level":"info","event":"DAG loaded sucessfully!","logger":"unusual_prefix_377e48747e3957bb035dd88b74b86ec1d0ec8c25_stocks_etl_dag","filename":"stocks_etl_dag.py","lineno":103}
{"timestamp":"2026-08-21T09:55:09.631443Z","level":"info","event":"Filling up the DagBag from /opt/airflow/dags/stocks_etl_dag.py","logger":"airflow.dag_processing.dagbag.BundleDagBag","filename":"dagbag.py","lineno":460}
{"timestamp":"2026-08-21T09:55:09.868872Z","level":"info","event":"Pyspark imported, version: 3.5.2","logger":"unusual_prefix_377e48747e3957bb035dd88b74b86ec1d0ec8c25_stocks_etl_dag","filename":"stocks_etl_dag.py","lineno":24}
{"timestamp":"2026-08-21T09:55:10.589457Z","level":"info","event":"ETL function imported succesfully!","logger":"unusual_prefix_377e48747e3957bb035dd88b74b86ec1d0ec8c25_stocks_etl_dag","filename":"stocks_etl_dag.py","lineno":32}
{"timestamp":"2026-08-21T09:55:10.594102Z","level":"info","event":"DAG loaded sucessfully!","logger":"unusual_prefix_377e48747e3957bb035dd88b74b86ec1d0ec8c25_stocks_etl_dag","filename":"stocks_etl_dag.py","lineno":103}
{"timestamp":"2026-08-21T09:55:41.270261Z","level":"info","event":"Filling up the DagBag from /opt/airflow/dags/stocks_etl_dag.py","logger":"airflow.dag_processing.dagbag.BundleDagBag","filename":"dagbag.py","lineno":460}
{"timestamp":"2026-08-21T09:55:41.687102Z","level":"info","event":"Pyspark imported, version: 3.5.2","logger":"unusual_prefix_377e48747e3957bb035dd88b74b86ec1d0ec8c25_stocks_etl_dag","filename":"stocks_etl_dag.py","lineno":24}
{"timestamp":"2026-08-21T09:55:43.047357Z","level":"info","event":"ETL function imported succesfully!","logger":"unusual_prefix_377e48747e3957bb035dd88b74b86ec1d0ec8c25_stocks_etl_dag","filename":"stocks_etl_dag.py","lineno":32}
{"timestamp":"2026-08-21T09:55:43.052724Z","level":"info","event":"DAG loaded sucessfully!","logger":"unusual_prefix_377e48747e3957bb035dd88b74b86ec1d0ec8c25_stocks_etl_dag","filename":"stocks_etl_dag.py","lineno":103}
{"timestamp":"2026-08-21T09:56:13.557817Z","level":"info","event":"Filling up the DagBag from /opt/airflow/dags/stocks_etl_dag.py","logger":"airflow.dag_processing.dagbag.BundleDagBag","filename":"dagbag.py","lineno":460}
{"timestamp":"2026-08-21T09:56:13.923197Z","level":"info","event":"Pyspark imported, version: 3.5.2","logger":"unusual_prefix_377e48747e3957bb035dd88b74b86ec1d0ec8c25_stocks_etl_dag","filename":"stocks_etl_dag.py","lineno":24}
{"timestamp":"2026-08-21T09:56:15.287559Z","level":"info","event":"ETL function imported succesfully!","logger":"unusual_prefix_377e48747e3957bb035dd88b74b86ec1d0ec8c25_stocks_etl_dag","filename":"stocks_etl_dag.py","lineno":32}
{"timestamp":"2026-08-21T09:56:15.293818Z","level":"info","event":"DAG loaded sucessfully!","logger":"unusual_prefix_377e48747e3957bb035dd88b74b86ec1d0ec8c25_stocks_etl_dag","filename":"stocks_etl_dag.py","lineno":103}
{"timestamp":"2026-08-21T09:56:45.860789Z","level":"info","event":"Filling up the DagBag from /opt/airflow/dags/stocks_etl_dag.py","logger":"airflow.dag_processing.dagbag.BundleDagBag","filename":"dagbag.py","lineno":460}
{"timestamp":"2026-08-21T09:56:46.180649Z","level":"info","event":"Pyspark imported, version: 3.5.2","logger":"unusual_prefix_377e48747e3957bb035dd88b74b86ec1d0ec8c25_stocks_etl_dag","filename":"stocks_etl_dag.py","lineno":24}
{"timestamp":"2026-08-21T09:56:47.306347Z","level":"info","event":"ETL function imported succesfully!","logger":"unusual_prefix_377e48747e3957bb035dd88b74b86ec1d0ec8c25_stocks_etl_dag","filename":"stocks_etl_dag.py","lineno":32}
{"timestamp":"2026-08-21T09:56:47.314194Z","level":"info","event":"DAG loaded sucessfully!","logger":"unusual_prefix_377e48747e3957bb035dd88b74b86ec1d0ec8c25_stocks_etl_dag","filename":"stocks_etl_dag.py","lineno":103}
{"timestamp":"2026-08-21T09:57:17.762990Z","level":"info","event":"Filling up the DagBag from /opt/airflow/dags/stocks_etl_dag.py","logger":"airflow.dag_processing.dagbag.BundleDagBag","filename":"dagbag.py","lineno":460}
{"timestamp":"2026-08-21T09:57:18.008853Z","level":"info","event":"Pyspark imported, version: 3.5.2","logger":"unusual_prefix_377e48747e3957bb035dd88b74b86ec1d0ec8c25_stocks_etl_dag","filename":"stocks_etl_dag.py","lineno":24}
{"timestamp":"2026-08-21T09:57:18.823299Z","level":"info","event":"ETL function imported succesfully!","logger":"unusual_prefix_377e48747e3957bb035dd88b74b86ec1d0ec8c25_stocks_etl_dag","filename":"stocks_etl_dag.py","lineno":32}
{"timestamp":"2026-08-21T09:57:18.827354Z","level":"info","event":"DAG loaded sucessfully!","logger":"unusual_prefix_377e48747e3957bb035dd88b74b86ec1d0ec8c25_stocks_etl_dag","filename":"stocks_etl_dag.py","lineno":103}
{"timestamp":"2026-08-21T09:57:49.001137Z","level":"info","event":"Filling up the DagBag from /opt/airflow/dags/stocks_etl_dag.py","logger":"airflow.dag_processing.dagbag.BundleDagBag","filename":"dagbag.py","lineno":460}
{"timestamp":"2026-08-21T09:57:49.276275Z","level":"info","event":"Pyspark imported, version: 3.5.2","logger":"unusual_prefix_377e48747e3957bb035dd88b74b86ec1d0ec8c25_stocks_etl_dag","filename":"stocks_etl_dag.py","lineno":24}
{"timestamp":"2026-08-21T09:57:50.139141Z","level":"info","event":"ETL function imported succesfully!","logger":"unusual_prefix_377e48747e3957bb035dd88b74b86ec1d0ec8c25_stocks_etl_dag","filename":"stocks_etl_dag.py","lineno":32}
{"timestamp":"2026-08-21T09:57:50.153765Z","level":"info","event":"DAG loaded sucessfully!","logger":"unusual_prefix_377e48747e3957bb035dd88b74b86ec1d0ec8c25_stocks_etl_dag","filename":"stocks_etl_dag.py","lineno":103}
{"timestamp":"2026-08-21T09:58:20.426528Z","level":"info","event":"Filling up the DagBag from /opt/airflow/dags/stocks_etl_dag.py","logger":"airflow.dag_processing.dagbag.BundleDagBag","filename":"dagbag.py","lineno":460}
{"timestamp":"2026-08-21T09:58:20.759411Z","level":"info","event":"Pyspark imported, version: 3.5.2","logger":"unusual_prefix_377e48747e3957bb035dd88b74b86ec1d0ec8c25_stocks_etl_dag","filename":"stocks_etl_dag.py","lineno":24}
{"timestamp":"2026-08-21T09:58:21.807849Z","level":"info","event":"ETL function imported succesfully!","logger":"unusual_prefix_377e48747e3957bb035dd88b74b86ec1d0ec8c25_stocks_etl_dag","filename":"stocks_etl_dag.py","lineno":32}
{"timestamp":"2026-08-21T09:58:21.814877Z","level":"info","event":"DAG loaded sucessfully!","logger":"unusual_prefix_377e48747e3957bb035dd88b74b86ec1d0ec8c25_stocks_etl_dag","filename":"stocks_etl_dag.py","lineno":103}
{"timestamp":"2026-08-21T09:58:52.315357Z","level":"info","event":"Filling up the DagBag from /opt/airflow/dags/stocks_etl_dag.py","logger":"airflow.dag_processing.dagbag.BundleDagBag","filename":"dagbag.py","lineno":460}
{"timestamp":"2026-08-21T09:58:52.712928Z","level":"info","event":"Pyspark imported, version: 3.5.2","logger":"unusual_prefix_377e48747e3957bb035dd88b74b86ec1d0ec8c25_stocks_etl_dag","filename":"stocks_etl_dag.py","lineno":24}
{"timestamp":"2026-08-21T09:58:54.133651Z","level":"info","event":"ETL function imported succesfully!","logger":"unusual_prefix_377e48747e3957bb035dd88b74b86ec1d0ec8c25_stocks_etl_dag","filename":"stocks_etl_dag.py","lineno":32}
{"timestamp":"2026-08-21T09:58:54.138580Z","level":"info","event":"DAG loaded sucessfully!","logger":"unusual_prefix_377e48747e3957bb035dd88b74b86ec1d0ec8c25_stocks_etl_dag","filename":"stocks_etl_dag.py","lineno":103}
{"timestamp":"2026-08-21T09:59:24.866639Z","level":"info","event":"Filling up the DagBag from /opt/airflow/dags/stocks_etl_dag.py","logger":"airflow.dag_processing.dagbag.BundleDagBag","filename":"dagbag.py","lineno":460}
{"timestamp":"2026-08-21T09:59:25.134596Z","level":"info","event":"Pyspark imported, version: 3.5.2","logger":"unusual_prefix_377e48747e3957bb035dd88b74b86ec1d0ec8c25_stocks_etl_dag","filename":"stocks_etl_dag.py","lineno":24}
{"timestamp":"2026-08-21T09:59:25.958132Z","level":"info","event":"ETL function imported succesfully!","logger":"unusual_prefix_377e48747e3957bb035dd88b74b86ec1d0ec8c25_stocks_etl_dag","filename":"stocks_etl_dag.py","lineno":32}
{"timestamp":"2026-08-21T09:59:25.962704Z","level":"info","event":"DAG loaded sucessfully!","logger":"unusual_prefix_377e48747e3957bb035dd88b74b86ec1d0ec8c25_stocks_etl_dag","filename":"stocks_etl_dag.py","lineno":103}
{"timestamp":"2026-08-21T09:59:56.419747Z","level":"info","event":"Filling up the DagBag from /opt/airflow/dags/stocks_etl_dag.py","logger":"airflow.dag_processing.dagbag.BundleDagBag","filename":"dagbag.py","lineno":460}
{"timestamp":"2026-08-21T09:59:56.615821Z","level":"info","event":"Pyspark imported, version: 3.5.2","logger":"unusual_prefix_377e48747e3957bb035dd88b74b86ec1d0ec8c25_stocks_etl_dag","filename":"stocks_etl_dag.py","lineno":24}
{"timestamp":"2026-08-21T09:59:57.419006Z","level":"info","event":"ETL function imported succesfully!","logger":"unusual_prefix_377e48747e3957bb035dd88b74b86ec1d0ec8c25_stocks_etl_dag","filename":"stocks_etl_dag.py","lineno":32}
{"timestamp":"2026-08-21T09:59:57.424536Z","level":"info","event":"DAG loaded sucessfully!","logger":"unusual_prefix_377e48747e3957bb035dd88b74b86ec1d0ec8c25_stocks_etl_dag","filename":"stocks_etl_dag.py","lineno":103}
{"timestamp":"2026-08-21T10:00:27.963649Z","level":"info","event":"Filling up the DagBag from /opt/airflow/dags/stocks_etl_dag.py","logger":"airflow.dag_processing.dagbag.BundleDagBag","filename":"dagbag.py","lineno":460}
{"timestamp":"2026-08-21T10:00:28.356484Z","level":"info","event":"Pyspark imported, version: 3.5.2","logger":"unusual_prefix_377e48747e3957bb035dd88b74b86ec1d0ec8c25_stocks_etl_dag","filename":"stocks_etl_dag.py","lineno":24}
{"timestamp":"2026-08-21T10:00:30.069738Z","level":"info","event":"ETL function imported succesfully!","logger":"unusual_prefix_377e48747e3957bb035dd88b74b86ec1d0ec8c25_stocks_etl_dag","filename":"stocks_etl_dag.py","lineno":32}
{"timestamp":"2026-08-21T10:00:30.078849Z","level":"info","event":"DAG loaded sucessfully!","logger":"unusual_prefix_377e48747e3957bb035dd88b74b86ec1d0ec8c25_stocks_etl_dag","filename":"stocks_etl_dag.py","lineno":103}
{"timestamp":"2026-08-21T10:01:00.542260Z","level":"info","event":"Filling up the DagBag from /opt/airflow/dags/stocks_etl_dag.py","logger":"airflow.dag_processing.dagbag.BundleDagBag","filename":"dagbag.py","lineno":460}
{"timestamp":"2026-08-21T10:01:00.809300Z","level":"info","event":"Pyspark imported, version: 3.5.2","logger":"unusual_prefix_377e48747e3957bb035dd88b74b86ec1d0ec8c25_stocks_etl_dag","filename":"stocks_etl_dag.py","lineno":24}
{"timestamp":"2026-08-21T10:01:01.917257Z","level":"info","event":"ETL function imported succesfully!","logger":"unusual_prefix_377e48747e3957bb035dd88b74b86ec1d0ec8c25_stocks_etl_dag","filename":"stocks_etl_dag.py","lineno":32}
{"timestamp":"2026-08-21T10:01:01.934204Z","level":"info","event":"DAG loaded sucessfully!","logger":"unusual_prefix_377e48747e3957bb035dd88b74b86ec1d0ec8c25_stocks_etl_dag","filename":"stocks_etl_dag.py","lineno":103}
{"timestamp":"2026-08-21T10:01:32.672538Z","level":"info","event":"Filling up the DagBag from /opt/airflow/dags/stocks_etl_dag.py","logger":"airflow.dag_processing.dagbag.BundleDagBag","filename":"dagbag.py","lineno":460}
{"timestamp":"2026-08-21T10:01:32.948394Z","level":"info","event":"Pyspark imported, version: 3.5.2","logger":"unusual_prefix_377e48747e3957bb035dd88b74b86ec1d0ec8c25_stocks_etl_dag","filename":"stocks_etl_dag.py","lineno":24}
{"timestamp":"2026-08-21T10:01:34.078057Z","level":"info","event":"ETL function imported succesfully!","logger":"unusual_prefix_377e48747e3957bb035dd88b74b86ec1d0ec8c25_stocks_etl_dag","filename":"stocks_etl_dag.py","lineno":32}
{"timestamp":"2026-08-21T10:01:34.082971Z","level":"info","event":"DAG loaded sucessfully!","logger":"unusual_prefix_377e48747e3957bb035dd88b74b86ec1d0ec8c25_stocks_etl_dag","filename":"stocks_etl_dag.py","lineno":103}
{"timestamp":"2026-08-21T10:02:04.601236Z","level":"info","event":"Filling up the DagBag from /opt/airflow/dags/stocks_etl_dag.py","logger":"airflow.dag_processing.dagbag.BundleDagBag","filename":"dagbag.py","lineno":460}
{"timestamp":"2026-08-21T10:02:05.004467Z","level":"info","event":"Pyspark imported, version: 3.5.2","logger":"unusual_prefix_377e48747e3957bb035dd88b74b86ec1d0ec8c25_stocks_etl_dag","filename":"stocks_etl_dag.py","lineno":24}
{"timestamp":"2026-08-21T10:02:06.446685Z","level":"info","event":"ETL function imported succesfully!","logger":"unusual_prefix_377e48747e3957bb035dd88b74b86ec1d0ec8c25_stocks_etl_dag","filename":"stocks_etl_dag.py","lineno":32}
{"timestamp":"2026-08-21T10:02:06.462715Z","level":"info","event":"DAG loaded sucessfully!","logger":"unusual_prefix_377e48747e3957bb035dd88b74b86ec1d0ec8c25_stocks_etl_dag","filename":"stocks_etl_dag.py","lineno":103}
{"timestamp":"2026-08-21T10:02:37.003980Z","level":"info","event":"Filling up the DagBag from /opt/airflow/dags/stocks_etl_dag.py","logger":"airflow.dag_processing.dagbag.BundleDagBag","filename":"dagbag.py","lineno":460}
{"timestamp":"2026-08-21T10:02:37.377986Z","level":"info","event":"Pyspark imported, version: 3.5.2","logger":"unusual_prefix_377e48747e3957bb035dd88b74b86ec1d0ec8c25_stocks_etl_dag","filename":"stocks_etl_dag.py","lineno":24}
{"timestamp":"2026-08-21T10:02:39.218910Z","level":"info","event":"ETL function imported succesfully!","logger":"unusual_prefix_377e48747e3957bb035dd88b74b86ec1d0ec8c25_stocks_etl_dag","filename":"stocks_etl_dag.py","lineno":32}
{"timestamp":"2026-08-21T10:02:39.237305Z","level":"info","event":"DAG loaded sucessfully!","logger":"unusual_prefix_377e48747e3957bb035dd88b74b86ec1d0ec8c25_stocks_etl_dag","filename":"stocks_etl_dag.py","lineno":103}
{"timestamp":"2026-08-21T10:03:09.846078Z","level":"info","event":"Filling up the DagBag from /opt/airflow/dags/stocks_etl_dag.py","logger":"airflow.dag_processing.dagbag.BundleDagBag","filename":"dagbag.py","lineno":460}
{"timestamp":"2026-08-21T10:03:10.153426Z","level":"info","event":"Pyspark imported, version: 3.5.2","logger":"unusual_prefix_377e48747e3957bb035dd88b74b86ec1d0ec8c25_stocks_etl_dag","filename":"stocks_etl_dag.py","lineno":24}
{"timestamp":"2026-08-21T10:03:11.100021Z","level":"info","event":"ETL function imported succesfully!","logger":"unusual_prefix_377e48747e3957bb035dd88b74b86ec1d0ec8c25_stocks_etl_dag","filename":"stocks_etl_dag.py","lineno":32}
{"timestamp":"2026-08-21T10:03:11.104041Z","level":"info","event":"DAG loaded sucessfully!","logger":"unusual_prefix_377e48747e3957bb035dd88b74b86ec1d0ec8c25_stocks_etl_dag","filename":"stocks_etl_dag.py","lineno":103}
{"timestamp":"2026-08-21T10:03:41.576910Z","level":"info","event":"Filling up the DagBag from /opt/airflow/dags/stocks_etl_dag.py","logger":"airflow.dag_processing.dagbag.BundleDagBag","filename":"dagbag.py","lineno":460}
{"timestamp":"2026-08-21T10:03:41.863699Z","level":"info","event":"Pyspark imported, version: 3.5.2","logger":"unusual_prefix_377e48747e3957bb035dd88b74b86ec1d0ec8c25_stocks_etl_dag","filename":"stocks_etl_dag.py","lineno":24}
{"timestamp":"2026-08-21T10:03:43.093674Z","level":"info","event":"ETL function imported succesfully!","logger":"unusual_prefix_377e48747e3957bb035dd88b74b86ec1d0ec8c25_stocks_etl_dag","filename":"stocks_etl_dag.py","lineno":32}
{"timestamp":"2026-08-21T10:03:43.103065Z","level":"info","event":"DAG loaded sucessfully!","logger":"unusual_prefix_377e48747e3957bb035dd88b74b86ec1d0ec8c25_stocks_etl_dag","filename":"stocks_etl_dag.py","lineno":103}
{"timestamp":"2026-08-21T10:04:13.582762Z","level":"info","event":"Filling up the DagBag from /opt/airflow/dags/stocks_etl_dag.py","logger":"airflow.dag_processing.dagbag.BundleDagBag","filename":"dagbag.py","lineno":460}
{"timestamp":"2026-08-21T10:04:13.919367Z","level":"info","event":"Pyspark imported, version: 3.5.2","logger":"unusual_prefix_377e48747e3957bb035dd88b74b86ec1d0ec8c25_stocks_etl_dag","filename":"stocks_etl_dag.py","lineno":24}
{"timestamp":"2026-08-21T10:04:14.879320Z","level":"info","event":"ETL function imported succesfully!","logger":"unusual_prefix_377e48747e3957bb035dd88b74b86ec1d0ec8c25_stocks_etl_dag","filename":"stocks_etl_dag.py","lineno":32}
{"timestamp":"2026-08-21T10:04:14.885965Z","level":"info","event":"DAG loaded sucessfully!","logger":"unusual_prefix_377e48747e3957bb035dd88b74b86ec1d0ec8c25_stocks_etl_dag","filename":"stocks_etl_dag.py","lineno":103}
{"timestamp":"2026-08-21T10:04:45.615940Z","level":"info","event":"Filling up the DagBag from /opt/airflow/dags/stocks_etl_dag.py","logger":"airflow.dag_processing.dagbag.BundleDagBag","filename":"dagbag.py","lineno":460}
{"timestamp":"2026-08-21T10:04:45.883626Z","level":"info","event":"Pyspark imported, version: 3.5.2","logger":"unusual_prefix_377e48747e3957bb035dd88b74b86ec1d0ec8c25_stocks_etl_dag","filename":"stocks_etl_dag.py","lineno":24}
{"timestamp":"2026-08-21T10:04:47.128153Z","level":"info","event":"ETL function imported succesfully!","logger":"unusual_prefix_377e48747e3957bb035dd88b74b86ec1d0ec8c25_stocks_etl_dag","filename":"stocks_etl_dag.py","lineno":32}
{"timestamp":"2026-08-21T10:04:47.137346Z","level":"info","event":"DAG loaded sucessfully!","logger":"unusual_prefix_377e48747e3957bb035dd88b74b86ec1d0ec8c25_stocks_etl_dag","filename":"stocks_etl_dag.py","lineno":103}
{"timestamp":"2026-08-21T10:05:17.595425Z","level":"info","event":"Filling up the DagBag from /opt/airflow/dags/stocks_etl_dag.py","logger":"airflow.dag_processing.dagbag.BundleDagBag","filename":"dagbag.py","lineno":460}
{"timestamp":"2026-08-21T10:05:17.868112Z","level":"info","event":"Pyspark imported, version: 3.5.2","logger":"unusual_prefix_377e48747e3957bb035dd88b74b86ec1d0ec8c25_stocks_etl_dag","filename":"stocks_etl_dag.py","lineno":24}
{"timestamp":"2026-08-21T10:05:19.007668Z","level":"info","event":"ETL function imported succesfully!","logger":"unusual_prefix_377e48747e3957bb035dd88b74b86ec1d0ec8c25_stocks_etl_dag","filename":"stocks_etl_dag.py","lineno":32}
{"timestamp":"2026-08-21T10:05:19.014712Z","level":"info","event":"DAG loaded sucessfully!","logger":"unusual_prefix_377e48747e3957bb035dd88b74b86ec1d0ec8c25_stocks_etl_dag","filename":"stocks_etl_dag.py","lineno":103}
{"timestamp":"2026-08-21T10:05:49.617285Z","level":"info","event":"Filling up the DagBag from /opt/airflow/dags/stocks_etl_dag.py","logger":"airflow.dag_processing.dagbag.BundleDagBag","filename":"dagbag.py","lineno":460}
{"timestamp":"2026-08-21T10:05:50.129693Z","level":"info","event":"Pyspark imported, version: 3.5.2","logger":"unusual_prefix_377e48747e3957bb035dd88b74b86ec1d0ec8c25_stocks_etl_dag","filename":"stocks_etl_dag.py","lineno":24}
{"timestamp":"2026-08-21T10:05:51.993500Z","level":"info","event":"ETL function imported succesfully!","logger":"unusual_prefix_377e48747e3957bb035dd88b74b86ec1d0ec8c25_stocks_etl_dag","filename":"stocks_etl_dag.py","lineno":32}
{"timestamp":"2026-08-21T10:05:52.005126Z","level":"info","event":"DAG loaded sucessfully!","logger":"unusual_prefix_377e48747e3957bb035dd88b74b86ec1d0ec8c25_stocks_etl_dag","filename":"stocks_etl_dag.py","lineno":103}
{"timestamp":"2026-08-21T10:06:22.494201Z","level":"info","event":"Filling up the DagBag from /opt/airflow/dags/stocks_etl_dag.py","logger":"airflow.dag_processing.dagbag.BundleDagBag","filename":"dagbag.py","lineno":460}
{"timestamp":"2026-08-21T10:06:22.751226Z","level":"info","event":"Pyspark imported, version: 3.5.2","logger":"unusual_prefix_377e48747e3957bb035dd88b74b86ec1d0ec8c25_stocks_etl_dag","filename":"stocks_etl_dag.py","lineno":24}
{"timestamp":"2026-08-21T10:06:23.882642Z","level":"info","event":"ETL function imported succesfully!","logger":"unusual_prefix_377e48747e3957bb035dd88b74b86ec1d0ec8c25_stocks_etl_dag","filename":"stocks_etl_dag.py","lineno":32}
{"timestamp":"2026-08-21T10:06:23.890510Z","level":"info","event":"DAG loaded sucessfully!","logger":"unusual_prefix_377e48747e3957bb035dd88b74b86ec1d0ec8c25_stocks_etl_dag","filename":"stocks_etl_dag.py","lineno":103}
{"timestamp":"2026-08-21T10:06:54.346173Z","level":"info","event":"Filling up the DagBag from /opt/airflow/dags/stocks_etl_dag.py","logger":"airflow.dag_processing.dagbag.BundleDagBag","filename":"dagbag.py","lineno":460}
{"timestamp":"2026-08-21T10:06:54.649059Z","level":"info","event":"Pyspark imported, version: 3.5.2","logger":"unusual_prefix_377e48747e3957bb035dd88b74b86ec1d0ec8c25_stocks_etl_dag","filename":"stocks_etl_dag.py","lineno":24}
{"timestamp":"2026-08-21T10:06:55.759505Z","level":"info","event":"ETL function imported succesfully!","logger":"unusual_prefix_377e48747e3957bb035dd88b74b86ec1d0ec8c25_stocks_etl_dag","filename":"stocks_etl_dag.py","lineno":32}
{"timestamp":"2026-08-21T10:06:55.765188Z","level":"info","event":"DAG loaded sucessfully!","logger":"unusual_prefix_377e48747e3957bb035dd88b74b86ec1d0ec8c25_stocks_etl_dag","filename":"stocks_etl_dag.py","lineno":103}
{"timestamp":"2026-08-21T10:07:26.282179Z","level":"info","event":"Filling up the DagBag from /opt/airflow/dags/stocks_etl_dag.py","logger":"airflow.dag_processing.dagbag.BundleDagBag","filename":"dagbag.py","lineno":460}
{"timestamp":"2026-08-21T10:07:26.626323Z","level":"info","event":"Pyspark imported, version: 3.5.2","logger":"unusual_prefix_377e48747e3957bb035dd88b74b86ec1d0ec8c25_stocks_etl_dag","filename":"stocks_etl_dag.py","lineno":24}
{"timestamp":"2026-08-21T10:07:27.767161Z","level":"info","event":"ETL function imported succesfully!","logger":"unusual_prefix_377e48747e3957bb035dd88b74b86ec1d0ec8c25_stocks_etl_dag","filename":"stocks_etl_dag.py","lineno":32}
{"timestamp":"2026-08-21T10:07:27.773885Z","level":"info","event":"DAG loaded sucessfully!","logger":"unusual_prefix_377e48747e3957bb035dd88b74b86ec1d0ec8c25_stocks_etl_dag","filename":"stocks_etl_dag.py","lineno":103}
{"timestamp":"2026-08-21T10:07:58.347833Z","level":"info","event":"Filling up the DagBag from /opt/airflow/dags/stocks_etl_dag.py","logger":"airflow.dag_processing.dagbag.BundleDagBag","filename":"dagbag.py","lineno":460}
{"timestamp":"2026-08-21T10:07:58.694192Z","level":"info","event":"Pyspark imported, version: 3.5.2","logger":"unusual_prefix_377e48747e3957bb035dd88b74b86ec1d0ec8c25_stocks_etl_dag","filename":"stocks_etl_dag.py","lineno":24}
{"timestamp":"2026-08-21T10:08:00.151437Z","level":"info","event":"ETL function imported succesfully!","logger":"unusual_prefix_377e48747e3957bb035dd88b74b86ec1d0ec8c25_stocks_etl_dag","filename":"stocks_etl_dag.py","lineno":32}
{"timestamp":"2026-08-21T10:08:00.160215Z","level":"info","event":"DAG loaded sucessfully!","logger":"unusual_prefix_377e48747e3957bb035dd88b74b86ec1d0ec8c25_stocks_etl_dag","filename":"stocks_etl_dag.py","lineno":103}
{"timestamp":"2026-08-21T10:08:30.625690Z","level":"info","event":"Filling up the DagBag from /opt/airflow/dags/stocks_etl_dag.py","logger":"airflow.dag_processing.dagbag.BundleDagBag","filename":"dagbag.py","lineno":460}
{"timestamp":"2026-08-21T10:08:30.909856Z","level":"info","event":"Pyspark imported, version: 3.5.2","logger":"unusual_prefix_377e48747e3957bb035dd88b74b86ec1d0ec8c25_stocks_etl_dag","filename":"stocks_etl_dag.py","lineno":24}
{"timestamp":"2026-08-21T10:08:31.718042Z","level":"info","event":"ETL function imported succesfully!","logger":"unusual_prefix_377e48747e3957bb035dd88b74b86ec1d0ec8c25_stocks_etl_dag","filename":"stocks_etl_dag.py","lineno":32}
{"timestamp":"2026-08-21T10:08:31.723471Z","level":"info","event":"DAG loaded sucessfully!","logger":"unusual_prefix_377e48747e3957bb035dd88b74b86ec1d0ec8c25_stocks_etl_dag","filename":"stocks_etl_dag.py","lineno":103}
{"timestamp":"2026-08-21T10:09:02.180085Z","level":"info","event":"Filling up the DagBag from /opt/airflow/dags/stocks_etl_dag.py","logger":"airflow.dag_processing.dagbag.BundleDagBag","filename":"dagbag.py","lineno":460}
{"timestamp":"2026-08-21T10:09:02.572602Z","level":"info","event":"Pyspark imported, version: 3.5.2","logger":"unusual_prefix_377e48747e3957bb035dd88b74b86ec1d0ec8c25_stocks_etl_dag","filename":"stocks_etl_dag.py","lineno":24}
{"timestamp":"2026-08-21T10:09:03.980370Z","level":"info","event":"ETL function imported succesfully!","logger":"unusual_prefix_377e48747e3957bb035dd88b74b86ec1d0ec8c25_stocks_etl_dag","filename":"stocks_etl_dag.py","lineno":32}
{"timestamp":"2026-08-21T10:09:04.003731Z","level":"info","event":"DAG loaded sucessfully!","logger":"unusual_prefix_377e48747e3957bb035dd88b74b86ec1d0ec8c25_stocks_etl_dag","filename":"stocks_etl_dag.py","lineno":103}
{"timestamp":"2026-08-21T10:09:34.690639Z","level":"info","event":"Filling up the DagBag from /opt/airflow/dags/stocks_etl_dag.py","logger":"airflow.dag_processing.dagbag.BundleDagBag","filename":"dagbag.py","lineno":460}
{"timestamp":"2026-08-21T10:09:35.017638Z","level":"info","event":"Pyspark imported, version: 3.5.2","logger":"unusual_prefix_377e48747e3957bb035dd88b74b86ec1d0ec8c25_stocks_etl_dag","filename":"stocks_etl_dag.py","lineno":24}
{"timestamp":"2026-08-21T10:09:36.499726Z","level":"info","event":"ETL function imported succesfully!","logger":"unusual_prefix_377e48747e3957bb035dd88b74b86ec1d0ec8c25_stocks_etl_dag","filename":"stocks_etl_dag.py","lineno":32}
{"timestamp":"2026-08-21T10:09:36.510073Z","level":"info","event":"DAG loaded sucessfully!","logger":"unusual_prefix_377e48747e3957bb035dd88b74b86ec1d0ec8c25_stocks_etl_dag","filename":"stocks_etl_dag.py","lineno":103}
{"timestamp":"2026-08-21T10:10:06.965841Z","level":"info","event":"Filling up the DagBag from /opt/airflow/dags/stocks_etl_dag.py","logger":"airflow.dag_processing.dagbag.BundleDagBag","filename":"dagbag.py","lineno":460}
{"timestamp":"2026-08-21T10:10:07.201091Z","level":"info","event":"Pyspark imported, version: 3.5.2","logger":"unusual_prefix_377e48747e3957bb035dd88b74b86ec1d0ec8c25_stocks_etl_dag","filename":"stocks_etl_dag.py","lineno":24}
{"timestamp":"2026-08-21T10:10:08.010434Z","level":"info","event":"ETL function imported succesfully!","logger":"unusual_prefix_377e48747e3957bb035dd88b74b86ec1d0ec8c25_stocks_etl_dag","filename":"stocks_etl_dag.py","lineno":32}
{"timestamp":"2026-08-21T10:10:08.015132Z","level":"info","event":"DAG loaded sucessfully!","logger":"unusual_prefix_377e48747e3957bb035dd88b74b86ec1d0ec8c25_stocks_etl_dag","filename":"stocks_etl_dag.py","lineno":103}
{"timestamp":"2026-08-21T10:10:38.602200Z","level":"info","event":"Filling up the DagBag from /opt/airflow/dags/stocks_etl_dag.py","logger":"airflow.dag_processing.dagbag.BundleDagBag","filename":"dagbag.py","lineno":460}
{"timestamp":"2026-08-21T10:10:38.877060Z","level":"info","event":"Pyspark imported, version: 3.5.2","logger":"unusual_prefix_377e48747e3957bb035dd88b74b86ec1d0ec8c25_stocks_etl_dag","filename":"stocks_etl_dag.py","lineno":24}
{"timestamp":"2026-08-21T10:10:40.120939Z","level":"info","event":"ETL function imported succesfully!","logger":"unusual_prefix_377e48747e3957bb035dd88b74b86ec1d0ec8c25_stocks_etl_dag","filename":"stocks_etl_dag.py","lineno":32}
{"timestamp":"2026-08-21T10:10:40.131083Z","level":"info","event":"DAG loaded sucessfully!","logger":"unusual_prefix_377e48747e3957bb035dd88b74b86ec1d0ec8c25_stocks_etl_dag","filename":"stocks_etl_dag.py","lineno":103}
{"timestamp":"2026-08-21T10:11:10.610817Z","level":"info","event":"Filling up the DagBag from /opt/airflow/dags/stocks_etl_dag.py","logger":"airflow.dag_processing.dagbag.BundleDagBag","filename":"dagbag.py","lineno":460}
{"timestamp":"2026-08-21T10:11:10.828717Z","level":"info","event":"Pyspark imported, version: 3.5.2","logger":"unusual_prefix_377e48747e3957bb035dd88b74b86ec1d0ec8c25_stocks_etl_dag","filename":"stocks_etl_dag.py","lineno":24}
{"timestamp":"2026-08-21T10:11:11.708132Z","level":"info","event":"ETL function imported succesfully!","logger":"unusual_prefix_377e48747e3957bb035dd88b74b86ec1d0ec8c25_stocks_etl_dag","filename":"stocks_etl_dag.py","lineno":32}
{"timestamp":"2026-08-21T10:11:11.713130Z","level":"info","event":"DAG loaded sucessfully!","logger":"unusual_prefix_377e48747e3957bb035dd88b74b86ec1d0ec8c25_stocks_etl_dag","filename":"stocks_etl_dag.py","lineno":103}
{"timestamp":"2026-08-21T10:11:42.275765Z","level":"info","event":"Filling up the DagBag from /opt/airflow/dags/stocks_etl_dag.py","logger":"airflow.dag_processing.dagbag.BundleDagBag","filename":"dagbag.py","lineno":460}
{"timestamp":"2026-08-21T10:11:42.649378Z","level":"info","event":"Pyspark imported, version: 3.5.2","logger":"unusual_prefix_377e48747e3957bb035dd88b74b86ec1d0ec8c25_stocks_etl_dag","filename":"stocks_etl_dag.py","lineno":24}
{"timestamp":"2026-08-21T10:11:44.121767Z","level":"info","event":"ETL function imported succesfully!","logger":"unusual_prefix_377e48747e3957bb035dd88b74b86ec1d0ec8c25_stocks_etl_dag","filename":"stocks_etl_dag.py","lineno":32}
{"timestamp":"2026-08-21T10:11:44.130692Z","level":"info","event":"DAG loaded sucessfully!","logger":"unusual_prefix_377e48747e3957bb035dd88b74b86ec1d0ec8c25_stocks_etl_dag","filename":"stocks_etl_dag.py","lineno":103}
{"timestamp":"2026-08-21T10:12:14.603125Z","level":"info","event":"Filling up the DagBag from /opt/airflow/dags/stocks_etl_dag.py","logger":"airflow.dag_processing.dagbag.BundleDagBag","filename":"dagbag.py","lineno":460}
{"timestamp":"2026-08-21T10:12:14.891367Z","level":"info","event":"Pyspark imported, version: 3.5.2","logger":"unusual_prefix_377e48747e3957bb035dd88b74b86ec1d0ec8c25_stocks_etl_dag","filename":"stocks_etl_dag.py","lineno":24}
{"timestamp":"2026-08-21T10:12:16.122712Z","level":"info","event":"ETL function imported succesfully!","logger":"unusual_prefix_377e48747e3957bb035dd88b74b86ec1d0ec8c25_stocks_etl_dag","filename":"stocks_etl_dag.py","lineno":32}
{"timestamp":"2026-08-21T10:12:16.128723Z","level":"info","event":"DAG loaded sucessfully!","logger":"unusual_prefix_377e48747e3957bb035dd88b74b86ec1d0ec8c25_stocks_etl_dag","filename":"stocks_etl_dag.py","lineno":103}
{"timestamp":"2026-08-21T10:12:46.591405Z","level":"info","event":"Filling up the DagBag from /opt/airflow/dags/stocks_etl_dag.py","logger":"airflow.dag_processing.dagbag.BundleDagBag","filename":"dagbag.py","lineno":460}
{"timestamp":"2026-08-21T10:12:46.781270Z","level":"info","event":"Pyspark imported, version: 3.5.2","logger":"unusual_prefix_377e48747e3957bb035dd88b74b86ec1d0ec8c25_stocks_etl_dag","filename":"stocks_etl_dag.py","lineno":24}
{"timestamp":"2026-08-21T10:12:47.637831Z","level":"info","event":"ETL function imported succesfully!","logger":"unusual_prefix_377e48747e3957bb035dd88b74b86ec1d0ec8c25_stocks_etl_dag","filename":"stocks_etl_dag.py","lineno":32}
{"timestamp":"2026-08-21T10:12:47.643966Z","level":"info","event":"DAG loaded sucessfully!","logger":"unusual_prefix_377e48747e3957bb035dd88b74b86ec1d0ec8c25_stocks_etl_dag","filename":"stocks_etl_dag.py","lineno":103}
{"timestamp":"2026-08-21T10:13:18.075849Z","level":"info","event":"Filling up the DagBag from /opt/airflow/dags/stocks_etl_dag.py","logger":"airflow.dag_processing.dagbag.BundleDagBag","filename":"dagbag.py","lineno":460}
{"timestamp":"2026-08-21T10:13:18.396443Z","level":"info","event":"Pyspark imported, version: 3.5.2","logger":"unusual_prefix_377e48747e3957bb035dd88b74b86ec1d0ec8c25_stocks_etl_dag","filename":"stocks_etl_dag.py","lineno":24}
{"timestamp":"2026-08-21T10:13:19.377975Z","level":"info","event":"ETL function imported succesfully!","logger":"unusual_prefix_377e48747e3957bb035dd88b74b86ec1d0ec8c25_stocks_etl_dag","filename":"stocks_etl_dag.py","lineno":32}
{"timestamp":"2026-08-21T10:13:19.383755Z","level":"info","event":"DAG loaded sucessfully!","logger":"unusual_prefix_377e48747e3957bb035dd88b74b86ec1d0ec8c25_stocks_etl_dag","filename":"stocks_etl_dag.py","lineno":103}
{"timestamp":"2026-08-21T10:13:49.895288Z","level":"info","event":"Filling up the DagBag from /opt/airflow/dags/stocks_etl_dag.py","logger":"airflow.dag_processing.dagbag.BundleDagBag","filename":"dagbag.py","lineno":460}
{"timestamp":"2026-08-21T10:13:50.206280Z","level":"info","event":"Pyspark imported, version: 3.5.2","logger":"unusual_prefix_377e48747e3957bb035dd88b74b86ec1d0ec8c25_stocks_etl_dag","filename":"stocks_etl_dag.py","lineno":24}
{"timestamp":"2026-08-21T10:13:51.648023Z","level":"info","event":"ETL function imported succesfully!","logger":"unusual_prefix_377e48747e3957bb035dd88b74b86ec1d0ec8c25_stocks_etl_dag","filename":"stocks_etl_dag.py","lineno":32}
{"timestamp":"2026-08-21T10:13:51.656341Z","level":"info","event":"DAG loaded sucessfully!","logger":"unusual_prefix_377e48747e3957bb035dd88b74b86ec1d0ec8c25_stocks_etl_dag","filename":"stocks_etl_dag.py","lineno":103}
{"timestamp":"2026-08-21T10:14:22.313775Z","level":"info","event":"Filling up the DagBag from /opt/airflow/dags/stocks_etl_dag.py","logger":"airflow.dag_processing.dagbag.BundleDagBag","filename":"dagbag.py","lineno":460}
{"timestamp":"2026-08-21T10:14:22.620065Z","level":"info","event":"Pyspark imported, version: 3.5.2","logger":"unusual_prefix_377e48747e3957bb035dd88b74b86ec1d0ec8c25_stocks_etl_dag","filename":"stocks_etl_dag.py","lineno":24}
{"timestamp":"2026-08-21T10:14:23.561481Z","level":"info","event":"ETL function imported succesfully!","logger":"unusual_prefix_377e48747e3957bb035dd88b74b86ec1d0ec8c25_stocks_etl_dag","filename":"stocks_etl_dag.py","lineno":32}
{"timestamp":"2026-08-21T10:14:23.565797Z","level":"info","event":"DAG loaded sucessfully!","logger":"unusual_prefix_377e48747e3957bb035dd88b74b86ec1d0ec8c25_stocks_etl_dag","filename":"stocks_etl_dag.py","lineno":103}
{"timestamp":"2026-08-21T10:14:54.135012Z","level":"info","event":"Filling up the DagBag from /opt/airflow/dags/stocks_etl_dag.py","logger":"airflow.dag_processing.dagbag.BundleDagBag","filename":"dagbag.py","lineno":460}
{"timestamp":"2026-08-21T10:14:54.415727Z","level":"info","event":"Pyspark imported, version: 3.5.2","logger":"unusual_prefix_377e48747e3957bb035dd88b74b86ec1d0ec8c25_stocks_etl_dag","filename":"stocks_etl_dag.py","lineno":24}
{"timestamp":"2026-08-21T10:14:55.326655Z","level":"info","event":"ETL function imported succesfully!","logger":"unusual_prefix_377e48747e3957bb035dd88b74b86ec1d0ec8c25_stocks_etl_dag","filename":"stocks_etl_dag.py","lineno":32}
{"timestamp":"2026-08-21T10:14:55.333447Z","level":"info","event":"DAG loaded sucessfully!","logger":"unusual_prefix_377e48747e3957bb035dd88b74b86ec1d0ec8c25_stocks_etl_dag","filename":"stocks_etl_dag.py","lineno":103}
{"timestamp":"2026-08-21T10:15:25.757954Z","level":"info","event":"Filling up the DagBag from /opt/airflow/dags/stocks_etl_dag.py","logger":"airflow.dag_processing.dagbag.BundleDagBag","filename":"dagbag.py","lineno":460}
{"timestamp":"2026-08-21T10:15:26.023368Z","level":"info","event":"Pyspark imported, version: 3.5.2","logger":"unusual_prefix_377e48747e3957bb035dd88b74b86ec1d0ec8c25_stocks_etl_dag","filename":"stocks_etl_dag.py","lineno":24}
{"timestamp":"2026-08-21T10:15:26.872673Z","level":"info","event":"ETL function imported succesfully!","logger":"unusual_prefix_377e48747e3957bb035dd88b74b86ec1d0ec8c25_stocks_etl_dag","filename":"stocks_etl_dag.py","lineno":32}
{"timestamp":"2026-08-21T10:15:26.876614Z","level":"info","event":"DAG loaded sucessfully!","logger":"unusual_prefix_377e48747e3957bb035dd88b74b86ec1d0ec8c25_stocks_etl_dag","filename":"stocks_etl_dag.py","lineno":103}
{"timestamp":"2026-08-21T10:15:57.438688Z","level":"info","event":"Filling up the DagBag from /opt/airflow/dags/stocks_etl_dag.py","logger":"airflow.dag_processing.dagbag.BundleDagBag","filename":"dagbag.py","lineno":460}
{"timestamp":"2026-08-21T10:15:57.717350Z","level":"info","event":"Pyspark imported, version: 3.5.2","logger":"unusual_prefix_377e48747e3957bb035dd88b74b86ec1d0ec8c25_stocks_etl_dag","filename":"stocks_etl_dag.py","lineno":24}
{"timestamp":"2026-08-21T10:15:59.029409Z","level":"info","event":"ETL function imported succesfully!","logger":"unusual_prefix_377e48747e3957bb035dd88b74b86ec1d0ec8c25_stocks_etl_dag","filename":"stocks_etl_dag.py","lineno":32}
{"timestamp":"2026-08-21T10:15:59.034997Z","level":"info","event":"DAG loaded sucessfully!","logger":"unusual_prefix_377e48747e3957bb035dd88b74b86ec1d0ec8c25_stocks_etl_dag","filename":"stocks_etl_dag.py","lineno":103}
{"timestamp":"2026-08-21T10:16:29.486897Z","level":"info","event":"Filling up the DagBag from /opt/airflow/dags/stocks_etl_dag.py","logger":"airflow.dag_processing.dagbag.BundleDagBag","filename":"dagbag.py","lineno":460}
{"timestamp":"2026-08-21T10:16:29.724327Z","level":"info","event":"Pyspark imported, version: 3.5.2","logger":"unusual_prefix_377e48747e3957bb035dd88b74b86ec1d0ec8c25_stocks_etl_dag","filename":"stocks_etl_dag.py","lineno":24}
{"timestamp":"2026-08-21T10:16:31.064339Z","level":"info","event":"ETL function imported succesfully!","logger":"unusual_prefix_377e48747e3957bb035dd88b74b86ec1d0ec8c25_stocks_etl_dag","filename":"stocks_etl_dag.py","lineno":32}
{"timestamp":"2026-08-21T10:16:31.079804Z","level":"info","event":"DAG loaded sucessfully!","logger":"unusual_prefix_377e48747e3957bb035dd88b74b86ec1d0ec8c25_stocks_etl_dag","filename":"stocks_etl_dag.py","lineno":103}
{"timestamp":"2026-08-21T10:17:01.586068Z","level":"info","event":"Filling up the DagBag from /opt/airflow/dags/stocks_etl_dag.py","logger":"airflow.dag_processing.dagbag.BundleDagBag","filename":"dagbag.py","lineno":460}
{"timestamp":"2026-08-21T10:17:01.877780Z","level":"info","event":"Pyspark imported, version: 3.5.2","logger":"unusual_prefix_377e48747e3957bb035dd88b74b86ec1d0ec8c25_stocks_etl_dag","filename":"stocks_etl_dag.py","lineno":24}
{"timestamp":"2026-08-21T10:17:03.074542Z","level":"info","event":"ETL function imported succesfully!","logger":"unusual_prefix_377e48747e3957bb035dd88b74b86ec1d0ec8c25_stocks_etl_dag","filename":"stocks_etl_dag.py","lineno":32}
{"timestamp":"2026-08-21T10:17:03.094737Z","level":"info","event":"DAG loaded sucessfully!","logger":"unusual_prefix_377e48747e3957bb035dd88b74b86ec1d0ec8c25_stocks_etl_dag","filename":"stocks_etl_dag.py","lineno":103}
{"timestamp":"2026-08-21T10:17:33.539137Z","level":"info","event":"Filling up the DagBag from /opt/airflow/dags/stocks_etl_dag.py","logger":"airflow.dag_processing.dagbag.BundleDagBag","filename":"dagbag.py","lineno":460}
{"timestamp":"2026-08-21T10:17:33.775678Z","level":"info","event":"Pyspark imported, version: 3.5.2","logger":"unusual_prefix_377e48747e3957bb035dd88b74b86ec1d0ec8c25_stocks_etl_dag","filename":"stocks_etl_dag.py","lineno":24}
{"timestamp":"2026-08-21T10:17:34.837488Z","level":"info","event":"ETL function imported succesfully!","logger":"unusual_prefix_377e48747e3957bb035dd88b74b86ec1d0ec8c25_stocks_etl_dag","filename":"stocks_etl_dag.py","lineno":32}
{"timestamp":"2026-08-21T10:17:34.841886Z","level":"info","event":"DAG loaded sucessfully!","logger":"unusual_prefix_377e48747e3957bb035dd88b74b86ec1d0ec8c25_stocks_etl_dag","filename":"stocks_etl_dag.py","lineno":103}
{"timestamp":"2026-08-21T10:18:05.348395Z","level":"info","event":"Filling up the DagBag from /opt/airflow/dags/stocks_etl_dag.py","logger":"airflow.dag_processing.dagbag.BundleDagBag","filename":"dagbag.py","lineno":460}
{"timestamp":"2026-08-21T10:18:05.586011Z","level":"info","event":"Pyspark imported, version: 3.5.2","logger":"unusual_prefix_377e48747e3957bb035dd88b74b86ec1d0ec8c25_stocks_etl_dag","filename":"stocks_etl_dag.py","lineno":24}
{"timestamp":"2026-08-21T10:18:06.623594Z","level":"info","event":"ETL function imported succesfully!","logger":"unusual_prefix_377e48747e3957bb035dd88b74b86ec1d0ec8c25_stocks_etl_dag","filename":"stocks_etl_dag.py","lineno":32}
{"timestamp":"2026-08-21T10:18:06.628125Z","level":"info","event":"DAG loaded sucessfully!","logger":"unusual_prefix_377e48747e3957bb035dd88b74b86ec1d0ec8c25_stocks_etl_dag","filename":"stocks_etl_dag.py","lineno":103}
{"timestamp":"2026-08-21T10:18:37.198681Z","level":"info","event":"Filling up the DagBag from /opt/airflow/dags/stocks_etl_dag.py","logger":"airflow.dag_processing.dagbag.BundleDagBag","filename":"dagbag.py","lineno":460}
{"timestamp":"2026-08-21T10:18:37.615058Z","level":"info","event":"Pyspark imported, version: 3.5.2","logger":"unusual_prefix_377e48747e3957bb035dd88b74b86ec1d0ec8c25_stocks_etl_dag","filename":"stocks_etl_dag.py","lineno":24}
{"timestamp":"2026-08-21T10:18:39.366249Z","level":"info","event":"ETL function imported succesfully!","logger":"unusual_prefix_377e48747e3957bb035dd88b74b86ec1d0ec8c25_stocks_etl_dag","filename":"stocks_etl_dag.py","lineno":32}
{"timestamp":"2026-08-21T10:18:39.377517Z","level":"info","event":"DAG loaded sucessfully!","logger":"unusual_prefix_377e48747e3957bb035dd88b74b86ec1d0ec8c25_stocks_etl_dag","filename":"stocks_etl_dag.py","lineno":103}
{"timestamp":"2026-08-21T10:19:09.908177Z","level":"info","event":"Filling up the DagBag from /opt/airflow/dags/stocks_etl_dag.py","logger":"airflow.dag_processing.dagbag.BundleDagBag","filename":"dagbag.py","lineno":460}
{"timestamp":"2026-08-21T10:19:10.289143Z","level":"info","event":"Pyspark imported, version: 3.5.2","logger":"unusual_prefix_377e48747e3957bb035dd88b74b86ec1d0ec8c25_stocks_etl_dag","filename":"stocks_etl_dag.py","lineno":24}
{"timestamp":"2026-08-21T10:19:11.541290Z","level":"info","event":"ETL function imported succesfully!","logger":"unusual_prefix_377e48747e3957bb035dd88b74b86ec1d0ec8c25_stocks_etl_dag","filename":"stocks_etl_dag.py","lineno":32}
{"timestamp":"2026-08-21T10:19:11.546405Z","level":"info","event":"DAG loaded sucessfully!","logger":"unusual_prefix_377e48747e3957bb035dd88b74b86ec1d0ec8c25_stocks_etl_dag","filename":"stocks_etl_dag.py","lineno":103}
{"timestamp":"2026-08-21T10:19:42.070575Z","level":"info","event":"Filling up the DagBag from /opt/airflow/dags/stocks_etl_dag.py","logger":"airflow.dag_processing.dagbag.BundleDagBag","filename":"dagbag.py","lineno":460}
{"timestamp":"2026-08-21T10:19:42.343001Z","level":"info","event":"Pyspark imported, version: 3.5.2","logger":"unusual_prefix_377e48747e3957bb035dd88b74b86ec1d0ec8c25_stocks_etl_dag","filename":"stocks_etl_dag.py","lineno":24}
{"timestamp":"2026-08-21T10:19:43.518627Z","level":"info","event":"ETL function imported succesfully!","logger":"unusual_prefix_377e48747e3957bb035dd88b74b86ec1d0ec8c25_stocks_etl_dag","filename":"stocks_etl_dag.py","lineno":32}
{"timestamp":"2026-08-21T10:19:43.525438Z","level":"info","event":"DAG loaded sucessfully!","logger":"unusual_prefix_377e48747e3957bb035dd88b74b86ec1d0ec8c25_stocks_etl_dag","filename":"stocks_etl_dag.py","lineno":103}
{"timestamp":"2026-08-21T10:20:13.969980Z","level":"info","event":"Filling up the DagBag from /opt/airflow/dags/stocks_etl_dag.py","logger":"airflow.dag_processing.dagbag.BundleDagBag","filename":"dagbag.py","lineno":460}
{"timestamp":"2026-08-21T10:20:14.150688Z","level":"info","event":"Pyspark imported, version: 3.5.2","logger":"unusual_prefix_377e48747e3957bb035dd88b74b86ec1d0ec8c25_stocks_etl_dag","filename":"stocks_etl_dag.py","lineno":24}
{"timestamp":"2026-08-21T10:20:14.970400Z","level":"info","event":"ETL function imported succesfully!","logger":"unusual_prefix_377e48747e3957bb035dd88b74b86ec1d0ec8c25_stocks_etl_dag","filename":"stocks_etl_dag.py","lineno":32}
{"timestamp":"2026-08-21T10:20:14.975541Z","level":"info","event":"DAG loaded sucessfully!","logger":"unusual_prefix_377e48747e3957bb035dd88b74b86ec1d0ec8c25_stocks_etl_dag","filename":"stocks_etl_dag.py","lineno":103}
{"timestamp":"2026-08-21T10:20:45.713269Z","level":"info","event":"Filling up the DagBag from /opt/airflow/dags/stocks_etl_dag.py","logger":"airflow.dag_processing.dagbag.BundleDagBag","filename":"dagbag.py","lineno":460}
{"timestamp":"2026-08-21T10:20:46.040007Z","level":"info","event":"Pyspark imported, version: 3.5.2","logger":"unusual_prefix_377e48747e3957bb035dd88b74b86ec1d0ec8c25_stocks_etl_dag","filename":"stocks_etl_dag.py","lineno":24}
{"timestamp":"2026-08-21T10:20:47.311823Z","level":"info","event":"ETL function imported succesfully!","logger":"unusual_prefix_377e48747e3957bb035dd88b74b86ec1d0ec8c25_stocks_etl_dag","filename":"stocks_etl_dag.py","lineno":32}
{"timestamp":"2026-08-21T10:20:47.328053Z","level":"info","event":"DAG loaded sucessfully!","logger":"unusual_prefix_377e48747e3957bb035dd88b74b86ec1d0ec8c25_stocks_etl_dag","filename":"stocks_etl_dag.py","lineno":103}
{"timestamp":"2026-08-21T10:21:17.851001Z","level":"info","event":"Filling up the DagBag from /opt/airflow/dags/stocks_etl_dag.py","logger":"airflow.dag_processing.dagbag.BundleDagBag","filename":"dagbag.py","lineno":460}
{"timestamp":"2026-08-21T10:21:18.026226Z","level":"info","event":"Pyspark imported, version: 3.5.2","logger":"unusual_prefix_377e48747e3957bb035dd88b74b86ec1d0ec8c25_stocks_etl_dag","filename":"stocks_etl_dag.py","lineno":24}
{"timestamp":"2026-08-21T10:21:19.021333Z","level":"info","event":"ETL function imported succesfully!","logger":"unusual_prefix_377e48747e3957bb035dd88b74b86ec1d0ec8c25_stocks_etl_dag","filename":"stocks_etl_dag.py","lineno":32}
{"timestamp":"2026-08-21T10:21:19.030210Z","level":"info","event":"DAG loaded sucessfully!","logger":"unusual_prefix_377e48747e3957bb035dd88b74b86ec1d0ec8c25_stocks_etl_dag","filename":"stocks_etl_dag.py","lineno":103}
{"timestamp":"2026-08-21T10:21:49.479512Z","level":"info","event":"Filling up the DagBag from /opt/airflow/dags/stocks_etl_dag.py","logger":"airflow.dag_processing.dagbag.BundleDagBag","filename":"dagbag.py","lineno":460}
{"timestamp":"2026-08-21T10:21:49.807192Z","level":"info","event":"Pyspark imported, version: 3.5.2","logger":"unusual_prefix_377e48747e3957bb035dd88b74b86ec1d0ec8c25_stocks_etl_dag","filename":"stocks_etl_dag.py","lineno":24}
{"timestamp":"2026-08-21T10:21:50.999359Z","level":"info","event":"ETL function imported succesfully!","logger":"unusual_prefix_377e48747e3957bb035dd88b74b86ec1d0ec8c25_stocks_etl_dag","filename":"stocks_etl_dag.py","lineno":32}
{"timestamp":"2026-08-21T10:21:51.006672Z","level":"info","event":"DAG loaded sucessfully!","logger":"unusual_prefix_377e48747e3957bb035dd88b74b86ec1d0ec8c25_stocks_etl_dag","filename":"stocks_etl_dag.py","lineno":103}
{"timestamp":"2026-08-21T10:22:21.670233Z","level":"info","event":"Filling up the DagBag from /opt/airflow/dags/stocks_etl_dag.py","logger":"airflow.dag_processing.dagbag.BundleDagBag","filename":"dagbag.py","lineno":460}
{"timestamp":"2026-08-21T10:22:22.005003Z","level":"info","event":"Pyspark imported, version: 3.5.2","logger":"unusual_prefix_377e48747e3957bb035dd88b74b86ec1d0ec8c25_stocks_etl_dag","filename":"stocks_etl_dag.py","lineno":24}
{"timestamp":"2026-08-21T10:22:23.478546Z","level":"info","event":"ETL function imported succesfully!","logger":"unusual_prefix_377e48747e3957bb035dd88b74b86ec1d0ec8c25_stocks_etl_dag","filename":"stocks_etl_dag.py","lineno":32}
{"timestamp":"2026-08-21T10:22:23.484889Z","level":"info","event":"DAG loaded sucessfully!","logger":"unusual_prefix_377e48747e3957bb035dd88b74b86ec1d0ec8c25_stocks_etl_dag","filename":"stocks_etl_dag.py","lineno":103}
{"timestamp":"2026-08-21T10:22:54.039521Z","level":"info","event":"Filling up the DagBag from /opt/airflow/dags/stocks_etl_dag.py","logger":"airflow.dag_processing.dagbag.BundleDagBag","filename":"dagbag.py","lineno":460}
{"timestamp":"2026-08-21T10:22:54.341474Z","level":"info","event":"Pyspark imported, version: 3.5.2","logger":"unusual_prefix_377e48747e3957bb035dd88b74b86ec1d0ec8c25_stocks_etl_dag","filename":"stocks_etl_dag.py","lineno":24}
{"timestamp":"2026-08-21T10:22:55.233352Z","level":"info","event":"ETL function imported succesfully!","logger":"unusual_prefix_377e48747e3957bb035dd88b74b86ec1d0ec8c25_stocks_etl_dag","filename":"stocks_etl_dag.py","lineno":32}
{"timestamp":"2026-08-21T10:22:55.239244Z","level":"info","event":"DAG loaded sucessfully!","logger":"unusual_prefix_377e48747e3957bb035dd88b74b86ec1d0ec8c25_stocks_etl_dag","filename":"stocks_etl_dag.py","lineno":103}
{"timestamp":"2026-08-21T10:23:25.757124Z","level":"info","event":"Filling up the DagBag from /opt/airflow/dags/stocks_etl_dag.py","logger":"airflow.dag_processing.dagbag.BundleDagBag","filename":"dagbag.py","lineno":460}
{"timestamp":"2026-08-21T10:23:26.034617Z","level":"info","event":"Pyspark imported, version: 3.5.2","logger":"unusual_prefix_377e48747e3957bb035dd88b74b86ec1d0ec8c25_stocks_etl_dag","filename":"stocks_etl_dag.py","lineno":24}
{"timestamp":"2026-08-21T10:23:27.272013Z","level":"info","event":"ETL function imported succesfully!","logger":"unusual_prefix_377e48747e3957bb035dd88b74b86ec1d0ec8c25_stocks_etl_dag","filename":"stocks_etl_dag.py","lineno":32}
{"timestamp":"2026-08-21T10:23:27.277803Z","level":"info","event":"DAG loaded sucessfully!","logger":"unusual_prefix_377e48747e3957bb035dd88b74b86ec1d0ec8c25_stocks_etl_dag","filename":"stocks_etl_dag.py","lineno":103}
{"timestamp":"2026-08-21T10:23:57.726446Z","level":"info","event":"Filling up the DagBag from /opt/airflow/dags/stocks_etl_dag.py","logger":"airflow.dag_processing.dagbag.BundleDagBag","filename":"dagbag.py","lineno":460}
{"timestamp":"2026-08-21T10:23:57.968168Z","level":"info","event":"Pyspark imported, version: 3.5.2","logger":"unusual_prefix_377e48747e3957bb035dd88b74b86ec1d0ec8c25_stocks_etl_dag","filename":"stocks_etl_dag.py","lineno":24}
{"timestamp":"2026-08-21T10:23:58.932342Z","level":"info","event":"ETL function imported succesfully!","logger":"unusual_prefix_377e48747e3957bb035dd88b74b86ec1d0ec8c25_stocks_etl_dag","filename":"stocks_etl_dag.py","lineno":32}
{"timestamp":"2026-08-21T10:23:58.936704Z","level":"info","event":"DAG loaded sucessfully!","logger":"unusual_prefix_377e48747e3957bb035dd88b74b86ec1d0ec8c25_stocks_etl_dag","filename":"stocks_etl_dag.py","lineno":103}
{"timestamp":"2026-08-21T10:24:29.364447Z","level":"info","event":"Filling up the DagBag from /opt/airflow/dags/stocks_etl_dag.py","logger":"airflow.dag_processing.dagbag.BundleDagBag","filename":"dagbag.py","lineno":460}
{"timestamp":"2026-08-21T10:24:29.599425Z","level":"info","event":"Pyspark imported, version: 3.5.2","logger":"unusual_prefix_377e48747e3957bb035dd88b74b86ec1d0ec8c25_stocks_etl_dag","filename":"stocks_etl_dag.py","lineno":24}
{"timestamp":"2026-08-21T10:24:30.455188Z","level":"info","event":"ETL function imported succesfully!","logger":"unusual_prefix_377e48747e3957bb035dd88b74b86ec1d0ec8c25_stocks_etl_dag","filename":"stocks_etl_dag.py","lineno":32}
{"timestamp":"2026-08-21T10:24:30.459259Z","level":"info","event":"DAG loaded sucessfully!","logger":"unusual_prefix_377e48747e3957bb035dd88b74b86ec1d0ec8c25_stocks_etl_dag","filename":"stocks_etl_dag.py","lineno":103}
{"timestamp":"2026-08-21T10:25:00.938410Z","level":"info","event":"Filling up the DagBag from /opt/airflow/dags/stocks_etl_dag.py","logger":"airflow.dag_processing.dagbag.BundleDagBag","filename":"dagbag.py","lineno":460}
{"timestamp":"2026-08-21T10:25:01.175556Z","level":"info","event":"Pyspark imported, version: 3.5.2","logger":"unusual_prefix_377e48747e3957bb035dd88b74b86ec1d0ec8c25_stocks_etl_dag","filename":"stocks_etl_dag.py","lineno":24}
{"timestamp":"2026-08-21T10:25:02.092951Z","level":"info","event":"ETL function imported succesfully!","logger":"unusual_prefix_377e48747e3957bb035dd88b74b86ec1d0ec8c25_stocks_etl_dag","filename":"stocks_etl_dag.py","lineno":32}
{"timestamp":"2026-08-21T10:25:02.100763Z","level":"info","event":"DAG loaded sucessfully!","logger":"unusual_prefix_377e48747e3957bb035dd88b74b86ec1d0ec8c25_stocks_etl_dag","filename":"stocks_etl_dag.py","lineno":103}
{"timestamp":"2026-08-21T10:25:32.647446Z","level":"info","event":"Filling up the DagBag from /opt/airflow/dags/stocks_etl_dag.py","logger":"airflow.dag_processing.dagbag.BundleDagBag","filename":"dagbag.py","lineno":460}
{"timestamp":"2026-08-21T10:25:32.955246Z","level":"info","event":"Pyspark imported, version: 3.5.2","logger":"unusual_prefix_377e48747e3957bb035dd88b74b86ec1d0ec8c25_stocks_etl_dag","filename":"stocks_etl_dag.py","lineno":24}
{"timestamp":"2026-08-21T10:25:34.133989Z","level":"info","event":"ETL function imported succesfully!","logger":"unusual_prefix_377e48747e3957bb035dd88b74b86ec1d0ec8c25_stocks_etl_dag","filename":"stocks_etl_dag.py","lineno":32}
{"timestamp":"2026-08-21T10:25:34.139789Z","level":"info","event":"DAG loaded sucessfully!","logger":"unusual_prefix_377e48747e3957bb035dd88b74b86ec1d0ec8c25_stocks_etl_dag","filename":"stocks_etl_dag.py","lineno":103}
{"timestamp":"2026-08-21T10:26:04.573824Z","level":"info","event":"Filling up the DagBag from /opt/airflow/dags/stocks_etl_dag.py","logger":"airflow.dag_processing.dagbag.BundleDagBag","filename":"dagbag.py","lineno":460}
{"timestamp":"2026-08-21T10:26:04.902882Z","level":"info","event":"Pyspark imported, version: 3.5.2","logger":"unusual_prefix_377e48747e3957bb035dd88b74b86ec1d0ec8c25_stocks_etl_dag","filename":"stocks_etl_dag.py","lineno":24}
{"timestamp":"2026-08-21T10:26:06.302813Z","level":"info","event":"ETL function imported succesfully!","logger":"unusual_prefix_377e48747e3957bb035dd88b74b86ec1d0ec8c25_stocks_etl_dag","filename":"stocks_etl_dag.py","lineno":32}
{"timestamp":"2026-08-21T10:26:06.308701Z","level":"info","event":"DAG loaded sucessfully!","logger":"unusual_prefix_377e48747e3957bb035dd88b74b86ec1d0ec8c25_stocks_etl_dag","filename":"stocks_etl_dag.py","lineno":103}
{"timestamp":"2026-08-21T10:26:36.893939Z","level":"info","event":"Filling up the DagBag from /opt/airflow/dags/stocks_etl_dag.py","logger":"airflow.dag_processing.dagbag.BundleDagBag","filename":"dagbag.py","lineno":460}
{"timestamp":"2026-08-21T10:26:37.191548Z","level":"info","event":"Pyspark imported, version: 3.5.2","logger":"unusual_prefix_377e48747e3957bb035dd88b74b86ec1d0ec8c25_stocks_etl_dag","filename":"stocks_etl_dag.py","lineno":24}
{"timestamp":"2026-08-21T10:26:38.499251Z","level":"info","event":"ETL function imported succesfully!","logger":"unusual_prefix_377e48747e3957bb035dd88b74b86ec1d0ec8c25_stocks_etl_dag","filename":"stocks_etl_dag.py","lineno":32}
{"timestamp":"2026-08-21T10:26:38.508422Z","level":"info","event":"DAG loaded sucessfully!","logger":"unusual_prefix_377e48747e3957bb035dd88b74b86ec1d0ec8c25_stocks_etl_dag","filename":"stocks_etl_dag.py","lineno":103}
{"timestamp":"2026-08-21T10:27:08.959886Z","level":"info","event":"Filling up the DagBag from /opt/airflow/dags/stocks_etl_dag.py","logger":"airflow.dag_processing.dagbag.BundleDagBag","filename":"dagbag.py","lineno":460}
{"timestamp":"2026-08-21T10:27:09.129141Z","level":"info","event":"Pyspark imported, version: 3.5.2","logger":"unusual_prefix_377e48747e3957bb035dd88b74b86ec1d0ec8c25_stocks_etl_dag","filename":"stocks_etl_dag.py","lineno":24}
{"timestamp":"2026-08-21T10:27:09.966182Z","level":"info","event":"ETL function imported succesfully!","logger":"unusual_prefix_377e48747e3957bb035dd88b74b86ec1d0ec8c25_stocks_etl_dag","filename":"stocks_etl_dag.py","lineno":32}
{"timestamp":"2026-08-21T10:27:09.971406Z","level":"info","event":"DAG loaded sucessfully!","logger":"unusual_prefix_377e48747e3957bb035dd88b74b86ec1d0ec8c25_stocks_etl_dag","filename":"stocks_etl_dag.py","lineno":103}
{"timestamp":"2026-08-21T10:27:40.553612Z","level":"info","event":"Filling up the DagBag from /opt/airflow/dags/stocks_etl_dag.py","logger":"airflow.dag_processing.dagbag.BundleDagBag","filename":"dagbag.py","lineno":460}
{"timestamp":"2026-08-21T10:27:40.912870Z","level":"info","event":"Pyspark imported, version: 3.5.2","logger":"unusual_prefix_377e48747e3957bb035dd88b74b86ec1d0ec8c25_stocks_etl_dag","filename":"stocks_etl_dag.py","lineno":24}
{"timestamp":"2026-08-21T10:27:42.437122Z","level":"info","event":"ETL function imported succesfully!","logger":"unusual_prefix_377e48747e3957bb035dd88b74b86ec1d0ec8c25_stocks_etl_dag","filename":"stocks_etl_dag.py","lineno":32}
{"timestamp":"2026-08-21T10:27:42.447355Z","level":"info","event":"DAG loaded sucessfully!","logger":"unusual_prefix_377e48747e3957bb035dd88b74b86ec1d0ec8c25_stocks_etl_dag","filename":"stocks_etl_dag.py","lineno":103}
{"timestamp":"2026-08-21T10:28:12.972659Z","level":"info","event":"Filling up the DagBag from /opt/airflow/dags/stocks_etl_dag.py","logger":"airflow.dag_processing.dagbag.BundleDagBag","filename":"dagbag.py","lineno":460}
{"timestamp":"2026-08-21T10:28:13.248907Z","level":"info","event":"Pyspark imported, version: 3.5.2","logger":"unusual_prefix_377e48747e3957bb035dd88b74b86ec1d0ec8c25_stocks_etl_dag","filename":"stocks_etl_dag.py","lineno":24}
{"timestamp":"2026-08-21T10:28:14.167450Z","level":"info","event":"ETL function imported succesfully!","logger":"unusual_prefix_377e48747e3957bb035dd88b74b86ec1d0ec8c25_stocks_etl_dag","filename":"stocks_etl_dag.py","lineno":32}
{"timestamp":"2026-08-21T10:28:14.174436Z","level":"info","event":"DAG loaded sucessfully!","logger":"unusual_prefix_377e48747e3957bb035dd88b74b86ec1d0ec8c25_stocks_etl_dag","filename":"stocks_etl_dag.py","lineno":103}
{"timestamp":"2026-08-21T10:28:44.348171Z","level":"info","event":"Filling up the DagBag from /opt/airflow/dags/stocks_etl_dag.py","logger":"airflow.dag_processing.dagbag.BundleDagBag","filename":"dagbag.py","lineno":460}
{"timestamp":"2026-08-21T10:28:44.732209Z","level":"info","event":"Pyspark imported, version: 3.5.2","logger":"unusual_prefix_377e48747e3957bb035dd88b74b86ec1d0ec8c25_stocks_etl_dag","filename":"stocks_etl_dag.py","lineno":24}
{"timestamp":"2026-08-21T10:28:46.182230Z","level":"info","event":"ETL function imported succesfully!","logger":"unusual_prefix_377e48747e3957bb035dd88b74b86ec1d0ec8c25_stocks_etl_dag","filename":"stocks_etl_dag.py","lineno":32}
{"timestamp":"2026-08-21T10:28:46.192830Z","level":"info","event":"DAG loaded sucessfully!","logger":"unusual_prefix_377e48747e3957bb035dd88b74b86ec1d0ec8c25_stocks_etl_dag","filename":"stocks_etl_dag.py","lineno":103}
{"timestamp":"2026-08-21T10:29:16.674182Z","level":"info","event":"Filling up the DagBag from /opt/airflow/dags/stocks_etl_dag.py","logger":"airflow.dag_processing.dagbag.BundleDagBag","filename":"dagbag.py","lineno":460}
{"timestamp":"2026-08-21T10:29:16.918786Z","level":"info","event":"Pyspark imported, version: 3.5.2","logger":"unusual_prefix_377e48747e3957bb035dd88b74b86ec1d0ec8c25_stocks_etl_dag","filename":"stocks_etl_dag.py","lineno":24}
{"timestamp":"2026-08-21T10:29:18.006905Z","level":"info","event":"ETL function imported succesfully!","logger":"unusual_prefix_377e48747e3957bb035dd88b74b86ec1d0ec8c25_stocks_etl_dag","filename":"stocks_etl_dag.py","lineno":32}
{"timestamp":"2026-08-21T10:29:18.013999Z","level":"info","event":"DAG loaded sucessfully!","logger":"unusual_prefix_377e48747e3957bb035dd88b74b86ec1d0ec8c25_stocks_etl_dag","filename":"stocks_etl_dag.py","lineno":103}
{"timestamp":"2026-08-21T10:29:48.546928Z","level":"info","event":"Filling up the DagBag from /opt/airflow/dags/stocks_etl_dag.py","logger":"airflow.dag_processing.dagbag.BundleDagBag","filename":"dagbag.py","lineno":460}
{"timestamp":"2026-08-21T10:29:48.844845Z","level":"info","event":"Pyspark imported, version: 3.5.2","logger":"unusual_prefix_377e48747e3957bb035dd88b74b86ec1d0ec8c25_stocks_etl_dag","filename":"stocks_etl_dag.py","lineno":24}
{"timestamp":"2026-08-21T10:29:50.046267Z","level":"info","event":"ETL function imported succesfully!","logger":"unusual_prefix_377e48747e3957bb035dd88b74b86ec1d0ec8c25_stocks_etl_dag","filename":"stocks_etl_dag.py","lineno":32}
{"timestamp":"2026-08-21T10:29:50.052992Z","level":"info","event":"DAG loaded sucessfully!","logger":"unusual_prefix_377e48747e3957bb035dd88b74b86ec1d0ec8c25_stocks_etl_dag","filename":"stocks_etl_dag.py","lineno":103}
{"timestamp":"2026-08-21T10:30:20.526427Z","level":"info","event":"Filling up the DagBag from /opt/airflow/dags/stocks_etl_dag.py","logger":"airflow.dag_processing.dagbag.BundleDagBag","filename":"dagbag.py","lineno":460}
{"timestamp":"2026-08-21T10:30:20.806613Z","level":"info","event":"Pyspark imported, version: 3.5.2","logger":"unusual_prefix_377e48747e3957bb035dd88b74b86ec1d0ec8c25_stocks_etl_dag","filename":"stocks_etl_dag.py","lineno":24}
{"timestamp":"2026-08-21T10:30:21.966247Z","level":"info","event":"ETL function imported succesfully!","logger":"unusual_prefix_377e48747e3957bb035dd88b74b86ec1d0ec8c25_stocks_etl_dag","filename":"stocks_etl_dag.py","lineno":32}
{"timestamp":"2026-08-21T10:30:21.980817Z","level":"info","event":"DAG loaded sucessfully!","logger":"unusual_prefix_377e48747e3957bb035dd88b74b86ec1d0ec8c25_stocks_etl_dag","filename":"stocks_etl_dag.py","lineno":103}
{"timestamp":"2026-08-21T10:30:52.572556Z","level":"info","event":"Filling up the DagBag from /opt/airflow/dags/stocks_etl_dag.py","logger":"airflow.dag_processing.dagbag.BundleDagBag","filename":"dagbag.py","lineno":460}
{"timestamp":"2026-08-21T10:30:52.858878Z","level":"info","event":"Pyspark imported, version: 3.5.2","logger":"unusual_prefix_377e48747e3957bb035dd88b74b86ec1d0ec8c25_stocks_etl_dag","filename":"stocks_etl_dag.py","lineno":24}
{"timestamp":"2026-08-21T10:30:53.656216Z","level":"info","event":"ETL function imported succesfully!","logger":"unusual_prefix_377e48747e3957bb035dd88b74b86ec1d0ec8c25_stocks_etl_dag","filename":"stocks_etl_dag.py","lineno":32}
{"timestamp":"2026-08-21T10:30:53.660036Z","level":"info","event":"DAG loaded sucessfully!","logger":"unusual_prefix_377e48747e3957bb035dd88b74b86ec1d0ec8c25_stocks_etl_dag","filename":"stocks_etl_dag.py","lineno":103}
{"timestamp":"2026-08-21T10:31:24.071351Z","level":"info","event":"Filling up the DagBag from /opt/airflow/dags/stocks_etl_dag.py","logger":"airflow.dag_processing.dagbag.BundleDagBag","filename":"dagbag.py","lineno":460}
{"timestamp":"2026-08-21T10:31:24.317599Z","level":"info","event":"Pyspark imported, version: 3.5.2","logger":"unusual_prefix_377e48747e3957bb035dd88b74b86ec1d0ec8c25_stocks_etl_dag","filename":"stocks_etl_dag.py","lineno":24}
{"timestamp":"2026-08-21T10:31:25.162402Z","level":"info","event":"ETL function imported succesfully!","logger":"unusual_prefix_377e48747e3957bb035dd88b74b86ec1d0ec8c25_stocks_etl_dag","filename":"stocks_etl_dag.py","lineno":32}
{"timestamp":"2026-08-21T10:31:25.167386Z","level":"info","event":"DAG loaded sucessfully!","logger":"unusual_prefix_377e48747e3957bb035dd88b74b86ec1d0ec8c25_stocks_etl_dag","filename":"stocks_etl_dag.py","lineno":103}
{"timestamp":"2026-08-21T10:31:55.705902Z","level":"info","event":"Filling up the DagBag from /opt/airflow/dags/stocks_etl_dag.py","logger":"airflow.dag_processing.dagbag.BundleDagBag","filename":"dagbag.py","lineno":460}
{"timestamp":"2026-08-21T10:31:55.987954Z","level":"info","event":"Pyspark imported, version: 3.5.2","logger":"unusual_prefix_377e48747e3957bb035dd88b74b86ec1d0ec8c25_stocks_etl_dag","filename":"stocks_etl_dag.py","lineno":24}
{"timestamp":"2026-08-21T10:31:57.116521Z","level":"info","event":"ETL function imported succesfully!","logger":"unusual_prefix_377e48747e3957bb035dd88b74b86ec1d0ec8c25_stocks_etl_dag","filename":"stocks_etl_dag.py","lineno":32}
{"timestamp":"2026-08-21T10:31:57.123009Z","level":"info","event":"DAG loaded sucessfully!","logger":"unusual_prefix_377e48747e3957bb035dd88b74b86ec1d0ec8c25_stocks_etl_dag","filename":"stocks_etl_dag.py","lineno":103}
{"timestamp":"2026-08-21T10:32:27.636040Z","level":"info","event":"Filling up the DagBag from /opt/airflow/dags/stocks_etl_dag.py","logger":"airflow.dag_processing.dagbag.BundleDagBag","filename":"dagbag.py","lineno":460}
{"timestamp":"2026-08-21T10:32:28.006256Z","level":"info","event":"Pyspark imported, version: 3.5.2","logger":"unusual_prefix_377e48747e3957bb035dd88b74b86ec1d0ec8c25_stocks_etl_dag","filename":"stocks_etl_dag.py","lineno":24}
{"timestamp":"2026-08-21T10:32:29.409448Z","level":"info","event":"ETL function imported succesfully!","logger":"unusual_prefix_377e48747e3957bb035dd88b74b86ec1d0ec8c25_stocks_etl_dag","filename":"stocks_etl_dag.py","lineno":32}
{"timestamp":"2026-08-21T10:32:29.420230Z","level":"info","event":"DAG loaded sucessfully!","logger":"unusual_prefix_377e48747e3957bb035dd88b74b86ec1d0ec8c25_stocks_etl_dag","filename":"stocks_etl_dag.py","lineno":103}
{"timestamp":"2026-08-21T10:33:00.118694Z","level":"info","event":"Filling up the DagBag from /opt/airflow/dags/stocks_etl_dag.py","logger":"airflow.dag_processing.dagbag.BundleDagBag","filename":"dagbag.py","lineno":460}
{"timestamp":"2026-08-21T10:33:00.546811Z","level":"info","event":"Pyspark imported, version: 3.5.2","logger":"unusual_prefix_377e48747e3957bb035dd88b74b86ec1d0ec8c25_stocks_etl_dag","filename":"stocks_etl_dag.py","lineno":24}
{"timestamp":"2026-08-21T10:33:02.235399Z","level":"info","event":"ETL function imported succesfully!","logger":"unusual_prefix_377e48747e3957bb035dd88b74b86ec1d0ec8c25_stocks_etl_dag","filename":"stocks_etl_dag.py","lineno":32}
{"timestamp":"2026-08-21T10:33:02.244371Z","level":"info","event":"DAG loaded sucessfully!","logger":"unusual_prefix_377e48747e3957bb035dd88b74b86ec1d0ec8c25_stocks_etl_dag","filename":"stocks_etl_dag.py","lineno":103}
{"timestamp":"2026-08-21T10:33:32.734793Z","level":"info","event":"Filling up the DagBag from /opt/airflow/dags/stocks_etl_dag.py","logger":"airflow.dag_processing.dagbag.BundleDagBag","filename":"dagbag.py","lineno":460}
{"timestamp":"2026-08-21T10:33:32.996026Z","level":"info","event":"Pyspark imported, version: 3.5.2","logger":"unusual_prefix_377e48747e3957bb035dd88b74b86ec1d0ec8c25_stocks_etl_dag","filename":"stocks_etl_dag.py","lineno":24}
{"timestamp":"2026-08-21T10:33:34.167445Z","level":"info","event":"ETL function imported succesfully!","logger":"unusual_prefix_377e48747e3957bb035dd88b74b86ec1d0ec8c25_stocks_etl_dag","filename":"stocks_etl_dag.py","lineno":32}
{"timestamp":"2026-08-21T10:33:34.176925Z","level":"info","event":"DAG loaded sucessfully!","logger":"unusual_prefix_377e48747e3957bb035dd88b74b86ec1d0ec8c25_stocks_etl_dag","filename":"stocks_etl_dag.py","lineno":103}
{"timestamp":"2026-08-21T10:34:04.725045Z","level":"info","event":"Filling up the DagBag from /opt/airflow/dags/stocks_etl_dag.py","logger":"airflow.dag_processing.dagbag.BundleDagBag","filename":"dagbag.py","lineno":460}
{"timestamp":"2026-08-21T10:34:05.062483Z","level":"info","event":"Pyspark imported, version: 3.5.2","logger":"unusual_prefix_377e48747e3957bb035dd88b74b86ec1d0ec8c25_stocks_etl_dag","filename":"stocks_etl_dag.py","lineno":24}
{"timestamp":"2026-08-21T10:34:06.453095Z","level":"info","event":"ETL function imported succesfully!","logger":"unusual_prefix_377e48747e3957bb035dd88b74b86ec1d0ec8c25_stocks_etl_dag","filename":"stocks_etl_dag.py","lineno":32}
{"timestamp":"2026-08-21T10:34:06.463246Z","level":"info","event":"DAG loaded sucessfully!","logger":"unusual_prefix_377e48747e3957bb035dd88b74b86ec1d0ec8c25_stocks_etl_dag","filename":"stocks_etl_dag.py","lineno":103}
{"timestamp":"2026-08-21T10:34:37.169707Z","level":"info","event":"Filling up the DagBag from /opt/airflow/dags/stocks_etl_dag.py","logger":"airflow.dag_processing.dagbag.BundleDagBag","filename":"dagbag.py","lineno":460}
{"timestamp":"2026-08-21T10:34:37.501071Z","level":"info","event":"Pyspark imported, version: 3.5.2","logger":"unusual_prefix_377e48747e3957bb035dd88b74b86ec1d0ec8c25_stocks_etl_dag","filename":"stocks_etl_dag.py","lineno":24}
{"timestamp":"2026-08-21T10:34:38.510518Z","level":"info","event":"ETL function imported succesfully!","logger":"unusual_prefix_377e48747e3957bb035dd88b74b86ec1d0ec8c25_stocks_etl_dag","filename":"stocks_etl_dag.py","lineno":32}
{"timestamp":"2026-08-21T10:34:38.520055Z","level":"info","event":"DAG loaded sucessfully!","logger":"unusual_prefix_377e48747e3957bb035dd88b74b86ec1d0ec8c25_stocks_etl_dag","filename":"stocks_etl_dag.py","lineno":103}
{"timestamp":"2026-08-21T10:35:09.061559Z","level":"info","event":"Filling up the DagBag from /opt/airflow/dags/stocks_etl_dag.py","logger":"airflow.dag_processing.dagbag.BundleDagBag","filename":"dagbag.py","lineno":460}
{"timestamp":"2026-08-21T10:35:09.349153Z","level":"info","event":"Pyspark imported, version: 3.5.2","logger":"unusual_prefix_377e48747e3957bb035dd88b74b86ec1d0ec8c25_stocks_etl_dag","filename":"stocks_etl_dag.py","lineno":24}
{"timestamp":"2026-08-21T10:35:10.609749Z","level":"info","event":"ETL function imported succesfully!","logger":"unusual_prefix_377e48747e3957bb035dd88b74b86ec1d0ec8c25_stocks_etl_dag","filename":"stocks_etl_dag.py","lineno":32}
{"timestamp":"2026-08-21T10:35:10.625012Z","level":"info","event":"DAG loaded sucessfully!","logger":"unusual_prefix_377e48747e3957bb035dd88b74b86ec1d0ec8c25_stocks_etl_dag","filename":"stocks_etl_dag.py","lineno":103}
{"timestamp":"2026-08-21T10:35:41.114874Z","level":"info","event":"Filling up the DagBag from /opt/airflow/dags/stocks_etl_dag.py","logger":"airflow.dag_processing.dagbag.BundleDagBag","filename":"dagbag.py","lineno":460}
{"timestamp":"2026-08-21T10:35:41.436941Z","level":"info","event":"Pyspark imported, version: 3.5.2","logger":"unusual_prefix_377e48747e3957bb035dd88b74b86ec1d0ec8c25_stocks_etl_dag","filename":"stocks_etl_dag.py","lineno":24}
{"timestamp":"2026-08-21T10:35:42.718164Z","level":"info","event":"ETL function imported succesfully!","logger":"unusual_prefix_377e48747e3957bb035dd88b74b86ec1d0ec8c25_stocks_etl_dag","filename":"stocks_etl_dag.py","lineno":32}
{"timestamp":"2026-08-21T10:35:42.725902Z","level":"info","event":"DAG loaded sucessfully!","logger":"unusual_prefix_377e48747e3957bb035dd88b74b86ec1d0ec8c25_stocks_etl_dag","filename":"stocks_etl_dag.py","lineno":103}
{"timestamp":"2026-08-21T10:36:13.267002Z","level":"info","event":"Filling up the DagBag from /opt/airflow/dags/stocks_etl_dag.py","logger":"airflow.dag_processing.dagbag.BundleDagBag","filename":"dagbag.py","lineno":460}
{"timestamp":"2026-08-21T10:36:13.620008Z","level":"info","event":"Pyspark imported, version: 3.5.2","logger":"unusual_prefix_377e48747e3957bb035dd88b74b86ec1d0ec8c25_stocks_etl_dag","filename":"stocks_etl_dag.py","lineno":24}
{"timestamp":"2026-08-21T10:36:14.788652Z","level":"info","event":"ETL function imported succesfully!","logger":"unusual_prefix_377e48747e3957bb035dd88b74b86ec1d0ec8c25_stocks_etl_dag","filename":"stocks_etl_dag.py","lineno":32}
{"timestamp":"2026-08-21T10:36:14.793227Z","level":"info","event":"DAG loaded sucessfully!","logger":"unusual_prefix_377e48747e3957bb035dd88b74b86ec1d0ec8c25_stocks_etl_dag","filename":"stocks_etl_dag.py","lineno":103}
{"timestamp":"2026-08-21T10:36:45.346882Z","level":"info","event":"Filling up the DagBag from /opt/airflow/dags/stocks_etl_dag.py","logger":"airflow.dag_processing.dagbag.BundleDagBag","filename":"dagbag.py","lineno":460}
{"timestamp":"2026-08-21T10:36:45.713707Z","level":"info","event":"Pyspark imported, version: 3.5.2","logger":"unusual_prefix_377e48747e3957bb035dd88b74b86ec1d0ec8c25_stocks_etl_dag","filename":"stocks_etl_dag.py","lineno":24}
{"timestamp":"2026-08-21T10:36:47.098142Z","level":"info","event":"ETL function imported succesfully!","logger":"unusual_prefix_377e48747e3957bb035dd88b74b86ec1d0ec8c25_stocks_etl_dag","filename":"stocks_etl_dag.py","lineno":32}
{"timestamp":"2026-08-21T10:36:47.106123Z","level":"info","event":"DAG loaded sucessfully!","logger":"unusual_prefix_377e48747e3957bb035dd88b74b86ec1d0ec8c25_stocks_etl_dag","filename":"stocks_etl_dag.py","lineno":103}
{"timestamp":"2026-08-21T10:37:17.650442Z","level":"info","event":"Filling up the DagBag from /opt/airflow/dags/stocks_etl_dag.py","logger":"airflow.dag_processing.dagbag.BundleDagBag","filename":"dagbag.py","lineno":460}
{"timestamp":"2026-08-21T10:37:17.930497Z","level":"info","event":"Pyspark imported, version: 3.5.2","logger":"unusual_prefix_377e48747e3957bb035dd88b74b86ec1d0ec8c25_stocks_etl_dag","filename":"stocks_etl_dag.py","lineno":24}
{"timestamp":"2026-08-21T10:37:18.866129Z","level":"info","event":"ETL function imported succesfully!","logger":"unusual_prefix_377e48747e3957bb035dd88b74b86ec1d0ec8c25_stocks_etl_dag","filename":"stocks_etl_dag.py","lineno":32}
{"timestamp":"2026-08-21T10:37:18.870786Z","level":"info","event":"DAG loaded sucessfully!","logger":"unusual_prefix_377e48747e3957bb035dd88b74b86ec1d0ec8c25_stocks_etl_dag","filename":"stocks_etl_dag.py","lineno":103}
{"timestamp":"2026-08-21T10:37:49.341481Z","level":"info","event":"Filling up the DagBag from /opt/airflow/dags/stocks_etl_dag.py","logger":"airflow.dag_processing.dagbag.BundleDagBag","filename":"dagbag.py","lineno":460}
{"timestamp":"2026-08-21T10:37:49.629150Z","level":"info","event":"Pyspark imported, version: 3.5.2","logger":"unusual_prefix_377e48747e3957bb035dd88b74b86ec1d0ec8c25_stocks_etl_dag","filename":"stocks_etl_dag.py","lineno":24}
{"timestamp":"2026-08-21T10:37:50.521478Z","level":"info","event":"ETL function imported succesfully!","logger":"unusual_prefix_377e48747e3957bb035dd88b74b86ec1d0ec8c25_stocks_etl_dag","filename":"stocks_etl_dag.py","lineno":32}
{"timestamp":"2026-08-21T10:37:50.526517Z","level":"info","event":"DAG loaded sucessfully!","logger":"unusual_prefix_377e48747e3957bb035dd88b74b86ec1d0ec8c25_stocks_etl_dag","filename":"stocks_etl_dag.py","lineno":103}
{"timestamp":"2026-08-21T10:38:21.046222Z","level":"info","event":"Filling up the DagBag from /opt/airflow/dags/stocks_etl_dag.py","logger":"airflow.dag_processing.dagbag.BundleDagBag","filename":"dagbag.py","lineno":460}
{"timestamp":"2026-08-21T10:38:21.330636Z","level":"info","event":"Pyspark imported, version: 3.5.2","logger":"unusual_prefix_377e48747e3957bb035dd88b74b86ec1d0ec8c25_stocks_etl_dag","filename":"stocks_etl_dag.py","lineno":24}
{"timestamp":"2026-08-21T10:38:22.145601Z","level":"info","event":"ETL function imported succesfully!","logger":"unusual_prefix_377e48747e3957bb035dd88b74b86ec1d0ec8c25_stocks_etl_dag","filename":"stocks_etl_dag.py","lineno":32}
{"timestamp":"2026-08-21T10:38:22.149791Z","level":"info","event":"DAG loaded sucessfully!","logger":"unusual_prefix_377e48747e3957bb035dd88b74b86ec1d0ec8c25_stocks_etl_dag","filename":"stocks_etl_dag.py","lineno":103}
{"timestamp":"2026-08-21T10:38:52.382647Z","level":"info","event":"Filling up the DagBag from /opt/airflow/dags/stocks_etl_dag.py","logger":"airflow.dag_processing.dagbag.BundleDagBag","filename":"dagbag.py","lineno":460}
{"timestamp":"2026-08-21T10:38:52.594089Z","level":"info","event":"Pyspark imported, version: 3.5.2","logger":"unusual_prefix_377e48747e3957bb035dd88b74b86ec1d0ec8c25_stocks_etl_dag","filename":"stocks_etl_dag.py","lineno":24}
{"timestamp":"2026-08-21T10:38:53.460010Z","level":"info","event":"ETL function imported succesfully!","logger":"unusual_prefix_377e48747e3957bb035dd88b74b86ec1d0ec8c25_stocks_etl_dag","filename":"stocks_etl_dag.py","lineno":32}
{"timestamp":"2026-08-21T10:38:53.465517Z","level":"info","event":"DAG loaded sucessfully!","logger":"unusual_prefix_377e48747e3957bb035dd88b74b86ec1d0ec8c25_stocks_etl_dag","filename":"stocks_etl_dag.py","lineno":103}
{"timestamp":"2026-08-21T10:39:24.342145Z","level":"info","event":"Filling up the DagBag from /opt/airflow/dags/stocks_etl_dag.py","logger":"airflow.dag_processing.dagbag.BundleDagBag","filename":"dagbag.py","lineno":460}
{"timestamp":"2026-08-21T10:39:24.624556Z","level":"info","event":"Pyspark imported, version: 3.5.2","logger":"unusual_prefix_377e48747e3957bb035dd88b74b86ec1d0ec8c25_stocks_etl_dag","filename":"stocks_etl_dag.py","lineno":24}
{"timestamp":"2026-08-21T10:39:25.928314Z","level":"info","event":"ETL function imported succesfully!","logger":"unusual_prefix_377e48747e3957bb035dd88b74b86ec1d0ec8c25_stocks_etl_dag","filename":"stocks_etl_dag.py","lineno":32}
{"timestamp":"2026-08-21T10:39:25.936196Z","level":"info","event":"DAG loaded sucessfully!","logger":"unusual_prefix_377e48747e3957bb035dd88b74b86ec1d0ec8c25_stocks_etl_dag","filename":"stocks_etl_dag.py","lineno":103}
{"timestamp":"2026-08-21T10:39:56.377602Z","level":"info","event":"Filling up the DagBag from /opt/airflow/dags/stocks_etl_dag.py","logger":"airflow.dag_processing.dagbag.BundleDagBag","filename":"dagbag.py","lineno":460}
{"timestamp":"2026-08-21T10:39:56.646611Z","level":"info","event":"Pyspark imported, version: 3.5.2","logger":"unusual_prefix_377e48747e3957bb035dd88b74b86ec1d0ec8c25_stocks_etl_dag","filename":"stocks_etl_dag.py","lineno":24}
{"timestamp":"2026-08-21T10:39:57.825448Z","level":"info","event":"ETL function imported succesfully!","logger":"unusual_prefix_377e48747e3957bb035dd88b74b86ec1d0ec8c25_stocks_etl_dag","filename":"stocks_etl_dag.py","lineno":32}
{"timestamp":"2026-08-21T10:39:57.842705Z","level":"info","event":"DAG loaded sucessfully!","logger":"unusual_prefix_377e48747e3957bb035dd88b74b86ec1d0ec8c25_stocks_etl_dag","filename":"stocks_etl_dag.py","lineno":103}
{"timestamp":"2026-08-21T10:40:28.341588Z","level":"info","event":"Filling up the DagBag from /opt/airflow/dags/stocks_etl_dag.py","logger":"airflow.dag_processing.dagbag.BundleDagBag","filename":"dagbag.py","lineno":460}
{"timestamp":"2026-08-21T10:40:28.535023Z","level":"info","event":"Pyspark imported, version: 3.5.2","logger":"unusual_prefix_377e48747e3957bb035dd88b74b86ec1d0ec8c25_stocks_etl_dag","filename":"stocks_etl_dag.py","lineno":24}
{"timestamp":"2026-08-21T10:40:29.390020Z","level":"info","event":"ETL function imported succesfully!","logger":"unusual_prefix_377e48747e3957bb035dd88b74b86ec1d0ec8c25_stocks_etl_dag","filename":"stocks_etl_dag.py","lineno":32}
{"timestamp":"2026-08-21T10:40:29.395517Z","level":"info","event":"DAG loaded sucessfully!","logger":"unusual_prefix_377e48747e3957bb035dd88b74b86ec1d0ec8c25_stocks_etl_dag","filename":"stocks_etl_dag.py","lineno":103}
{"timestamp":"2026-08-21T10:41:00.107371Z","level":"info","event":"Filling up the DagBag from /opt/airflow/dags/stocks_etl_dag.py","logger":"airflow.dag_processing.dagbag.BundleDagBag","filename":"dagbag.py","lineno":460}
{"timestamp":"2026-08-21T10:41:00.432091Z","level":"info","event":"Pyspark imported, version: 3.5.2","logger":"unusual_prefix_377e48747e3957bb035dd88b74b86ec1d0ec8c25_stocks_etl_dag","filename":"stocks_etl_dag.py","lineno":24}
{"timestamp":"2026-08-21T10:41:01.637567Z","level":"info","event":"ETL function imported succesfully!","logger":"unusual_prefix_377e48747e3957bb035dd88b74b86ec1d0ec8c25_stocks_etl_dag","filename":"stocks_etl_dag.py","lineno":32}
{"timestamp":"2026-08-21T10:41:01.644236Z","level":"info","event":"DAG loaded sucessfully!","logger":"unusual_prefix_377e48747e3957bb035dd88b74b86ec1d0ec8c25_stocks_etl_dag","filename":"stocks_etl_dag.py","lineno":103}
{"timestamp":"2026-08-21T10:41:32.110855Z","level":"info","event":"Filling up the DagBag from /opt/airflow/dags/stocks_etl_dag.py","logger":"airflow.dag_processing.dagbag.BundleDagBag","filename":"dagbag.py","lineno":460}
{"timestamp":"2026-08-21T10:41:32.422996Z","level":"info","event":"Pyspark imported, version: 3.5.2","logger":"unusual_prefix_377e48747e3957bb035dd88b74b86ec1d0ec8c25_stocks_etl_dag","filename":"stocks_etl_dag.py","lineno":24}
{"timestamp":"2026-08-21T10:41:33.657349Z","level":"info","event":"ETL function imported succesfully!","logger":"unusual_prefix_377e48747e3957bb035dd88b74b86ec1d0ec8c25_stocks_etl_dag","filename":"stocks_etl_dag.py","lineno":32}
{"timestamp":"2026-08-21T10:41:33.662076Z","level":"info","event":"DAG loaded sucessfully!","logger":"unusual_prefix_377e48747e3957bb035dd88b74b86ec1d0ec8c25_stocks_etl_dag","filename":"stocks_etl_dag.py","lineno":103}
{"timestamp":"2026-08-21T10:42:04.137346Z","level":"info","event":"Filling up the DagBag from /opt/airflow/dags/stocks_etl_dag.py","logger":"airflow.dag_processing.dagbag.BundleDagBag","filename":"dagbag.py","lineno":460}
{"timestamp":"2026-08-21T10:42:04.521191Z","level":"info","event":"Pyspark imported, version: 3.5.2","logger":"unusual_prefix_377e48747e3957bb035dd88b74b86ec1d0ec8c25_stocks_etl_dag","filename":"stocks_etl_dag.py","lineno":24}
{"timestamp":"2026-08-21T10:42:05.658550Z","level":"info","event":"ETL function imported succesfully!","logger":"unusual_prefix_377e48747e3957bb035dd88b74b86ec1d0ec8c25_stocks_etl_dag","filename":"stocks_etl_dag.py","lineno":32}
{"timestamp":"2026-08-21T10:42:05.664069Z","level":"info","event":"DAG loaded sucessfully!","logger":"unusual_prefix_377e48747e3957bb035dd88b74b86ec1d0ec8c25_stocks_etl_dag","filename":"stocks_etl_dag.py","lineno":103}
{"timestamp":"2026-08-21T10:42:36.181113Z","level":"info","event":"Filling up the DagBag from /opt/airflow/dags/stocks_etl_dag.py","logger":"airflow.dag_processing.dagbag.BundleDagBag","filename":"dagbag.py","lineno":460}
{"timestamp":"2026-08-21T10:42:36.588623Z","level":"info","event":"Pyspark imported, version: 3.5.2","logger":"unusual_prefix_377e48747e3957bb035dd88b74b86ec1d0ec8c25_stocks_etl_dag","filename":"stocks_etl_dag.py","lineno":24}
{"timestamp":"2026-08-21T10:42:38.147969Z","level":"info","event":"ETL function imported succesfully!","logger":"unusual_prefix_377e48747e3957bb035dd88b74b86ec1d0ec8c25_stocks_etl_dag","filename":"stocks_etl_dag.py","lineno":32}
{"timestamp":"2026-08-21T10:42:38.153571Z","level":"info","event":"DAG loaded sucessfully!","logger":"unusual_prefix_377e48747e3957bb035dd88b74b86ec1d0ec8c25_stocks_etl_dag","filename":"stocks_etl_dag.py","lineno":103}
{"timestamp":"2026-08-21T10:43:08.668146Z","level":"info","event":"Filling up the DagBag from /opt/airflow/dags/stocks_etl_dag.py","logger":"airflow.dag_processing.dagbag.BundleDagBag","filename":"dagbag.py","lineno":460}
{"timestamp":"2026-08-21T10:43:09.174327Z","level":"info","event":"Pyspark imported, version: 3.5.2","logger":"unusual_prefix_377e48747e3957bb035dd88b74b86ec1d0ec8c25_stocks_etl_dag","filename":"stocks_etl_dag.py","lineno":24}
{"timestamp":"2026-08-21T10:43:10.431892Z","level":"info","event":"ETL function imported succesfully!","logger":"unusual_prefix_377e48747e3957bb035dd88b74b86ec1d0ec8c25_stocks_etl_dag","filename":"stocks_etl_dag.py","lineno":32}
{"timestamp":"2026-08-21T10:43:10.439037Z","level":"info","event":"DAG loaded sucessfully!","logger":"unusual_prefix_377e48747e3957bb035dd88b74b86ec1d0ec8c25_stocks_etl_dag","filename":"stocks_etl_dag.py","lineno":103}
{"timestamp":"2026-08-21T10:43:41.122234Z","level":"info","event":"Filling up the DagBag from /opt/airflow/dags/stocks_etl_dag.py","logger":"airflow.dag_processing.dagbag.BundleDagBag","filename":"dagbag.py","lineno":460}
{"timestamp":"2026-08-21T10:43:41.558097Z","level":"info","event":"Pyspark imported, version: 3.5.2","logger":"unusual_prefix_377e48747e3957bb035dd88b74b86ec1d0ec8c25_stocks_etl_dag","filename":"stocks_etl_dag.py","lineno":24}
{"timestamp":"2026-08-21T10:43:43.627326Z","level":"info","event":"ETL function imported succesfully!","logger":"unusual_prefix_377e48747e3957bb035dd88b74b86ec1d0ec8c25_stocks_etl_dag","filename":"stocks_etl_dag.py","lineno":32}
{"timestamp":"2026-08-21T10:43:43.636203Z","level":"info","event":"DAG loaded sucessfully!","logger":"unusual_prefix_377e48747e3957bb035dd88b74b86ec1d0ec8c25_stocks_etl_dag","filename":"stocks_etl_dag.py","lineno":103}
{"timestamp":"2026-08-21T10:44:14.344728Z","level":"info","event":"Filling up the DagBag from /opt/airflow/dags/stocks_etl_dag.py","logger":"airflow.dag_processing.dagbag.BundleDagBag","filename":"dagbag.py","lineno":460}
{"timestamp":"2026-08-21T10:44:14.618996Z","level":"info","event":"Pyspark imported, version: 3.5.2","logger":"unusual_prefix_377e48747e3957bb035dd88b74b86ec1d0ec8c25_stocks_etl_dag","filename":"stocks_etl_dag.py","lineno":24}
{"timestamp":"2026-08-21T10:44:15.478940Z","level":"info","event":"ETL function imported succesfully!","logger":"unusual_prefix_377e48747e3957bb035dd88b74b86ec1d0ec8c25_stocks_etl_dag","filename":"stocks_etl_dag.py","lineno":32}
{"timestamp":"2026-08-21T10:44:15.488267Z","level":"info","event":"DAG loaded sucessfully!","logger":"unusual_prefix_377e48747e3957bb035dd88b74b86ec1d0ec8c25_stocks_etl_dag","filename":"stocks_etl_dag.py","lineno":103}
{"timestamp":"2026-08-21T10:44:45.694385Z","level":"info","event":"Filling up the DagBag from /opt/airflow/dags/stocks_etl_dag.py","logger":"airflow.dag_processing.dagbag.BundleDagBag","filename":"dagbag.py","lineno":460}
{"timestamp":"2026-08-21T10:44:45.908458Z","level":"info","event":"Pyspark imported, version: 3.5.2","logger":"unusual_prefix_377e48747e3957bb035dd88b74b86ec1d0ec8c25_stocks_etl_dag","filename":"stocks_etl_dag.py","lineno":24}
{"timestamp":"2026-08-21T10:44:46.807882Z","level":"info","event":"ETL function imported succesfully!","logger":"unusual_prefix_377e48747e3957bb035dd88b74b86ec1d0ec8c25_stocks_etl_dag","filename":"stocks_etl_dag.py","lineno":32}
{"timestamp":"2026-08-21T10:44:46.813769Z","level":"info","event":"DAG loaded sucessfully!","logger":"unusual_prefix_377e48747e3957bb035dd88b74b86ec1d0ec8c25_stocks_etl_dag","filename":"stocks_etl_dag.py","lineno":103}
{"timestamp":"2026-08-21T10:45:17.261041Z","level":"info","event":"Filling up the DagBag from /opt/airflow/dags/stocks_etl_dag.py","logger":"airflow.dag_processing.dagbag.BundleDagBag","filename":"dagbag.py","lineno":460}
{"timestamp":"2026-08-21T10:45:17.529785Z","level":"info","event":"Pyspark imported, version: 3.5.2","logger":"unusual_prefix_377e48747e3957bb035dd88b74b86ec1d0ec8c25_stocks_etl_dag","filename":"stocks_etl_dag.py","lineno":24}
{"timestamp":"2026-08-21T10:45:18.541178Z","level":"info","event":"ETL function imported succesfully!","logger":"unusual_prefix_377e48747e3957bb035dd88b74b86ec1d0ec8c25_stocks_etl_dag","filename":"stocks_etl_dag.py","lineno":32}
{"timestamp":"2026-08-21T10:45:18.545229Z","level":"info","event":"DAG loaded sucessfully!","logger":"unusual_prefix_377e48747e3957bb035dd88b74b86ec1d0ec8c25_stocks_etl_dag","filename":"stocks_etl_dag.py","lineno":103}
{"timestamp":"2026-08-21T10:45:49.512657Z","level":"info","event":"Filling up the DagBag from /opt/airflow/dags/stocks_etl_dag.py","logger":"airflow.dag_processing.dagbag.BundleDagBag","filename":"dagbag.py","lineno":460}
{"timestamp":"2026-08-21T10:45:50.029556Z","level":"info","event":"Pyspark imported, version: 3.5.2","logger":"unusual_prefix_377e48747e3957bb035dd88b74b86ec1d0ec8c25_stocks_etl_dag","filename":"stocks_etl_dag.py","lineno":24}
{"timestamp":"2026-08-21T10:45:52.240403Z","level":"info","event":"ETL function imported succesfully!","logger":"unusual_prefix_377e48747e3957bb035dd88b74b86ec1d0ec8c25_stocks_etl_dag","filename":"stocks_etl_dag.py","lineno":32}
{"timestamp":"2026-08-21T10:45:52.268659Z","level":"info","event":"DAG loaded sucessfully!","logger":"unusual_prefix_377e48747e3957bb035dd88b74b86ec1d0ec8c25_stocks_etl_dag","filename":"stocks_etl_dag.py","lineno":103}
{"timestamp":"2026-08-21T10:46:23.048446Z","level":"info","event":"Filling up the DagBag from /opt/airflow/dags/stocks_etl_dag.py","logger":"airflow.dag_processing.dagbag.BundleDagBag","filename":"dagbag.py","lineno":460}
{"timestamp":"2026-08-21T10:46:23.450767Z","level":"info","event":"Pyspark imported, version: 3.5.2","logger":"unusual_prefix_377e48747e3957bb035dd88b74b86ec1d0ec8c25_stocks_etl_dag","filename":"stocks_etl_dag.py","lineno":24}
{"timestamp":"2026-08-21T10:46:25.171083Z","level":"info","event":"ETL function imported succesfully!","logger":"unusual_prefix_377e48747e3957bb035dd88b74b86ec1d0ec8c25_stocks_etl_dag","filename":"stocks_etl_dag.py","lineno":32}
{"timestamp":"2026-08-21T10:46:25.183570Z","level":"info","event":"DAG loaded sucessfully!","logger":"unusual_prefix_377e48747e3957bb035dd88b74b86ec1d0ec8c25_stocks_etl_dag","filename":"stocks_etl_dag.py","lineno":103}
{"timestamp":"2026-08-21T10:46:55.883487Z","level":"info","event":"Filling up the DagBag from /opt/airflow/dags/stocks_etl_dag.py","logger":"airflow.dag_processing.dagbag.BundleDagBag","filename":"dagbag.py","lineno":460}
{"timestamp":"2026-08-21T10:46:56.470912Z","level":"info","event":"Pyspark imported, version: 3.5.2","logger":"unusual_prefix_377e48747e3957bb035dd88b74b86ec1d0ec8c25_stocks_etl_dag","filename":"stocks_etl_dag.py","lineno":24}
{"timestamp":"2026-08-21T10:46:58.296103Z","level":"info","event":"ETL function imported succesfully!","logger":"unusual_prefix_377e48747e3957bb035dd88b74b86ec1d0ec8c25_stocks_etl_dag","filename":"stocks_etl_dag.py","lineno":32}
{"timestamp":"2026-08-21T10:46:58.305476Z","level":"info","event":"DAG loaded sucessfully!","logger":"unusual_prefix_377e48747e3957bb035dd88b74b86ec1d0ec8c25_stocks_etl_dag","filename":"stocks_etl_dag.py","lineno":103}
{"timestamp":"2026-08-21T10:47:28.907694Z","level":"info","event":"Filling up the DagBag from /opt/airflow/dags/stocks_etl_dag.py","logger":"airflow.dag_processing.dagbag.BundleDagBag","filename":"dagbag.py","lineno":460}
{"timestamp":"2026-08-21T10:47:29.347700Z","level":"info","event":"Pyspark imported, version: 3.5.2","logger":"unusual_prefix_377e48747e3957bb035dd88b74b86ec1d0ec8c25_stocks_etl_dag","filename":"stocks_etl_dag.py","lineno":24}
{"timestamp":"2026-08-21T10:47:30.915861Z","level":"info","event":"ETL function imported succesfully!","logger":"unusual_prefix_377e48747e3957bb035dd88b74b86ec1d0ec8c25_stocks_etl_dag","filename":"stocks_etl_dag.py","lineno":32}
{"timestamp":"2026-08-21T10:47:30.926407Z","level":"info","event":"DAG loaded sucessfully!","logger":"unusual_prefix_377e48747e3957bb035dd88b74b86ec1d0ec8c25_stocks_etl_dag","filename":"stocks_etl_dag.py","lineno":103}
{"timestamp":"2026-08-21T10:48:01.221307Z","level":"info","event":"Filling up the DagBag from /opt/airflow/dags/stocks_etl_dag.py","logger":"airflow.dag_processing.dagbag.BundleDagBag","filename":"dagbag.py","lineno":460}
{"timestamp":"2026-08-21T10:48:01.436457Z","level":"info","event":"Pyspark imported, version: 3.5.2","logger":"unusual_prefix_377e48747e3957bb035dd88b74b86ec1d0ec8c25_stocks_etl_dag","filename":"stocks_etl_dag.py","lineno":24}
{"timestamp":"2026-08-21T10:48:02.493988Z","level":"info","event":"ETL function imported succesfully!","logger":"unusual_prefix_377e48747e3957bb035dd88b74b86ec1d0ec8c25_stocks_etl_dag","filename":"stocks_etl_dag.py","lineno":32}
{"timestamp":"2026-08-21T10:48:02.500984Z","level":"info","event":"DAG loaded sucessfully!","logger":"unusual_prefix_377e48747e3957bb035dd88b74b86ec1d0ec8c25_stocks_etl_dag","filename":"stocks_etl_dag.py","lineno":103}
{"timestamp":"2026-08-21T10:48:32.991373Z","level":"info","event":"Filling up the DagBag from /opt/airflow/dags/stocks_etl_dag.py","logger":"airflow.dag_processing.dagbag.BundleDagBag","filename":"dagbag.py","lineno":460}
{"timestamp":"2026-08-21T10:48:33.375132Z","level":"info","event":"Pyspark imported, version: 3.5.2","logger":"unusual_prefix_377e48747e3957bb035dd88b74b86ec1d0ec8c25_stocks_etl_dag","filename":"stocks_etl_dag.py","lineno":24}
{"timestamp":"2026-08-21T10:48:34.988864Z","level":"info","event":"ETL function imported succesfully!","logger":"unusual_prefix_377e48747e3957bb035dd88b74b86ec1d0ec8c25_stocks_etl_dag","filename":"stocks_etl_dag.py","lineno":32}
{"timestamp":"2026-08-21T10:48:34.998404Z","level":"info","event":"DAG loaded sucessfully!","logger":"unusual_prefix_377e48747e3957bb035dd88b74b86ec1d0ec8c25_stocks_etl_dag","filename":"stocks_etl_dag.py","lineno":103}
{"timestamp":"2026-08-21T10:49:05.659094Z","level":"info","event":"Filling up the DagBag from /opt/airflow/dags/stocks_etl_dag.py","logger":"airflow.dag_processing.dagbag.BundleDagBag","filename":"dagbag.py","lineno":460}
{"timestamp":"2026-08-21T10:49:06.133008Z","level":"info","event":"Pyspark imported, version: 3.5.2","logger":"unusual_prefix_377e48747e3957bb035dd88b74b86ec1d0ec8c25_stocks_etl_dag","filename":"stocks_etl_dag.py","lineno":24}
{"timestamp":"2026-08-21T10:49:07.483899Z","level":"info","event":"ETL function imported succesfully!","logger":"unusual_prefix_377e48747e3957bb035dd88b74b86ec1d0ec8c25_stocks_etl_dag","filename":"stocks_etl_dag.py","lineno":32}
{"timestamp":"2026-08-21T10:49:07.491828Z","level":"info","event":"DAG loaded sucessfully!","logger":"unusual_prefix_377e48747e3957bb035dd88b74b86ec1d0ec8c25_stocks_etl_dag","filename":"stocks_etl_dag.py","lineno":103}
{"timestamp":"2026-08-21T10:49:38.063301Z","level":"info","event":"Filling up the DagBag from /opt/airflow/dags/stocks_etl_dag.py","logger":"airflow.dag_processing.dagbag.BundleDagBag","filename":"dagbag.py","lineno":460}
{"timestamp":"2026-08-21T10:49:38.337343Z","level":"info","event":"Pyspark imported, version: 3.5.2","logger":"unusual_prefix_377e48747e3957bb035dd88b74b86ec1d0ec8c25_stocks_etl_dag","filename":"stocks_etl_dag.py","lineno":24}
{"timestamp":"2026-08-21T10:49:39.654839Z","level":"info","event":"ETL function imported succesfully!","logger":"unusual_prefix_377e48747e3957bb035dd88b74b86ec1d0ec8c25_stocks_etl_dag","filename":"stocks_etl_dag.py","lineno":32}
{"timestamp":"2026-08-21T10:49:39.663848Z","level":"info","event":"DAG loaded sucessfully!","logger":"unusual_prefix_377e48747e3957bb035dd88b74b86ec1d0ec8c25_stocks_etl_dag","filename":"stocks_etl_dag.py","lineno":103}
{"timestamp":"2026-08-21T10:50:10.211711Z","level":"info","event":"Filling up the DagBag from /opt/airflow/dags/stocks_etl_dag.py","logger":"airflow.dag_processing.dagbag.BundleDagBag","filename":"dagbag.py","lineno":460}
{"timestamp":"2026-08-21T10:50:10.412590Z","level":"info","event":"Pyspark imported, version: 3.5.2","logger":"unusual_prefix_377e48747e3957bb035dd88b74b86ec1d0ec8c25_stocks_etl_dag","filename":"stocks_etl_dag.py","lineno":24}
{"timestamp":"2026-08-21T10:50:11.408769Z","level":"info","event":"ETL function imported succesfully!","logger":"unusual_prefix_377e48747e3957bb035dd88b74b86ec1d0ec8c25_stocks_etl_dag","filename":"stocks_etl_dag.py","lineno":32}
{"timestamp":"2026-08-21T10:50:11.412895Z","level":"info","event":"DAG loaded sucessfully!","logger":"unusual_prefix_377e48747e3957bb035dd88b74b86ec1d0ec8c25_stocks_etl_dag","filename":"stocks_etl_dag.py","lineno":103}
{"timestamp":"2026-08-21T10:50:42.170377Z","level":"info","event":"Filling up the DagBag from /opt/airflow/dags/stocks_etl_dag.py","logger":"airflow.dag_processing.dagbag.BundleDagBag","filename":"dagbag.py","lineno":460}
{"timestamp":"2026-08-21T10:50:42.769044Z","level":"info","event":"Pyspark imported, version: 3.5.2","logger":"unusual_prefix_377e48747e3957bb035dd88b74b86ec1d0ec8c25_stocks_etl_dag","filename":"stocks_etl_dag.py","lineno":24}
{"timestamp":"2026-08-21T10:50:45.020118Z","level":"info","event":"ETL function imported succesfully!","logger":"unusual_prefix_377e48747e3957bb035dd88b74b86ec1d0ec8c25_stocks_etl_dag","filename":"stocks_etl_dag.py","lineno":32}
{"timestamp":"2026-08-21T10:50:45.039242Z","level":"info","event":"DAG loaded sucessfully!","logger":"unusual_prefix_377e48747e3957bb035dd88b74b86ec1d0ec8c25_stocks_etl_dag","filename":"stocks_etl_dag.py","lineno":103}
{"timestamp":"2026-08-21T10:51:15.923156Z","level":"info","event":"Filling up the DagBag from /opt/airflow/dags/stocks_etl_dag.py","logger":"airflow.dag_processing.dagbag.BundleDagBag","filename":"dagbag.py","lineno":460}
{"timestamp":"2026-08-21T10:51:16.380380Z","level":"info","event":"Pyspark imported, version: 3.5.2","logger":"unusual_prefix_377e48747e3957bb035dd88b74b86ec1d0ec8c25_stocks_etl_dag","filename":"stocks_etl_dag.py","lineno":24}
{"timestamp":"2026-08-21T10:51:17.971013Z","level":"info","event":"ETL function imported succesfully!","logger":"unusual_prefix_377e48747e3957bb035dd88b74b86ec1d0ec8c25_stocks_etl_dag","filename":"stocks_etl_dag.py","lineno":32}
{"timestamp":"2026-08-21T10:51:17.981868Z","level":"info","event":"DAG loaded sucessfully!","logger":"unusual_prefix_377e48747e3957bb035dd88b74b86ec1d0ec8c25_stocks_etl_dag","filename":"stocks_etl_dag.py","lineno":103}
{"timestamp":"2026-08-21T10:51:48.422188Z","level":"info","event":"Filling up the DagBag from /opt/airflow/dags/stocks_etl_dag.py","logger":"airflow.dag_processing.dagbag.BundleDagBag","filename":"dagbag.py","lineno":460}
{"timestamp":"2026-08-21T10:51:48.892973Z","level":"info","event":"Pyspark imported, version: 3.5.2","logger":"unusual_prefix_377e48747e3957bb035dd88b74b86ec1d0ec8c25_stocks_etl_dag","filename":"stocks_etl_dag.py","lineno":24}
{"timestamp":"2026-08-21T10:51:50.271480Z","level":"info","event":"ETL function imported succesfully!","logger":"unusual_prefix_377e48747e3957bb035dd88b74b86ec1d0ec8c25_stocks_etl_dag","filename":"stocks_etl_dag.py","lineno":32}
{"timestamp":"2026-08-21T10:51:50.275220Z","level":"info","event":"DAG loaded sucessfully!","logger":"unusual_prefix_377e48747e3957bb035dd88b74b86ec1d0ec8c25_stocks_etl_dag","filename":"stocks_etl_dag.py","lineno":103}
{"timestamp":"2026-08-21T10:52:20.741235Z","level":"info","event":"Filling up the DagBag from /opt/airflow/dags/stocks_etl_dag.py","logger":"airflow.dag_processing.dagbag.BundleDagBag","filename":"dagbag.py","lineno":460}
{"timestamp":"2026-08-21T10:52:21.035440Z","level":"info","event":"Pyspark imported, version: 3.5.2","logger":"unusual_prefix_377e48747e3957bb035dd88b74b86ec1d0ec8c25_stocks_etl_dag","filename":"stocks_etl_dag.py","lineno":24}
{"timestamp":"2026-08-21T10:52:22.055277Z","level":"info","event":"ETL function imported succesfully!","logger":"unusual_prefix_377e48747e3957bb035dd88b74b86ec1d0ec8c25_stocks_etl_dag","filename":"stocks_etl_dag.py","lineno":32}
{"timestamp":"2026-08-21T10:52:22.062229Z","level":"info","event":"DAG loaded sucessfully!","logger":"unusual_prefix_377e48747e3957bb035dd88b74b86ec1d0ec8c25_stocks_etl_dag","filename":"stocks_etl_dag.py","lineno":103}
{"timestamp":"2026-08-21T10:52:52.751241Z","level":"info","event":"Filling up the DagBag from /opt/airflow/dags/stocks_etl_dag.py","logger":"airflow.dag_processing.dagbag.BundleDagBag","filename":"dagbag.py","lineno":460}
{"timestamp":"2026-08-21T10:52:53.290770Z","level":"info","event":"Pyspark imported, version: 3.5.2","logger":"unusual_prefix_377e48747e3957bb035dd88b74b86ec1d0ec8c25_stocks_etl_dag","filename":"stocks_etl_dag.py","lineno":24}
{"timestamp":"2026-08-21T10:52:54.989609Z","level":"info","event":"ETL function imported succesfully!","logger":"unusual_prefix_377e48747e3957bb035dd88b74b86ec1d0ec8c25_stocks_etl_dag","filename":"stocks_etl_dag.py","lineno":32}
{"timestamp":"2026-08-21T10:52:54.994052Z","level":"info","event":"DAG loaded sucessfully!","logger":"unusual_prefix_377e48747e3957bb035dd88b74b86ec1d0ec8c25_stocks_etl_dag","filename":"stocks_etl_dag.py","lineno":103}
{"timestamp":"2026-08-21T10:53:25.732539Z","level":"info","event":"Filling up the DagBag from /opt/airflow/dags/stocks_etl_dag.py","logger":"airflow.dag_processing.dagbag.BundleDagBag","filename":"dagbag.py","lineno":460}
{"timestamp":"2026-08-21T10:53:26.486051Z","level":"info","event":"Pyspark imported, version: 3.5.2","logger":"unusual_prefix_377e48747e3957bb035dd88b74b86ec1d0ec8c25_stocks_etl_dag","filename":"stocks_etl_dag.py","lineno":24}
{"timestamp":"2026-08-21T10:53:28.240160Z","level":"info","event":"ETL function imported succesfully!","logger":"unusual_prefix_377e48747e3957bb035dd88b74b86ec1d0ec8c25_stocks_etl_dag","filename":"stocks_etl_dag.py","lineno":32}
{"timestamp":"2026-08-21T10:53:28.269308Z","level":"info","event":"DAG loaded sucessfully!","logger":"unusual_prefix_377e48747e3957bb035dd88b74b86ec1d0ec8c25_stocks_etl_dag","filename":"stocks_etl_dag.py","lineno":103}
{"timestamp":"2026-08-21T10:53:59.349146Z","level":"info","event":"Filling up the DagBag from /opt/airflow/dags/stocks_etl_dag.py","logger":"airflow.dag_processing.dagbag.BundleDagBag","filename":"dagbag.py","lineno":460}
{"timestamp":"2026-08-21T10:53:59.830203Z","level":"info","event":"Pyspark imported, version: 3.5.2","logger":"unusual_prefix_377e48747e3957bb035dd88b74b86ec1d0ec8c25_stocks_etl_dag","filename":"stocks_etl_dag.py","lineno":24}
{"timestamp":"2026-08-21T10:54:01.380303Z","level":"info","event":"ETL function imported succesfully!","logger":"unusual_prefix_377e48747e3957bb035dd88b74b86ec1d0ec8c25_stocks_etl_dag","filename":"stocks_etl_dag.py","lineno":32}
{"timestamp":"2026-08-21T10:54:01.389988Z","level":"info","event":"DAG loaded sucessfully!","logger":"unusual_prefix_377e48747e3957bb035dd88b74b86ec1d0ec8c25_stocks_etl_dag","filename":"stocks_etl_dag.py","lineno":103}
{"timestamp":"2026-08-21T10:54:31.589983Z","level":"info","event":"Filling up the DagBag from /opt/airflow/dags/stocks_etl_dag.py","logger":"airflow.dag_processing.dagbag.BundleDagBag","filename":"dagbag.py","lineno":460}
{"timestamp":"2026-08-21T10:54:31.895345Z","level":"info","event":"Pyspark imported, version: 3.5.2","logger":"unusual_prefix_377e48747e3957bb035dd88b74b86ec1d0ec8c25_stocks_etl_dag","filename":"stocks_etl_dag.py","lineno":24}
{"timestamp":"2026-08-21T10:54:32.828148Z","level":"info","event":"ETL function imported succesfully!","logger":"unusual_prefix_377e48747e3957bb035dd88b74b86ec1d0ec8c25_stocks_etl_dag","filename":"stocks_etl_dag.py","lineno":32}
{"timestamp":"2026-08-21T10:54:32.832053Z","level":"info","event":"DAG loaded sucessfully!","logger":"unusual_prefix_377e48747e3957bb035dd88b74b86ec1d0ec8c25_stocks_etl_dag","filename":"stocks_etl_dag.py","lineno":103}
{"timestamp":"2026-08-21T10:55:03.459525Z","level":"info","event":"Filling up the DagBag from /opt/airflow/dags/stocks_etl_dag.py","logger":"airflow.dag_processing.dagbag.BundleDagBag","filename":"dagbag.py","lineno":460}
{"timestamp":"2026-08-21T10:55:03.872503Z","level":"info","event":"Pyspark imported, version: 3.5.2","logger":"unusual_prefix_377e48747e3957bb035dd88b74b86ec1d0ec8c25_stocks_etl_dag","filename":"stocks_etl_dag.py","lineno":24}
{"timestamp":"2026-08-21T10:55:05.532800Z","level":"info","event":"ETL function imported succesfully!","logger":"unusual_prefix_377e48747e3957bb035dd88b74b86ec1d0ec8c25_stocks_etl_dag","filename":"stocks_etl_dag.py","lineno":32}
{"timestamp":"2026-08-21T10:55:05.552499Z","level":"info","event":"DAG loaded sucessfully!","logger":"unusual_prefix_377e48747e3957bb035dd88b74b86ec1d0ec8c25_stocks_etl_dag","filename":"stocks_etl_dag.py","lineno":103}
{"timestamp":"2026-08-21T10:55:36.284969Z","level":"info","event":"Filling up the DagBag from /opt/airflow/dags/stocks_etl_dag.py","logger":"airflow.dag_processing.dagbag.BundleDagBag","filename":"dagbag.py","lineno":460}
{"timestamp":"2026-08-21T10:55:36.596617Z","level":"info","event":"Pyspark imported, version: 3.5.2","logger":"unusual_prefix_377e48747e3957bb035dd88b74b86ec1d0ec8c25_stocks_etl_dag","filename":"stocks_etl_dag.py","lineno":24}
{"timestamp":"2026-08-21T10:55:37.738215Z","level":"info","event":"ETL function imported succesfully!","logger":"unusual_prefix_377e48747e3957bb035dd88b74b86ec1d0ec8c25_stocks_etl_dag","filename":"stocks_etl_dag.py","lineno":32}
{"timestamp":"2026-08-21T10:55:37.743587Z","level":"info","event":"DAG loaded sucessfully!","logger":"unusual_prefix_377e48747e3957bb035dd88b74b86ec1d0ec8c25_stocks_etl_dag","filename":"stocks_etl_dag.py","lineno":103}
{"timestamp":"2026-08-21T10:56:08.042267Z","level":"info","event":"Filling up the DagBag from /opt/airflow/dags/stocks_etl_dag.py","logger":"airflow.dag_processing.dagbag.BundleDagBag","filename":"dagbag.py","lineno":460}
{"timestamp":"2026-08-21T10:56:08.293971Z","level":"info","event":"Pyspark imported, version: 3.5.2","logger":"unusual_prefix_377e48747e3957bb035dd88b74b86ec1d0ec8c25_stocks_etl_dag","filename":"stocks_etl_dag.py","lineno":24}
{"timestamp":"2026-08-21T10:56:09.327041Z","level":"info","event":"ETL function imported succesfully!","logger":"unusual_prefix_377e48747e3957bb035dd88b74b86ec1d0ec8c25_stocks_etl_dag","filename":"stocks_etl_dag.py","lineno":32}
{"timestamp":"2026-08-21T10:56:09.331097Z","level":"info","event":"DAG loaded sucessfully!","logger":"unusual_prefix_377e48747e3957bb035dd88b74b86ec1d0ec8c25_stocks_etl_dag","filename":"stocks_etl_dag.py","lineno":103}
{"timestamp":"2026-08-21T10:56:39.587217Z","level":"info","event":"Filling up the DagBag from /opt/airflow/dags/stocks_etl_dag.py","logger":"airflow.dag_processing.dagbag.BundleDagBag","filename":"dagbag.py","lineno":460}
{"timestamp":"2026-08-21T10:56:39.885603Z","level":"info","event":"Pyspark imported, version: 3.5.2","logger":"unusual_prefix_377e48747e3957bb035dd88b74b86ec1d0ec8c25_stocks_etl_dag","filename":"stocks_etl_dag.py","lineno":24}
{"timestamp":"2026-08-21T10:56:40.911987Z","level":"info","event":"ETL function imported succesfully!","logger":"unusual_prefix_377e48747e3957bb035dd88b74b86ec1d0ec8c25_stocks_etl_dag","filename":"stocks_etl_dag.py","lineno":32}
{"timestamp":"2026-08-21T10:56:40.930020Z","level":"info","event":"DAG loaded sucessfully!","logger":"unusual_prefix_377e48747e3957bb035dd88b74b86ec1d0ec8c25_stocks_etl_dag","filename":"stocks_etl_dag.py","lineno":103}
{"timestamp":"2026-08-21T10:57:11.713657Z","level":"info","event":"Filling up the DagBag from /opt/airflow/dags/stocks_etl_dag.py","logger":"airflow.dag_processing.dagbag.BundleDagBag","filename":"dagbag.py","lineno":460}
{"timestamp":"2026-08-21T10:57:11.984379Z","level":"info","event":"Pyspark imported, version: 3.5.2","logger":"unusual_prefix_377e48747e3957bb035dd88b74b86ec1d0ec8c25_stocks_etl_dag","filename":"stocks_etl_dag.py","lineno":24}
{"timestamp":"2026-08-21T10:57:12.858694Z","level":"info","event":"ETL function imported succesfully!","logger":"unusual_prefix_377e48747e3957bb035dd88b74b86ec1d0ec8c25_stocks_etl_dag","filename":"stocks_etl_dag.py","lineno":32}
{"timestamp":"2026-08-21T10:57:12.867034Z","level":"info","event":"DAG loaded sucessfully!","logger":"unusual_prefix_377e48747e3957bb035dd88b74b86ec1d0ec8c25_stocks_etl_dag","filename":"stocks_etl_dag.py","lineno":103}
{"timestamp":"2026-08-21T10:57:43.610011Z","level":"info","event":"Filling up the DagBag from /opt/airflow/dags/stocks_etl_dag.py","logger":"airflow.dag_processing.dagbag.BundleDagBag","filename":"dagbag.py","lineno":460}
{"timestamp":"2026-08-21T10:57:43.940423Z","level":"info","event":"Pyspark imported, version: 3.5.2","logger":"unusual_prefix_377e48747e3957bb035dd88b74b86ec1d0ec8c25_stocks_etl_dag","filename":"stocks_etl_dag.py","lineno":24}
{"timestamp":"2026-08-21T10:57:45.670467Z","level":"info","event":"ETL function imported succesfully!","logger":"unusual_prefix_377e48747e3957bb035dd88b74b86ec1d0ec8c25_stocks_etl_dag","filename":"stocks_etl_dag.py","lineno":32}
{"timestamp":"2026-08-21T10:57:45.678288Z","level":"info","event":"DAG loaded sucessfully!","logger":"unusual_prefix_377e48747e3957bb035dd88b74b86ec1d0ec8c25_stocks_etl_dag","filename":"stocks_etl_dag.py","lineno":103}
{"timestamp":"2026-08-21T10:58:15.932419Z","level":"info","event":"Filling up the DagBag from /opt/airflow/dags/stocks_etl_dag.py","logger":"airflow.dag_processing.dagbag.BundleDagBag","filename":"dagbag.py","lineno":460}
{"timestamp":"2026-08-21T10:58:16.309688Z","level":"info","event":"Pyspark imported, version: 3.5.2","logger":"unusual_prefix_377e48747e3957bb035dd88b74b86ec1d0ec8c25_stocks_etl_dag","filename":"stocks_etl_dag.py","lineno":24}
{"timestamp":"2026-08-21T10:58:17.971029Z","level":"info","event":"ETL function imported succesfully!","logger":"unusual_prefix_377e48747e3957bb035dd88b74b86ec1d0ec8c25_stocks_etl_dag","filename":"stocks_etl_dag.py","lineno":32}
{"timestamp":"2026-08-21T10:58:17.976398Z","level":"info","event":"DAG loaded sucessfully!","logger":"unusual_prefix_377e48747e3957bb035dd88b74b86ec1d0ec8c25_stocks_etl_dag","filename":"stocks_etl_dag.py","lineno":103}
{"timestamp":"2026-08-21T10:58:48.737969Z","level":"info","event":"Filling up the DagBag from /opt/airflow/dags/stocks_etl_dag.py","logger":"airflow.dag_processing.dagbag.BundleDagBag","filename":"dagbag.py","lineno":460}
{"timestamp":"2026-08-21T10:58:49.110985Z","level":"info","event":"Pyspark imported, version: 3.5.2","logger":"unusual_prefix_377e48747e3957bb035dd88b74b86ec1d0ec8c25_stocks_etl_dag","filename":"stocks_etl_dag.py","lineno":24}
{"timestamp":"2026-08-21T10:58:50.484500Z","level":"info","event":"ETL function imported succesfully!","logger":"unusual_prefix_377e48747e3957bb035dd88b74b86ec1d0ec8c25_stocks_etl_dag","filename":"stocks_etl_dag.py","lineno":32}
{"timestamp":"2026-08-21T10:58:50.494004Z","level":"info","event":"DAG loaded sucessfully!","logger":"unusual_prefix_377e48747e3957bb035dd88b74b86ec1d0ec8c25_stocks_etl_dag","filename":"stocks_etl_dag.py","lineno":103}
{"timestamp":"2026-08-21T10:59:21.331436Z","level":"info","event":"Filling up the DagBag from /opt/airflow/dags/stocks_etl_dag.py","logger":"airflow.dag_processing.dagbag.BundleDagBag","filename":"dagbag.py","lineno":460}
{"timestamp":"2026-08-21T10:59:21.623983Z","level":"info","event":"Pyspark imported, version: 3.5.2","logger":"unusual_prefix_377e48747e3957bb035dd88b74b86ec1d0ec8c25_stocks_etl_dag","filename":"stocks_etl_dag.py","lineno":24}
{"timestamp":"2026-08-21T10:59:22.747678Z","level":"info","event":"ETL function imported succesfully!","logger":"unusual_prefix_377e48747e3957bb035dd88b74b86ec1d0ec8c25_stocks_etl_dag","filename":"stocks_etl_dag.py","lineno":32}
{"timestamp":"2026-08-21T10:59:22.752470Z","level":"info","event":"DAG loaded sucessfully!","logger":"unusual_prefix_377e48747e3957bb035dd88b74b86ec1d0ec8c25_stocks_etl_dag","filename":"stocks_etl_dag.py","lineno":103}
{"timestamp":"2026-08-21T10:59:52.974462Z","level":"info","event":"Filling up the DagBag from /opt/airflow/dags/stocks_etl_dag.py","logger":"airflow.dag_processing.dagbag.BundleDagBag","filename":"dagbag.py","lineno":460}
{"timestamp":"2026-08-21T10:59:53.322969Z","level":"info","event":"Pyspark imported, version: 3.5.2","logger":"unusual_prefix_377e48747e3957bb035dd88b74b86ec1d0ec8c25_stocks_etl_dag","filename":"stocks_etl_dag.py","lineno":24}
{"timestamp":"2026-08-21T10:59:54.417969Z","level":"info","event":"ETL function imported succesfully!","logger":"unusual_prefix_377e48747e3957bb035dd88b74b86ec1d0ec8c25_stocks_etl_dag","filename":"stocks_etl_dag.py","lineno":32}
{"timestamp":"2026-08-21T10:59:54.437315Z","level":"info","event":"DAG loaded sucessfully!","logger":"unusual_prefix_377e48747e3957bb035dd88b74b86ec1d0ec8c25_stocks_etl_dag","filename":"stocks_etl_dag.py","lineno":103}
{"timestamp":"2026-08-21T11:00:25.722679Z","level":"info","event":"Filling up the DagBag from /opt/airflow/dags/stocks_etl_dag.py","logger":"airflow.dag_processing.dagbag.BundleDagBag","filename":"dagbag.py","lineno":460}
{"timestamp":"2026-08-21T11:00:28.478740Z","level":"info","event":"Pyspark imported, version: 3.5.2","logger":"unusual_prefix_377e48747e3957bb035dd88b74b86ec1d0ec8c25_stocks_etl_dag","filename":"stocks_etl_dag.py","lineno":24}
{"timestamp":"2026-08-21T11:00:34.162195Z","level":"info","event":"ETL function imported succesfully!","logger":"unusual_prefix_377e48747e3957bb035dd88b74b86ec1d0ec8c25_stocks_etl_dag","filename":"stocks_etl_dag.py","lineno":32}
{"timestamp":"2026-08-21T11:00:34.198589Z","level":"info","event":"DAG loaded sucessfully!","logger":"unusual_prefix_377e48747e3957bb035dd88b74b86ec1d0ec8c25_stocks_etl_dag","filename":"stocks_etl_dag.py","lineno":103}
{"timestamp":"2026-08-21T11:01:05.384202Z","level":"info","event":"Filling up the DagBag from /opt/airflow/dags/stocks_etl_dag.py","logger":"airflow.dag_processing.dagbag.BundleDagBag","filename":"dagbag.py","lineno":460}
{"timestamp":"2026-08-21T11:01:05.717638Z","level":"info","event":"Pyspark imported, version: 3.5.2","logger":"unusual_prefix_377e48747e3957bb035dd88b74b86ec1d0ec8c25_stocks_etl_dag","filename":"stocks_etl_dag.py","lineno":24}
{"timestamp":"2026-08-21T11:01:07.117148Z","level":"info","event":"ETL function imported succesfully!","logger":"unusual_prefix_377e48747e3957bb035dd88b74b86ec1d0ec8c25_stocks_etl_dag","filename":"stocks_etl_dag.py","lineno":32}
{"timestamp":"2026-08-21T11:01:07.132278Z","level":"info","event":"DAG loaded sucessfully!","logger":"unusual_prefix_377e48747e3957bb035dd88b74b86ec1d0ec8c25_stocks_etl_dag","filename":"stocks_etl_dag.py","lineno":103}
{"timestamp":"2026-08-21T11:01:37.701058Z","level":"info","event":"Filling up the DagBag from /opt/airflow/dags/stocks_etl_dag.py","logger":"airflow.dag_processing.dagbag.BundleDagBag","filename":"dagbag.py","lineno":460}
{"timestamp":"2026-08-21T11:01:38.080841Z","level":"info","event":"Pyspark imported, version: 3.5.2","logger":"unusual_prefix_377e48747e3957bb035dd88b74b86ec1d0ec8c25_stocks_etl_dag","filename":"stocks_etl_dag.py","lineno":24}
{"timestamp":"2026-08-21T11:01:40.048550Z","level":"info","event":"ETL function imported succesfully!","logger":"unusual_prefix_377e48747e3957bb035dd88b74b86ec1d0ec8c25_stocks_etl_dag","filename":"stocks_etl_dag.py","lineno":32}
{"timestamp":"2026-08-21T11:01:40.054084Z","level":"info","event":"DAG loaded sucessfully!","logger":"unusual_prefix_377e48747e3957bb035dd88b74b86ec1d0ec8c25_stocks_etl_dag","filename":"stocks_etl_dag.py","lineno":103}
{"timestamp":"2026-08-21T11:02:10.288761Z","level":"info","event":"Filling up the DagBag from /opt/airflow/dags/stocks_etl_dag.py","logger":"airflow.dag_processing.dagbag.BundleDagBag","filename":"dagbag.py","lineno":460}
{"timestamp":"2026-08-21T11:02:10.637542Z","level":"info","event":"Pyspark imported, version: 3.5.2","logger":"unusual_prefix_377e48747e3957bb035dd88b74b86ec1d0ec8c25_stocks_etl_dag","filename":"stocks_etl_dag.py","lineno":24}
{"timestamp":"2026-08-21T11:02:11.754071Z","level":"info","event":"ETL function imported succesfully!","logger":"unusual_prefix_377e48747e3957bb035dd88b74b86ec1d0ec8c25_stocks_etl_dag","filename":"stocks_etl_dag.py","lineno":32}
{"timestamp":"2026-08-21T11:02:11.762629Z","level":"info","event":"DAG loaded sucessfully!","logger":"unusual_prefix_377e48747e3957bb035dd88b74b86ec1d0ec8c25_stocks_etl_dag","filename":"stocks_etl_dag.py","lineno":103}
{"timestamp":"2026-08-21T11:02:42.292510Z","level":"info","event":"Filling up the DagBag from /opt/airflow/dags/stocks_etl_dag.py","logger":"airflow.dag_processing.dagbag.BundleDagBag","filename":"dagbag.py","lineno":460}
{"timestamp":"2026-08-21T11:02:42.771760Z","level":"info","event":"Pyspark imported, version: 3.5.2","logger":"unusual_prefix_377e48747e3957bb035dd88b74b86ec1d0ec8c25_stocks_etl_dag","filename":"stocks_etl_dag.py","lineno":24}
{"timestamp":"2026-08-21T11:02:45.145886Z","level":"info","event":"ETL function imported succesfully!","logger":"unusual_prefix_377e48747e3957bb035dd88b74b86ec1d0ec8c25_stocks_etl_dag","filename":"stocks_etl_dag.py","lineno":32}
{"timestamp":"2026-08-21T11:02:45.170945Z","level":"info","event":"DAG loaded sucessfully!","logger":"unusual_prefix_377e48747e3957bb035dd88b74b86ec1d0ec8c25_stocks_etl_dag","filename":"stocks_etl_dag.py","lineno":103}
{"timestamp":"2026-08-21T11:03:15.613565Z","level":"info","event":"Filling up the DagBag from /opt/airflow/dags/stocks_etl_dag.py","logger":"airflow.dag_processing.dagbag.BundleDagBag","filename":"dagbag.py","lineno":460}
{"timestamp":"2026-08-21T11:03:15.916328Z","level":"info","event":"Pyspark imported, version: 3.5.2","logger":"unusual_prefix_377e48747e3957bb035dd88b74b86ec1d0ec8c25_stocks_etl_dag","filename":"stocks_etl_dag.py","lineno":24}
{"timestamp":"2026-08-21T11:03:17.233588Z","level":"info","event":"ETL function imported succesfully!","logger":"unusual_prefix_377e48747e3957bb035dd88b74b86ec1d0ec8c25_stocks_etl_dag","filename":"stocks_etl_dag.py","lineno":32}
{"timestamp":"2026-08-21T11:03:17.245227Z","level":"info","event":"DAG loaded sucessfully!","logger":"unusual_prefix_377e48747e3957bb035dd88b74b86ec1d0ec8c25_stocks_etl_dag","filename":"stocks_etl_dag.py","lineno":103}
{"timestamp":"2026-08-21T11:03:47.948504Z","level":"info","event":"Filling up the DagBag from /opt/airflow/dags/stocks_etl_dag.py","logger":"airflow.dag_processing.dagbag.BundleDagBag","filename":"dagbag.py","lineno":460}
{"timestamp":"2026-08-21T11:03:48.247151Z","level":"info","event":"Pyspark imported, version: 3.5.2","logger":"unusual_prefix_377e48747e3957bb035dd88b74b86ec1d0ec8c25_stocks_etl_dag","filename":"stocks_etl_dag.py","lineno":24}
{"timestamp":"2026-08-21T11:03:49.178564Z","level":"info","event":"ETL function imported succesfully!","logger":"unusual_prefix_377e48747e3957bb035dd88b74b86ec1d0ec8c25_stocks_etl_dag","filename":"stocks_etl_dag.py","lineno":32}
{"timestamp":"2026-08-21T11:03:49.183082Z","level":"info","event":"DAG loaded sucessfully!","logger":"unusual_prefix_377e48747e3957bb035dd88b74b86ec1d0ec8c25_stocks_etl_dag","filename":"stocks_etl_dag.py","lineno":103}
{"timestamp":"2026-08-21T11:04:19.438677Z","level":"info","event":"Filling up the DagBag from /opt/airflow/dags/stocks_etl_dag.py","logger":"airflow.dag_processing.dagbag.BundleDagBag","filename":"dagbag.py","lineno":460}
{"timestamp":"2026-08-21T11:04:19.686344Z","level":"info","event":"Pyspark imported, version: 3.5.2","logger":"unusual_prefix_377e48747e3957bb035dd88b74b86ec1d0ec8c25_stocks_etl_dag","filename":"stocks_etl_dag.py","lineno":24}
{"timestamp":"2026-08-21T11:04:20.551184Z","level":"info","event":"ETL function imported succesfully!","logger":"unusual_prefix_377e48747e3957bb035dd88b74b86ec1d0ec8c25_stocks_etl_dag","filename":"stocks_etl_dag.py","lineno":32}
{"timestamp":"2026-08-21T11:04:20.569598Z","level":"info","event":"DAG loaded sucessfully!","logger":"unusual_prefix_377e48747e3957bb035dd88b74b86ec1d0ec8c25_stocks_etl_dag","filename":"stocks_etl_dag.py","lineno":103}
{"timestamp":"2026-08-21T11:04:51.383502Z","level":"info","event":"Filling up the DagBag from /opt/airflow/dags/stocks_etl_dag.py","logger":"airflow.dag_processing.dagbag.BundleDagBag","filename":"dagbag.py","lineno":460}
{"timestamp":"2026-08-21T11:04:51.821186Z","level":"info","event":"Pyspark imported, version: 3.5.2","logger":"unusual_prefix_377e48747e3957bb035dd88b74b86ec1d0ec8c25_stocks_etl_dag","filename":"stocks_etl_dag.py","lineno":24}
{"timestamp":"2026-08-21T11:04:52.956832Z","level":"info","event":"ETL function imported succesfully!","logger":"unusual_prefix_377e48747e3957bb035dd88b74b86ec1d0ec8c25_stocks_etl_dag","filename":"stocks_etl_dag.py","lineno":32}
{"timestamp":"2026-08-21T11:04:52.961491Z","level":"info","event":"DAG loaded sucessfully!","logger":"unusual_prefix_377e48747e3957bb035dd88b74b86ec1d0ec8c25_stocks_etl_dag","filename":"stocks_etl_dag.py","lineno":103}
{"timestamp":"2026-08-21T11:05:23.301105Z","level":"info","event":"Filling up the DagBag from /opt/airflow/dags/stocks_etl_dag.py","logger":"airflow.dag_processing.dagbag.BundleDagBag","filename":"dagbag.py","lineno":460}
{"timestamp":"2026-08-21T11:05:23.609664Z","level":"info","event":"Pyspark imported, version: 3.5.2","logger":"unusual_prefix_377e48747e3957bb035dd88b74b86ec1d0ec8c25_stocks_etl_dag","filename":"stocks_etl_dag.py","lineno":24}
{"timestamp":"2026-08-21T11:05:25.035167Z","level":"info","event":"ETL function imported succesfully!","logger":"unusual_prefix_377e48747e3957bb035dd88b74b86ec1d0ec8c25_stocks_etl_dag","filename":"stocks_etl_dag.py","lineno":32}
{"timestamp":"2026-08-21T11:05:25.039452Z","level":"info","event":"DAG loaded sucessfully!","logger":"unusual_prefix_377e48747e3957bb035dd88b74b86ec1d0ec8c25_stocks_etl_dag","filename":"stocks_etl_dag.py","lineno":103}
{"timestamp":"2026-08-21T11:05:55.383582Z","level":"info","event":"Filling up the DagBag from /opt/airflow/dags/stocks_etl_dag.py","logger":"airflow.dag_processing.dagbag.BundleDagBag","filename":"dagbag.py","lineno":460}
{"timestamp":"2026-08-21T11:05:56.261735Z","level":"info","event":"Pyspark imported, version: 3.5.2","logger":"unusual_prefix_377e48747e3957bb035dd88b74b86ec1d0ec8c25_stocks_etl_dag","filename":"stocks_etl_dag.py","lineno":24}
{"timestamp":"2026-08-21T11:06:01.559000Z","level":"info","event":"ETL function imported succesfully!","logger":"unusual_prefix_377e48747e3957bb035dd88b74b86ec1d0ec8c25_stocks_etl_dag","filename":"stocks_etl_dag.py","lineno":32}
{"timestamp":"2026-08-21T11:06:02.039040Z","level":"info","event":"DAG loaded sucessfully!","logger":"unusual_prefix_377e48747e3957bb035dd88b74b86ec1d0ec8c25_stocks_etl_dag","filename":"stocks_etl_dag.py","lineno":103}
{"timestamp":"2026-08-21T11:06:34.458915Z","level":"info","event":"Filling up the DagBag from /opt/airflow/dags/stocks_etl_dag.py","logger":"airflow.dag_processing.dagbag.BundleDagBag","filename":"dagbag.py","lineno":460}
{"timestamp":"2026-08-21T11:06:35.034214Z","level":"info","event":"Pyspark imported, version: 3.5.2","logger":"unusual_prefix_377e48747e3957bb035dd88b74b86ec1d0ec8c25_stocks_etl_dag","filename":"stocks_etl_dag.py","lineno":24}
{"timestamp":"2026-08-21T11:06:39.173026Z","level":"info","event":"ETL function imported succesfully!","logger":"unusual_prefix_377e48747e3957bb035dd88b74b86ec1d0ec8c25_stocks_etl_dag","filename":"stocks_etl_dag.py","lineno":32}
{"timestamp":"2026-08-21T11:06:39.222538Z","level":"info","event":"DAG loaded sucessfully!","logger":"unusual_prefix_377e48747e3957bb035dd88b74b86ec1d0ec8c25_stocks_etl_dag","filename":"stocks_etl_dag.py","lineno":103}
{"timestamp":"2026-08-21T11:07:10.241748Z","level":"info","event":"Filling up the DagBag from /opt/airflow/dags/stocks_etl_dag.py","logger":"airflow.dag_processing.dagbag.BundleDagBag","filename":"dagbag.py","lineno":460}
{"timestamp":"2026-08-21T11:07:10.519757Z","level":"info","event":"Pyspark imported, version: 3.5.2","logger":"unusual_prefix_377e48747e3957bb035dd88b74b86ec1d0ec8c25_stocks_etl_dag","filename":"stocks_etl_dag.py","lineno":24}
{"timestamp":"2026-08-21T11:07:11.408450Z","level":"info","event":"ETL function imported succesfully!","logger":"unusual_prefix_377e48747e3957bb035dd88b74b86ec1d0ec8c25_stocks_etl_dag","filename":"stocks_etl_dag.py","lineno":32}
{"timestamp":"2026-08-21T11:07:11.412292Z","level":"info","event":"DAG loaded sucessfully!","logger":"unusual_prefix_377e48747e3957bb035dd88b74b86ec1d0ec8c25_stocks_etl_dag","filename":"stocks_etl_dag.py","lineno":103}
{"timestamp":"2026-08-21T11:07:41.743269Z","level":"info","event":"Filling up the DagBag from /opt/airflow/dags/stocks_etl_dag.py","logger":"airflow.dag_processing.dagbag.BundleDagBag","filename":"dagbag.py","lineno":460}
{"timestamp":"2026-08-21T11:07:42.048249Z","level":"info","event":"Pyspark imported, version: 3.5.2","logger":"unusual_prefix_377e48747e3957bb035dd88b74b86ec1d0ec8c25_stocks_etl_dag","filename":"stocks_etl_dag.py","lineno":24}
{"timestamp":"2026-08-21T11:07:43.152992Z","level":"info","event":"ETL function imported succesfully!","logger":"unusual_prefix_377e48747e3957bb035dd88b74b86ec1d0ec8c25_stocks_etl_dag","filename":"stocks_etl_dag.py","lineno":32}
{"timestamp":"2026-08-21T11:07:43.171420Z","level":"info","event":"DAG loaded sucessfully!","logger":"unusual_prefix_377e48747e3957bb035dd88b74b86ec1d0ec8c25_stocks_etl_dag","filename":"stocks_etl_dag.py","lineno":103}
{"timestamp":"2026-08-21T11:08:13.473567Z","level":"info","event":"Filling up the DagBag from /opt/airflow/dags/stocks_etl_dag.py","logger":"airflow.dag_processing.dagbag.BundleDagBag","filename":"dagbag.py","lineno":460}
{"timestamp":"2026-08-21T11:08:13.745074Z","level":"info","event":"Pyspark imported, version: 3.5.2","logger":"unusual_prefix_377e48747e3957bb035dd88b74b86ec1d0ec8c25_stocks_etl_dag","filename":"stocks_etl_dag.py","lineno":24}
{"timestamp":"2026-08-21T11:08:14.780193Z","level":"info","event":"ETL function imported succesfully!","logger":"unusual_prefix_377e48747e3957bb035dd88b74b86ec1d0ec8c25_stocks_etl_dag","filename":"stocks_etl_dag.py","lineno":32}
{"timestamp":"2026-08-21T11:08:14.791105Z","level":"info","event":"DAG loaded sucessfully!","logger":"unusual_prefix_377e48747e3957bb035dd88b74b86ec1d0ec8c25_stocks_etl_dag","filename":"stocks_etl_dag.py","lineno":103}
{"timestamp":"2026-08-21T11:08:44.976174Z","level":"info","event":"Filling up the DagBag from /opt/airflow/dags/stocks_etl_dag.py","logger":"airflow.dag_processing.dagbag.BundleDagBag","filename":"dagbag.py","lineno":460}
{"timestamp":"2026-08-21T11:08:45.224208Z","level":"info","event":"Pyspark imported, version: 3.5.2","logger":"unusual_prefix_377e48747e3957bb035dd88b74b86ec1d0ec8c25_stocks_etl_dag","filename":"stocks_etl_dag.py","lineno":24}
{"timestamp":"2026-08-21T11:08:46.395023Z","level":"info","event":"ETL function imported succesfully!","logger":"unusual_prefix_377e48747e3957bb035dd88b74b86ec1d0ec8c25_stocks_etl_dag","filename":"stocks_etl_dag.py","lineno":32}
{"timestamp":"2026-08-21T11:08:46.399922Z","level":"info","event":"DAG loaded sucessfully!","logger":"unusual_prefix_377e48747e3957bb035dd88b74b86ec1d0ec8c25_stocks_etl_dag","filename":"stocks_etl_dag.py","lineno":103}
{"timestamp":"2026-08-21T11:09:16.712949Z","level":"info","event":"Filling up the DagBag from /opt/airflow/dags/stocks_etl_dag.py","logger":"airflow.dag_processing.dagbag.BundleDagBag","filename":"dagbag.py","lineno":460}
{"timestamp":"2026-08-21T11:09:16.977359Z","level":"info","event":"Pyspark imported, version: 3.5.2","logger":"unusual_prefix_377e48747e3957bb035dd88b74b86ec1d0ec8c25_stocks_etl_dag","filename":"stocks_etl_dag.py","lineno":24}
{"timestamp":"2026-08-21T11:09:17.851873Z","level":"info","event":"ETL function imported succesfully!","logger":"unusual_prefix_377e48747e3957bb035dd88b74b86ec1d0ec8c25_stocks_etl_dag","filename":"stocks_etl_dag.py","lineno":32}
{"timestamp":"2026-08-21T11:09:17.856990Z","level":"info","event":"DAG loaded sucessfully!","logger":"unusual_prefix_377e48747e3957bb035dd88b74b86ec1d0ec8c25_stocks_etl_dag","filename":"stocks_etl_dag.py","lineno":103}
{"timestamp":"2026-08-21T11:09:48.328058Z","level":"info","event":"Filling up the DagBag from /opt/airflow/dags/stocks_etl_dag.py","logger":"airflow.dag_processing.dagbag.BundleDagBag","filename":"dagbag.py","lineno":460}
{"timestamp":"2026-08-21T11:09:49.437762Z","level":"info","event":"Pyspark imported, version: 3.5.2","logger":"unusual_prefix_377e48747e3957bb035dd88b74b86ec1d0ec8c25_stocks_etl_dag","filename":"stocks_etl_dag.py","lineno":24}
{"timestamp":"2026-08-21T11:09:53.400855Z","level":"info","event":"ETL function imported succesfully!","logger":"unusual_prefix_377e48747e3957bb035dd88b74b86ec1d0ec8c25_stocks_etl_dag","filename":"stocks_etl_dag.py","lineno":32}
{"timestamp":"2026-08-21T11:09:53.481099Z","level":"info","event":"DAG loaded sucessfully!","logger":"unusual_prefix_377e48747e3957bb035dd88b74b86ec1d0ec8c25_stocks_etl_dag","filename":"stocks_etl_dag.py","lineno":103}
{"timestamp":"2026-08-21T11:10:24.464012Z","level":"info","event":"Filling up the DagBag from /opt/airflow/dags/stocks_etl_dag.py","logger":"airflow.dag_processing.dagbag.BundleDagBag","filename":"dagbag.py","lineno":460}
{"timestamp":"2026-08-21T11:10:25.275092Z","level":"info","event":"Pyspark imported, version: 3.5.2","logger":"unusual_prefix_377e48747e3957bb035dd88b74b86ec1d0ec8c25_stocks_etl_dag","filename":"stocks_etl_dag.py","lineno":24}
{"timestamp":"2026-08-21T11:10:29.422800Z","level":"info","event":"ETL function imported succesfully!","logger":"unusual_prefix_377e48747e3957bb035dd88b74b86ec1d0ec8c25_stocks_etl_dag","filename":"stocks_etl_dag.py","lineno":32}
{"timestamp":"2026-08-21T11:10:29.447901Z","level":"info","event":"DAG loaded sucessfully!","logger":"unusual_prefix_377e48747e3957bb035dd88b74b86ec1d0ec8c25_stocks_etl_dag","filename":"stocks_etl_dag.py","lineno":103}
